car_id,brand,fuel_type,transmission,owner_type,manufacture_year,mileage_km,engine_cc,accidents_reported,selling_price_usd
100001,Hyundai,Diesel,Automatic,First,2018,55652,2200,0,16675.0
100002,BMW,Hybrid,Manual,First,2012,82327,1800,0,26349.0
100003,Kia,Hybrid,Automatic,Second,2015,117490,1200,0,11994.0
100004,Audi,Diesel,Manual,Second,2014,62490,1800,0,24437.0
100005,Hyundai,Petrol,Automatic,First,2023,70994,1200,0,22729.0
100006,Nissan,Diesel,Automatic,First,2020,107039,3000,0,26542.0
100007,Ford,Diesel,Manual,Second,2023,81987,1000,1,19902.0
100008,Hyundai,Petrol,Manual,First,2021,79072,1400,0,17790.0
100009,Kia,Electric,Automatic,First,2019,3000,1000,0,24694.0
100010,Audi,Petrol,Manual,First,2020,56069,1800,0,31716.0
100011,BMW,Electric,Manual,Third,2016,70056,1600,0,32774.0
100012,Kia,Hybrid,Automatic,First,2016,69747,2000,0,20123.0
100013,Kia,Diesel,Automatic,First,2021,92483,1800,1,18707.0
100014,Ford,Electric,Automatic,First,2016,28304,2200,0,32044.0
100015,Mercedes,Diesel,Automatic,First,2025,34305,2200,1,45695.0
100016,Audi,Petrol,Automatic,First,2013,94167,3500,1,30975.0
100017,Honda,Petrol,Automatic,First,2024,97684,1800,1,32472.0
100018,Kia,Petrol,Automatic,First,2018,33976,3500,0,28781.0
100019,Mercedes,Petrol,Manual,First,2019,73074,1000,0,32750.0
100020,Honda,Diesel,Automatic,Second,2016,57680,3000,0,22831.0
100021,Audi,Petrol,Manual,First,2019,45672,1200,0,26265.0
100022,Toyota,Petrol,Automatic,Second,2017,29014,2200,0,25768.0
100023,Nissan,Diesel,Manual,First,2015,38096,1400,0,15485.0
100024,Mercedes,Hybrid,Manual,First,2018,40352,3500,1,44730.0
100025,Volkswagen,Petrol,Automatic,Second,2019,111551,2000,0,21138.0
100026,Toyota,Petrol,Manual,First,2020,79860,1800,1,24249.0
100027,Nissan,Petrol,Manual,First,2016,73525,2000,0,17325.0
100028,Ford,Diesel,Manual,First,2020,31401,3500,1,29305.0
100029,Hyundai,Petrol,Manual,Second,2019,104743,1800,1,18012.0
100030,BMW,Diesel,Automatic,Second,2012,108289,3000,1,27752.0
100031,Volkswagen,Petrol,Automatic,First,2019,72358,2500,1,25836.0
100032,Ford,Petrol,Automatic,Second,2019,68983,1000,0,17624.0
100033,Audi,Electric,Automatic,First,2024,69063,3000,1,55533.0
100034,Ford,Petrol,Automatic,Third,2018,87212,1200,0,14530.0
100035,Hyundai,Petrol,Manual,First,2012,21170,1800,0,12575.0
100036,Audi,Petrol,Automatic,Second,2017,33058,2000,0,32675.0
100037,Volkswagen,Diesel,Manual,First,2013,40997,3500,2,19651.0
100038,Hyundai,Diesel,Automatic,First,2017,50903,1000,1,15983.0
100039,Honda,Petrol,Automatic,First,2022,74160,2200,0,30657.0
100040,BMW,Petrol,Automatic,Second,2013,95531,2500,1,27156.0
100041,Volkswagen,Petrol,Automatic,Second,2024,92918,1000,0,23391.0
100042,Honda,Diesel,Manual,First,2013,17853,3500,1,27930.0
100043,Nissan,Hybrid,Manual,Second,2025,121735,1600,0,24570.0
100044,Volkswagen,Diesel,Automatic,Second,2018,131324,1200,1,14523.0
100045,Nissan,Diesel,Manual,Second,2022,114273,1800,0,23365.0
100046,Audi,Petrol,Manual,First,2021,44311,1200,0,31078.0
100047,Honda,Petrol,Automatic,First,2012,50225,3000,0,23426.0
100048,BMW,Petrol,Manual,First,2016,17745,3000,0,36264.0
100049,Hyundai,Petrol,Manual,First,2012,73593,3500,2,14878.0
100050,Kia,Petrol,Automatic,Second,2020,73165,1800,0,20844.0
100051,Ford,Diesel,Manual,Second,2016,54080,1800,0,16285.0
100052,Toyota,Diesel,Automatic,Second,2016,37595,1600,0,21559.0
100053,BMW,Electric,Automatic,First,2015,71672,1000,0,35716.0
100054,Honda,Petrol,Automatic,Second,2014,59925,3500,0,26804.0
100055,Kia,Diesel,Manual,First,2019,76684,1400,0,15599.0
100056,BMW,Hybrid,Manual,Third,2018,111851,1600,2,28073.0
100057,Honda,Diesel,Automatic,First,2020,85077,2200,1,27391.0
100058,Mercedes,Petrol,Automatic,Second,2017,72276,2200,0,32774.0
100059,Mercedes,Petrol,Automatic,Second,2012,70940,2200,1,28440.0
100060,Nissan,Petrol,Manual,Third,2016,33862,2200,0,12877.0
100061,BMW,Petrol,Automatic,First,2016,63446,1600,2,30482.0
100062,Mercedes,Diesel,Manual,First,2018,74338,3000,1,35491.0
100063,Honda,Petrol,Manual,First,2021,92670,1600,0,24892.0
100064,Nissan,Petrol,Manual,First,2012,85117,2000,0,11827.0
100065,Honda,Diesel,Automatic,Second,2012,57244,1000,0,13026.0
100066,Nissan,Hybrid,Automatic,Third,2024,106225,1000,2,17545.0
100067,BMW,Diesel,Automatic,First,2017,6523,2000,1,37291.0
100068,Kia,Diesel,Automatic,Second,2017,82056,1000,0,11319.0
100069,Hyundai,Petrol,Manual,Second,2020,36347,1000,1,17508.0
100070,Volkswagen,Petrol,Automatic,First,2014,110955,2000,0,19716.0
100071,Kia,Petrol,Automatic,First,2023,94725,2500,0,29814.0
100072,Audi,Diesel,Manual,Second,2016,20884,3000,0,33188.0
100073,Honda,Electric,Automatic,Third,2016,34877,2000,1,29460.0
100074,Audi,Petrol,Automatic,First,2012,13023,1000,0,25255.0
100075,Kia,Diesel,Manual,First,2017,87743,2200,0,17971.0
100076,Nissan,Petrol,Automatic,First,2015,78573,1200,0,13137.0
100077,Volkswagen,Diesel,Manual,Second,2023,92229,2200,0,25545.0
100078,Volkswagen,Petrol,Manual,First,2017,3000,3500,2,28764.0
100079,Toyota,Petrol,Manual,First,2024,40396,3500,0,39413.0
100080,Volkswagen,Hybrid,Automatic,Second,2024,87040,1600,0,29968.0
100081,Hyundai,Diesel,Automatic,Second,2019,103283,1000,0,11939.0
100082,Volkswagen,Diesel,Automatic,Second,2019,54553,3000,0,26945.0
100083,Kia,Petrol,Automatic,First,2024,73623,1000,0,23548.0
100084,Toyota,Petrol,Manual,First,2014,88476,2200,0,21394.0
100085,Kia,Petrol,Manual,Second,2020,111367,2000,0,19229.0
100086,Kia,Hybrid,Automatic,Second,2022,18334,2200,1,27872.0
100087,Ford,Electric,Manual,Second,2024,58629,3500,1,36249.0
100088,Toyota,Petrol,Manual,Third,2015,19332,1000,1,16434.0
100089,Kia,Petrol,Automatic,Second,2012,78794,1000,1,4702.0
100090,Ford,Hybrid,Automatic,First,2020,21573,2000,0,30796.0
100091,Ford,Petrol,Automatic,First,2025,64987,2500,1,30999.0
100092,Toyota,Diesel,Manual,Second,2024,68498,1400,2,25002.0
100093,Audi,Petrol,Automatic,Second,2016,40712,3500,1,35768.0
100094,Nissan,Diesel,Manual,First,2024,95051,1200,0,24906.0
100095,Hyundai,Diesel,Automatic,Second,2019,72038,1600,1,20321.0
100096,Nissan,Hybrid,Manual,First,2024,66407,2500,2,27692.0
100097,Volkswagen,Hybrid,Automatic,Second,2018,44213,3000,0,34050.0
100098,Hyundai,Petrol,Manual,First,2016,59081,2000,0,19730.0
100099,Volkswagen,Diesel,Manual,First,2019,37746,2200,1,26492.0
100100,Kia,Hybrid,Automatic,Second,2024,55600,1000,0,27447.0
100101,Honda,Petrol,Manual,First,2012,65354,1800,1,17263.0
100102,Toyota,Petrol,Manual,First,2022,142788,2000,1,23428.0
100103,Hyundai,Petrol,Manual,First,2015,62707,3500,0,21557.0
100104,Hyundai,Diesel,Automatic,Second,2016,43681,2000,0,18189.0
100105,Kia,Petrol,Automatic,Second,2015,26413,2000,1,15830.0
100106,Audi,Diesel,Manual,Third,2017,84180,2200,1,29290.0
100107,Ford,Petrol,Manual,Second,2020,33626,1600,0,23760.0
100108,Kia,Hybrid,Automatic,Second,2023,76417,1800,0,25494.0
100109,Mercedes,Petrol,Manual,First,2012,106494,2000,0,25435.0
100110,Ford,Petrol,Automatic,First,2021,87772,3000,1,26290.0
100111,Toyota,Diesel,Manual,First,2022,36924,1600,0,29580.0
100112,Ford,Diesel,Automatic,Second,2013,72134,1600,0,12583.0
100113,Audi,Petrol,Automatic,Second,2012,103745,2200,2,21640.0
100114,Ford,Petrol,Automatic,First,2018,75131,1000,1,14393.0
100115,Toyota,Petrol,Automatic,First,2025,58848,2200,1,35275.0
100116,Audi,Diesel,Automatic,First,2013,91828,2500,1,27057.0
100117,Nissan,Hybrid,Automatic,First,2020,80122,1200,0,22766.0
100118,Hyundai,Diesel,Automatic,Second,2019,69053,1600,2,16120.0
100119,Hyundai,Diesel,Automatic,Second,2021,85370,1600,2,18165.0
100120,Volkswagen,Diesel,Manual,Second,2012,73716,3500,0,19068.0
100121,Nissan,Petrol,Automatic,First,2014,51194,3500,0,24302.0
100122,Nissan,Electric,Automatic,Third,2017,70889,2000,0,23784.0
100123,Ford,Hybrid,Manual,First,2022,57241,2200,0,29656.0
100124,Hyundai,Petrol,Manual,First,2014,99566,2200,2,11217.0
100125,Toyota,Petrol,Manual,Second,2020,56840,1600,0,23478.0
100126,BMW,Petrol,Automatic,First,2023,56934,1400,0,37122.0
100127,BMW,Petrol,Manual,First,2021,89653,1600,2,29759.0
100128,Audi,Diesel,Manual,First,2021,58005,3000,0,38605.0
100129,Hyundai,Diesel,Automatic,Second,2013,67869,3500,1,16947.0
100130,Hyundai,Hybrid,Manual,Second,2017,54761,2200,0,20115.0
100131,BMW,Diesel,Automatic,Second,2013,41541,1400,0,25519.0
100132,Hyundai,Diesel,Automatic,Second,2014,56064,1400,0,11860.0
100133,Ford,Diesel,Automatic,First,2023,46587,1800,1,26095.0
100134,Mercedes,Petrol,Manual,First,2021,147346,2500,0,36506.0
100135,Honda,Petrol,Automatic,First,2023,56703,1800,1,27831.0
100136,Nissan,Diesel,Automatic,Second,2020,50715,2000,0,22124.0
100137,Volkswagen,Petrol,Automatic,First,2020,91007,3000,0,32179.0
100138,Audi,Petrol,Automatic,Third,2025,89432,3000,0,41950.0
100139,Mercedes,Hybrid,Automatic,First,2013,37806,2000,0,36770.0
100140,BMW,Diesel,Automatic,Second,2024,71890,1800,0,38229.0
100141,Nissan,Petrol,Automatic,Third,2019,57070,2500,1,20504.0
100142,Hyundai,Diesel,Manual,First,2025,73555,1000,0,21701.0
100143,Volkswagen,Hybrid,Automatic,Second,2014,57037,1400,0,22508.0
100144,Hyundai,Petrol,Automatic,First,2025,3115,2000,0,33046.0
100145,Toyota,Petrol,Automatic,First,2013,81488,2500,1,20587.0
100146,Toyota,Electric,Automatic,First,2022,78526,2000,0,34675.0
100147,Volkswagen,Petrol,Automatic,Second,2021,27989,3500,0,35882.0
100148,Volkswagen,Petrol,Automatic,First,2019,94864,2000,0,22032.0
100149,BMW,Diesel,Manual,First,2014,94878,1600,0,22955.0
100150,Volkswagen,Hybrid,Automatic,Third,2024,101018,2200,1,26982.0
100151,Ford,Petrol,Automatic,First,2019,18539,2200,0,27191.0
100152,Hyundai,Petrol,Automatic,First,2024,90329,1000,0,19687.0
100153,Mercedes,Petrol,Manual,Third,2017,39647,1400,0,26301.0
100154,Kia,Electric,Manual,First,2012,28328,3000,0,26603.0
100155,Volkswagen,Petrol,Automatic,First,2025,49579,2000,0,33298.0
100156,Audi,Diesel,Automatic,Second,2013,58147,1600,0,23257.0
100157,Toyota,Electric,Manual,First,2024,49609,2500,2,38936.0
100158,Ford,Petrol,Automatic,First,2024,100583,2200,0,28523.0
100159,Nissan,Electric,Automatic,First,2025,33929,3500,0,44737.0
100160,Kia,Electric,Automatic,Second,2013,94173,2000,0,18753.0
100161,Mercedes,Hybrid,Automatic,First,2025,52107,1600,1,49349.0
100162,Kia,Petrol,Manual,First,2018,67827,1600,0,14483.0
100163,Volkswagen,Diesel,Manual,First,2017,56666,2500,0,20243.0
100164,BMW,Hybrid,Manual,First,2025,40763,1400,0,41712.0
100165,Toyota,Electric,Automatic,Second,2013,40072,3000,2,29845.0
100166,Toyota,Petrol,Automatic,First,2012,25676,2500,0,23895.0
100167,Nissan,Hybrid,Automatic,Second,2016,23001,1600,1,19008.0
100168,BMW,Petrol,Manual,First,2022,59813,1400,0,35462.0
100169,Hyundai,Petrol,Manual,First,2013,106193,1600,0,6421.0
100170,Honda,Petrol,Automatic,First,2021,31456,1200,0,27468.0
100171,Ford,Hybrid,Automatic,First,2021,70272,2000,0,28878.0
100172,Toyota,Diesel,Automatic,First,2017,60542,1400,0,21400.0
100173,Audi,Diesel,Manual,Second,2025,103763,1400,0,31938.0
100174,Toyota,Electric,Automatic,Second,2013,79268,1000,0,21754.0
100175,Kia,Petrol,Automatic,First,2024,45501,2500,0,30053.0
100176,Toyota,Diesel,Automatic,Second,2022,29307,2500,1,30634.0
100177,Toyota,Petrol,Automatic,Third,2020,7179,3000,0,32033.0
100178,Honda,Petrol,Manual,First,2023,42136,1800,1,27375.0
100179,Honda,Diesel,Manual,First,2024,129851,1600,0,23179.0
100180,Mercedes,Electric,Manual,Second,2016,47376,3000,0,45550.0
100181,Hyundai,Diesel,Manual,First,2018,8401,1400,0,15412.0
100182,Audi,Hybrid,Automatic,Second,2015,15541,1600,0,32454.0
100183,Toyota,Petrol,Automatic,Third,2023,112509,2500,2,24237.0
100184,Toyota,Petrol,Automatic,First,2013,51604,1200,0,16917.0
100185,Ford,Diesel,Manual,Second,2014,77092,1400,0,13506.0
100186,Honda,Petrol,Automatic,First,2024,74359,1400,0,30828.0
100187,Audi,Petrol,Manual,First,2016,46106,2500,1,29848.0
100188,Nissan,Diesel,Automatic,First,2012,50821,1200,1,10639.0
100189,Mercedes,Petrol,Automatic,First,2023,36843,2500,1,43935.0
100190,Hyundai,Petrol,Manual,First,2015,10183,2200,2,13099.0
100191,BMW,Diesel,Manual,First,2024,95731,1000,2,28929.0
100192,Hyundai,Diesel,Automatic,Second,2015,89051,2500,0,15415.0
100193,Kia,Electric,Automatic,First,2013,64427,1000,0,16316.0
100194,Toyota,Diesel,Manual,First,2020,67280,3000,1,28792.0
100195,Mercedes,Petrol,Manual,First,2024,94601,1000,0,35061.0
100196,Kia,Electric,Automatic,First,2017,3000,1800,0,29448.0
100197,Audi,Hybrid,Automatic,First,2020,80537,2500,1,39220.0
100198,BMW,Petrol,Automatic,Second,2017,95925,1600,0,28894.0
100199,Honda,Petrol,Automatic,First,2013,121722,2000,0,15070.0
100200,Mercedes,Diesel,Manual,Second,2012,92824,1000,0,16205.0
100201,Mercedes,Diesel,Automatic,First,2025,112860,1400,0,38982.0
100202,Toyota,Hybrid,Automatic,Second,2015,58432,1800,1,24435.0
100203,Volkswagen,Diesel,Automatic,First,2024,65515,1200,1,27859.0
100204,Mercedes,Diesel,Automatic,First,2012,40782,1000,0,25709.0
100205,Ford,Electric,Automatic,Second,2019,46747,3000,0,36187.0
100206,BMW,Diesel,Automatic,First,2022,93337,2500,0,36749.0
100207,BMW,Petrol,Automatic,Second,2024,78035,1400,0,35761.0
100208,Ford,Hybrid,Automatic,Second,2012,80827,2000,1,17089.0
100209,Nissan,Petrol,Automatic,First,2016,18951,2500,0,20475.0
100210,Ford,Hybrid,Automatic,Second,2025,79988,2000,1,30769.0
100211,Ford,Electric,Automatic,Second,2020,106110,2500,1,27489.0
100212,BMW,Diesel,Automatic,First,2012,78460,1400,1,23381.0
100213,Hyundai,Diesel,Automatic,First,2015,36267,1600,1,16910.0
100214,BMW,Diesel,Automatic,Second,2019,63944,2500,0,37109.0
100215,Volkswagen,Petrol,Manual,First,2019,107691,3500,0,27431.0
100216,Toyota,Petrol,Manual,First,2012,74412,3500,0,22115.0
100217,Kia,Diesel,Automatic,Second,2019,103135,2500,0,18336.0
100218,Hyundai,Hybrid,Manual,Second,2022,122613,2000,0,22382.0
100219,Honda,Diesel,Automatic,Second,2023,59560,3500,0,37582.0
100220,Kia,Petrol,Automatic,Second,2014,33221,2000,0,17489.0
100221,Toyota,Diesel,Automatic,First,2025,50220,3000,0,37659.0
100222,Volkswagen,Hybrid,Automatic,First,2022,123057,2500,0,31264.0
100223,Volkswagen,Diesel,Automatic,Second,2018,90298,1400,0,18898.0
100224,Honda,Diesel,Manual,First,2021,72546,2200,0,27620.0
100225,Hyundai,Hybrid,Manual,Second,2022,97563,3000,1,26738.0
100226,Nissan,Diesel,Automatic,First,2012,51739,3500,0,22294.0
100227,Ford,Petrol,Automatic,First,2016,55514,1400,2,14669.0
100228,Hyundai,Hybrid,Automatic,Second,2015,44104,3000,0,22238.0
100229,Nissan,Petrol,Automatic,First,2015,130457,1800,0,14847.0
100230,Volkswagen,Electric,Manual,First,2023,70866,3500,0,39178.0
100231,BMW,Petrol,Manual,First,2016,62108,3000,0,35925.0
100232,Toyota,Petrol,Manual,First,2014,71790,1000,0,13886.0
100233,Honda,Hybrid,Manual,First,2025,62469,1600,0,33240.0
100234,Toyota,Petrol,Automatic,First,2018,39510,3000,1,29497.0
100235,Audi,Diesel,Automatic,Second,2013,97563,3000,0,30333.0
100236,Audi,Hybrid,Automatic,Second,2012,14675,2000,0,33965.0
100237,Hyundai,Hybrid,Automatic,First,2017,71486,3500,0,28595.0
100238,Volkswagen,Electric,Manual,First,2023,84129,2000,1,31495.0
100239,Volkswagen,Petrol,Automatic,Second,2012,19386,1400,0,15071.0
100240,Ford,Diesel,Automatic,Second,2022,79015,3500,0,33014.0
100241,Ford,Petrol,Manual,First,2018,51664,1800,0,20515.0
100242,Ford,Petrol,Manual,First,2019,15925,2500,0,29333.0
100243,BMW,Hybrid,Automatic,First,2025,70665,1200,1,40517.0
100244,Kia,Petrol,Manual,First,2013,92887,1200,0,9481.0
100245,Mercedes,Diesel,Automatic,Second,2015,158297,1600,2,20879.0
100246,Kia,Diesel,Automatic,Third,2018,53264,3000,0,20531.0
100247,Toyota,Diesel,Automatic,Second,2022,79909,1800,0,24925.0
100248,Kia,Electric,Automatic,Third,2017,92974,1400,1,18358.0
100249,BMW,Petrol,Automatic,First,2013,69200,2500,1,26445.0
100250,Toyota,Diesel,Automatic,Second,2025,86961,2200,1,33207.0
100251,Kia,Hybrid,Manual,First,2015,52201,3000,0,21043.0
100252,BMW,Diesel,Manual,First,2014,59647,3500,0,35071.0
100253,Mercedes,Petrol,Automatic,Second,2020,27345,2000,0,41101.0
100254,Kia,Diesel,Manual,First,2017,53788,1200,0,15575.0
100255,BMW,Petrol,Automatic,First,2024,15559,1000,0,38711.0
100256,Ford,Petrol,Automatic,Second,2023,18360,1800,0,33235.0
100257,Volkswagen,Hybrid,Manual,First,2013,91490,2200,0,22359.0
100258,Ford,Diesel,Automatic,Second,2013,26218,2200,0,20313.0
100259,Volkswagen,Electric,Automatic,First,2024,93095,1200,1,31664.0
100260,Honda,Hybrid,Manual,Second,2024,60247,2000,0,32111.0
100261,Honda,Diesel,Automatic,First,2014,60314,1000,0,21446.0
100262,Honda,Petrol,Manual,First,2016,42774,1000,1,17323.0
100263,Mercedes,Petrol,Automatic,First,2023,64084,1200,0,36709.0
100264,Ford,Petrol,Automatic,Second,2017,111241,1800,1,15266.0
100265,Volkswagen,Electric,Automatic,Second,2016,43292,3500,2,30257.0
100266,BMW,Petrol,Automatic,First,2023,54595,3500,0,45428.0
100267,Toyota,Petrol,Automatic,First,2012,88635,1200,0,15309.0
100268,BMW,Diesel,Manual,First,2024,30305,3500,0,47819.0
100269,Toyota,Petrol,Automatic,Second,2012,27509,1400,0,18066.0
100270,Audi,Petrol,Automatic,First,2018,63552,3000,0,34918.0
100271,BMW,Diesel,Automatic,First,2025,100979,1800,0,40153.0
100272,Kia,Petrol,Automatic,Second,2021,62379,1400,1,17291.0
100273,Kia,Petrol,Manual,Second,2025,56749,1800,1,23670.0
100274,Hyundai,Petrol,Manual,First,2018,63980,1400,1,17375.0
100275,Ford,Diesel,Manual,First,2024,62300,1800,0,29590.0
100276,Toyota,Diesel,Automatic,Second,2021,45580,3500,0,36976.0
100277,Toyota,Petrol,Automatic,Second,2017,92918,2000,1,20909.0
100278,Ford,Diesel,Automatic,First,2020,71735,3000,0,29057.0
100279,Mercedes,Petrol,Manual,First,2013,49655,1200,1,23050.0
100280,Hyundai,Electric,Manual,First,2012,66914,1400,0,16737.0
100281,Mercedes,Petrol,Automatic,Second,2022,55231,2000,1,36086.0
100282,Mercedes,Diesel,Automatic,Second,2017,22375,1200,0,28789.0
100283,Mercedes,Hybrid,Manual,First,2017,130037,2500,2,31301.0
100284,Ford,Hybrid,Manual,First,2020,68958,3500,1,28790.0
100285,Mercedes,Petrol,Manual,First,2022,35074,2200,1,37981.0
100286,Kia,Petrol,Automatic,Second,2021,30618,1000,0,20277.0
100287,Honda,Diesel,Manual,First,2012,20426,1800,0,14831.0
100288,Audi,Petrol,Automatic,First,2022,42936,1800,0,37870.0
100289,Toyota,Hybrid,Manual,Second,2012,29422,1000,0,18259.0
100290,Toyota,Diesel,Manual,Second,2023,58464,2000,1,29539.0
100291,Audi,Diesel,Manual,Second,2025,114226,1200,0,30037.0
100292,Ford,Petrol,Manual,First,2023,43945,1400,0,22724.0
100293,BMW,Diesel,Automatic,Second,2021,162943,1800,0,26283.0
100294,Ford,Diesel,Automatic,Second,2023,84655,2000,1,25746.0
100295,Toyota,Hybrid,Automatic,Second,2017,130865,1200,0,19114.0
100296,Toyota,Petrol,Automatic,First,2016,26144,1600,1,22125.0
100297,Audi,Petrol,Automatic,First,2022,43985,1400,0,35867.0
100298,Mercedes,Petrol,Automatic,Second,2017,45577,1000,0,31683.0
100299,Ford,Petrol,Manual,Third,2017,62710,1600,0,11722.0
100300,Volkswagen,Diesel,Automatic,Second,2024,85406,2000,1,26413.0
100301,Audi,Electric,Manual,Second,2015,19302,3500,0,42715.0
100302,Kia,Petrol,Manual,First,2021,91092,2200,0,21744.0
100303,Toyota,Hybrid,Automatic,First,2019,43982,2000,0,31805.0
100304,Audi,Petrol,Automatic,Second,2016,119702,1000,0,24961.0
100305,Ford,Petrol,Automatic,Second,2017,75591,1800,0,19126.0
100306,Toyota,Petrol,Manual,Second,2013,102609,1800,0,11738.0
100307,BMW,Petrol,Automatic,Third,2012,51320,2000,0,24381.0
100308,Audi,Electric,Automatic,First,2019,81476,1800,0,41489.0
100309,Hyundai,Petrol,Manual,First,2017,50876,3000,0,22537.0
100310,Toyota,Diesel,Automatic,Third,2024,83275,2000,0,30948.0
100311,Ford,Diesel,Manual,First,2020,72164,3000,0,29951.0
100312,Honda,Electric,Automatic,Second,2016,110982,1600,0,28563.0
100313,Volkswagen,Petrol,Manual,Second,2019,93201,1400,1,14760.0
100314,Nissan,Petrol,Manual,First,2018,79263,2000,0,19019.0
100315,Mercedes,Petrol,Manual,Second,2022,70705,1000,0,32390.0
100316,Nissan,Petrol,Automatic,First,2021,67306,3500,0,31759.0
100317,Ford,Petrol,Automatic,Second,2012,20333,1800,0,17604.0
100318,Kia,Hybrid,Manual,First,2018,31093,1200,0,21902.0
100319,Kia,Diesel,Automatic,Second,2015,37893,2000,0,16559.0
100320,Honda,Diesel,Automatic,Second,2024,114757,1400,0,25829.0
100321,Mercedes,Diesel,Manual,First,2017,49025,3000,1,33300.0
100322,Hyundai,Petrol,Automatic,Second,2020,51526,1200,0,17690.0
100323,Honda,Petrol,Automatic,Third,2024,83301,1000,0,27220.0
100324,Nissan,Electric,Manual,Second,2024,37468,2200,1,31341.0
100325,Honda,Hybrid,Automatic,Third,2024,107369,1800,0,32413.0
100326,Nissan,Hybrid,Automatic,First,2020,3000,1000,1,23399.0
100327,Toyota,Hybrid,Manual,First,2020,102044,1800,1,27112.0
100328,Kia,Petrol,Manual,First,2016,120683,1600,1,10184.0
100329,Toyota,Petrol,Automatic,Third,2015,75280,1000,0,14194.0
100330,Volkswagen,Petrol,Manual,First,2017,44142,2500,0,19204.0
100331,Mercedes,Petrol,Manual,First,2021,93493,1600,2,31526.0
100332,Hyundai,Petrol,Automatic,First,2016,42660,3500,1,24160.0
100333,Nissan,Diesel,Automatic,First,2023,128345,2200,1,25069.0
100334,Hyundai,Diesel,Automatic,Third,2021,82022,2000,0,20835.0
100335,Nissan,Hybrid,Manual,First,2016,37508,3000,0,24924.0
100336,Ford,Diesel,Manual,Third,2019,89873,1000,1,10829.0
100337,Honda,Electric,Automatic,First,2021,34003,3500,1,46306.0
100338,Volkswagen,Petrol,Manual,Second,2016,41284,3000,0,24278.0
100339,Kia,Petrol,Manual,First,2012,88194,2500,0,11368.0
100340,Nissan,Diesel,Automatic,First,2016,43935,1800,1,18104.0
100341,Hyundai,Petrol,Manual,First,2024,68711,1400,0,23280.0
100342,Volkswagen,Petrol,Automatic,First,2016,82352,3500,0,28001.0
100343,BMW,Petrol,Manual,First,2016,44810,1200,0,25196.0
100344,BMW,Petrol,Automatic,First,2023,48656,3000,1,41433.0
100345,Toyota,Diesel,Manual,First,2014,116528,1400,0,17302.0
100346,Kia,Petrol,Manual,First,2023,85442,1600,1,20307.0
100347,Ford,Diesel,Automatic,Second,2023,64688,2000,1,24648.0
100348,Hyundai,Diesel,Manual,First,2020,62437,1800,0,17417.0
100349,Honda,Petrol,Automatic,Second,2016,29204,2000,1,21308.0
100350,Honda,Petrol,Manual,Third,2023,79333,1200,0,20564.0
100351,Hyundai,Petrol,Automatic,First,2013,68362,1800,0,12092.0
100352,Mercedes,Petrol,Automatic,First,2016,92506,1600,1,29437.0
100353,Ford,Diesel,Manual,First,2020,3000,1000,0,24480.0
100354,Volkswagen,Hybrid,Manual,First,2025,58981,1600,0,32408.0
100355,Nissan,Diesel,Manual,Second,2019,62377,1200,0,15040.0
100356,Mercedes,Petrol,Manual,First,2017,75157,2200,0,31678.0
100357,Nissan,Diesel,Automatic,First,2020,71977,2200,0,23069.0
100358,Nissan,Diesel,Automatic,First,2018,80788,1800,0,15744.0
100359,Mercedes,Diesel,Automatic,Second,2013,59133,1000,0,23163.0
100360,Toyota,Diesel,Manual,Second,2025,27572,1000,0,29116.0
100361,BMW,Diesel,Manual,Third,2012,21224,2200,2,24586.0
100362,Nissan,Diesel,Manual,Third,2025,63145,3500,1,34336.0
100363,Mercedes,Diesel,Automatic,First,2024,154951,1000,0,33207.0
100364,Mercedes,Petrol,Manual,First,2014,82488,1200,1,24688.0
100365,Audi,Diesel,Manual,First,2022,141190,1600,1,27671.0
100366,Toyota,Petrol,Manual,First,2015,85847,1800,0,18823.0
100367,Kia,Petrol,Automatic,First,2020,33396,1000,0,20262.0
100368,Audi,Electric,Automatic,First,2016,61156,1000,0,33546.0
100369,Audi,Electric,Manual,First,2013,141033,1400,0,27992.0
100370,Hyundai,Petrol,Manual,First,2021,88252,1000,0,17103.0
100371,BMW,Petrol,Manual,Second,2016,87359,1400,0,28737.0
100372,Mercedes,Petrol,Manual,Third,2024,44230,1800,0,37627.0
100373,BMW,Diesel,Automatic,First,2013,65171,1400,0,20358.0
100374,Ford,Hybrid,Automatic,First,2020,32897,3500,1,38763.0
100375,Hyundai,Electric,Manual,First,2017,51947,2500,0,25813.0
100376,Kia,Diesel,Automatic,Second,2023,69772,1800,0,23671.0
100377,BMW,Petrol,Automatic,Third,2023,46510,1800,1,39603.0
100378,Honda,Diesel,Automatic,First,2023,93707,2000,0,28469.0
100379,Nissan,Petrol,Automatic,First,2016,47662,1600,0,18850.0
100380,Ford,Electric,Automatic,First,2013,74636,1800,0,22708.0
100381,Toyota,Hybrid,Automatic,First,2018,94637,2000,0,28954.0
100382,Kia,Diesel,Manual,Second,2018,127316,2000,1,17172.0
100383,Ford,Petrol,Manual,First,2013,75976,1800,0,14123.0
100384,Nissan,Petrol,Automatic,Third,2021,34205,3500,0,30042.0
100385,Hyundai,Petrol,Automatic,First,2017,64540,2000,1,19949.0
100386,Nissan,Hybrid,Manual,Second,2021,123805,3000,1,22888.0
100387,Audi,Diesel,Manual,First,2021,93502,2500,0,38680.0
100388,Nissan,Petrol,Automatic,First,2014,70781,1600,0,15296.0
100389,Audi,Diesel,Automatic,Second,2019,82224,1200,0,26767.0
100390,Hyundai,Hybrid,Automatic,Third,2025,73388,1600,1,25822.0
100391,Volkswagen,Petrol,Automatic,Second,2016,26723,2000,0,18580.0
100392,Audi,Hybrid,Automatic,Second,2019,71162,3500,0,38636.0
100393,Toyota,Hybrid,Manual,Second,2018,44120,2200,0,27742.0
100394,Nissan,Electric,Manual,First,2025,48629,1600,1,33773.0
100395,Nissan,Petrol,Manual,Second,2024,56495,1400,0,20761.0
100396,Toyota,Petrol,Automatic,Second,2022,3000,1000,0,27630.0
100397,Honda,Petrol,Manual,First,2019,59970,2200,0,27234.0
100398,Mercedes,Petrol,Automatic,First,2023,14615,1000,0,40740.0
100399,Volkswagen,Petrol,Automatic,Second,2012,90115,2500,0,15643.0
100400,Kia,Diesel,Manual,Second,2017,3449,1800,0,19076.0
100401,Audi,Diesel,Manual,First,2024,12956,2500,1,41205.0
100402,Toyota,Hybrid,Automatic,Second,2024,8551,1200,1,33823.0
100403,Hyundai,Petrol,Manual,Second,2022,74364,1400,2,15396.0
100404,Audi,Diesel,Manual,First,2024,64820,1600,0,37329.0
100405,Mercedes,Hybrid,Automatic,Second,2024,116200,1200,0,38254.0
100406,Hyundai,Hybrid,Manual,First,2023,77964,1600,1,23114.0
100407,Ford,Hybrid,Manual,First,2014,12189,2000,0,23359.0
100408,Nissan,Diesel,Manual,Second,2025,39753,2200,0,31091.0
100409,Ford,Electric,Automatic,Third,2016,70786,2000,0,19130.0
100410,Audi,Petrol,Automatic,First,2013,74945,2200,0,27717.0
100411,Mercedes,Diesel,Automatic,Second,2022,11306,1200,0,36045.0
100412,Volkswagen,Petrol,Automatic,First,2015,92059,1000,0,12935.0
100413,Audi,Petrol,Manual,Second,2017,39011,3000,1,29164.0
100414,Toyota,Petrol,Automatic,Second,2012,39618,2200,1,19361.0
100415,BMW,Petrol,Manual,Second,2024,97204,1200,0,33285.0
100416,Audi,Petrol,Automatic,Second,2013,65321,2200,0,28368.0
100417,Nissan,Petrol,Manual,Second,2013,75194,1600,0,9757.0
100418,Nissan,Petrol,Automatic,First,2020,80856,1400,0,23716.0
100419,Audi,Electric,Automatic,First,2022,18282,1600,2,42568.0
100420,Hyundai,Petrol,Manual,First,2023,72488,1800,1,20112.0
100421,BMW,Diesel,Automatic,Second,2016,122745,3000,0,31532.0
100422,Toyota,Petrol,Automatic,First,2016,58729,1600,0,19535.0
100423,Audi,Electric,Automatic,First,2017,76261,3000,0,42098.0
100424,Hyundai,Hybrid,Automatic,Second,2024,141239,1600,1,21457.0
100425,Nissan,Diesel,Manual,Second,2021,111325,1000,2,15804.0
100426,Nissan,Diesel,Manual,Second,2014,51830,1000,1,7404.0
100427,Mercedes,Petrol,Automatic,First,2020,79728,1600,0,29384.0
100428,Audi,Electric,Automatic,First,2014,87612,1600,1,29186.0
100429,BMW,Hybrid,Manual,First,2015,129730,3500,0,34394.0
100430,Honda,Hybrid,Manual,First,2023,37614,2200,0,31238.0
100431,BMW,Diesel,Manual,First,2020,157049,1000,1,21665.0
100432,Nissan,Petrol,Manual,First,2021,73678,1800,0,23117.0
100433,Nissan,Hybrid,Automatic,First,2019,55615,3500,0,33050.0
100434,Ford,Petrol,Automatic,Second,2017,83649,2500,0,24570.0
100435,Nissan,Diesel,Automatic,First,2019,54112,2500,0,24671.0
100436,Toyota,Petrol,Automatic,First,2012,54956,2200,0,24905.0
100437,Kia,Electric,Manual,Second,2025,47930,1600,0,29365.0
100438,Audi,Petrol,Manual,Second,2015,48636,2200,0,26019.0
100439,BMW,Petrol,Manual,Second,2021,14383,1000,0,30926.0
100440,Kia,Diesel,Automatic,First,2022,16024,2000,1,22738.0
100441,Hyundai,Hybrid,Manual,Third,2015,40903,2200,1,19133.0
100442,Honda,Diesel,Automatic,Third,2013,73055,1400,1,11245.0
100443,Toyota,Petrol,Automatic,Second,2013,43268,2500,3,21650.0
100444,BMW,Petrol,Automatic,First,2024,128482,2500,0,40789.0
100445,Kia,Hybrid,Manual,First,2022,84146,2500,0,27825.0
100446,Honda,Electric,Automatic,Second,2021,44882,1800,0,35137.0
100447,Ford,Hybrid,Manual,Second,2020,119189,2200,0,23771.0
100448,Toyota,Diesel,Automatic,Third,2017,58525,1800,0,20512.0
100449,Toyota,Electric,Automatic,Second,2018,58284,2500,0,34590.0
100450,Ford,Petrol,Manual,Third,2022,84269,3000,0,25061.0
100451,Audi,Diesel,Automatic,Second,2022,62784,1600,0,34782.0
100452,Ford,Diesel,Automatic,Third,2015,67942,1600,1,14252.0
100453,Toyota,Petrol,Automatic,First,2014,85167,2200,0,21097.0
100454,Toyota,Hybrid,Manual,First,2014,30767,2200,1,24840.0
100455,Kia,Diesel,Automatic,Second,2016,61794,2500,1,16789.0
100456,Nissan,Petrol,Automatic,Second,2022,36828,2200,1,26493.0
100457,Honda,Petrol,Automatic,First,2025,75481,2200,0,35155.0
100458,Ford,Petrol,Automatic,Second,2017,22669,2000,1,17802.0
100459,Honda,Diesel,Automatic,Second,2025,112244,2000,0,28984.0
100460,Ford,Petrol,Manual,First,2013,47245,3500,0,21071.0
100461,Hyundai,Petrol,Manual,First,2018,54993,1400,0,18645.0
100462,Toyota,Diesel,Automatic,Third,2018,61555,1600,0,23413.0
100463,Nissan,Diesel,Manual,First,2012,36023,3500,0,18977.0
100464,Kia,Hybrid,Manual,Second,2025,71971,1600,0,30260.0
100465,Nissan,Diesel,Manual,First,2024,98282,3000,1,25899.0
100466,Nissan,Hybrid,Automatic,Second,2024,55101,2000,0,29980.0
100467,Nissan,Electric,Automatic,Third,2024,52269,3500,0,39634.0
100468,Honda,Hybrid,Manual,First,2024,84314,1400,1,26393.0
100469,Ford,Diesel,Automatic,First,2023,82481,1600,1,25361.0
100470,Volkswagen,Petrol,Automatic,Second,2018,68731,2000,1,21268.0
100471,Hyundai,Electric,Manual,Third,2024,101516,2000,1,26511.0
100472,BMW,Petrol,Automatic,First,2015,77395,1800,0,26879.0
100473,Nissan,Petrol,Automatic,First,2015,118220,1000,0,11884.0
100474,Audi,Petrol,Automatic,First,2014,55916,3500,1,34006.0
100475,Honda,Petrol,Manual,First,2020,30722,2000,0,26712.0
100476,Kia,Electric,Automatic,First,2014,106733,1600,1,14551.0
100477,BMW,Diesel,Manual,Third,2015,12090,2500,0,30780.0
100478,Volkswagen,Diesel,Automatic,First,2014,39668,3500,0,26084.0
100479,Audi,Diesel,Automatic,Second,2019,35471,1000,0,29276.0
100480,Volkswagen,Diesel,Automatic,Second,2019,66833,1800,1,24018.0
100481,BMW,Petrol,Automatic,First,2021,62685,1600,0,35900.0
100482,Nissan,Diesel,Manual,Second,2019,101388,1800,0,16917.0
100483,Audi,Diesel,Automatic,Second,2016,66996,3000,0,31724.0
100484,Volkswagen,Petrol,Manual,First,2024,47780,2200,0,34096.0
100485,Kia,Hybrid,Automatic,First,2018,56570,1400,0,19961.0
100486,Ford,Petrol,Automatic,First,2023,36844,1400,1,25442.0
100487,Toyota,Petrol,Automatic,First,2014,84817,2200,0,22227.0
100488,Ford,Petrol,Manual,First,2019,109631,1000,0,13636.0
100489,BMW,Petrol,Automatic,Third,2021,71267,2500,0,37197.0
100490,Honda,Hybrid,Automatic,First,2013,64465,1400,1,18634.0
100491,Toyota,Hybrid,Manual,Second,2019,78974,2500,0,32105.0
100492,Hyundai,Petrol,Automatic,First,2017,51354,2500,0,20287.0
100493,Kia,Diesel,Automatic,Third,2013,60767,1200,2,5106.0
100494,Hyundai,Diesel,Automatic,Second,2023,60030,1400,0,21379.0
100495,Audi,Petrol,Manual,Second,2017,86134,3500,1,32513.0
100496,Toyota,Petrol,Automatic,First,2022,53413,1000,0,27600.0
100497,Hyundai,Electric,Automatic,First,2021,3000,2000,0,31825.0
100498,Hyundai,Diesel,Manual,Second,2013,30991,1400,0,10126.0
100499,Volkswagen,Electric,Automatic,Second,2014,134220,3000,0,25555.0
100500,Ford,Petrol,Manual,Second,2022,60096,1000,0,21905.0
100501,Volkswagen,Diesel,Automatic,First,2016,80022,2500,0,22087.0
100502,Toyota,Petrol,Automatic,Third,2012,62515,2200,1,13036.0
100503,Toyota,Petrol,Automatic,Third,2020,62763,2200,0,27411.0
100504,BMW,Diesel,Automatic,Second,2021,31484,2500,0,38485.0
100505,Volkswagen,Petrol,Manual,First,2014,116111,3000,0,20942.0
100506,Mercedes,Petrol,Automatic,Second,2024,42571,2500,0,42011.0
100507,Ford,Petrol,Automatic,First,2023,41858,2000,0,28431.0
100508,Toyota,Petrol,Manual,Second,2012,76478,1000,0,12954.0
100509,BMW,Diesel,Automatic,Second,2017,99953,1000,0,21713.0
100510,Volkswagen,Diesel,Manual,First,2012,56785,2200,0,15660.0
100511,Ford,Petrol,Manual,Second,2014,8808,1400,0,16352.0
100512,Volkswagen,Petrol,Manual,First,2018,9759,1400,0,18319.0
100513,Hyundai,Petrol,Manual,Third,2015,111371,3000,0,11332.0
100514,BMW,Diesel,Automatic,First,2020,67197,3500,0,42042.0
100515,Ford,Petrol,Manual,First,2018,104862,1600,2,13822.0
100516,Nissan,Hybrid,Manual,Second,2016,72057,1400,1,13744.0
100517,Audi,Petrol,Manual,First,2020,39438,1200,0,30284.0
100518,Audi,Petrol,Automatic,Second,2014,76697,1800,0,27560.0
100519,Ford,Hybrid,Manual,First,2022,73039,3000,1,33534.0
100520,Volkswagen,Diesel,Manual,Second,2025,79982,2500,1,28504.0
100521,BMW,Petrol,Manual,Second,2025,67479,2500,0,38978.0
100522,Audi,Hybrid,Automatic,First,2019,50616,1000,0,38141.0
100523,BMW,Diesel,Automatic,Third,2019,99380,3000,0,36784.0
100524,Audi,Hybrid,Manual,First,2015,63098,2500,0,36833.0
100525,Hyundai,Diesel,Automatic,First,2012,72074,1400,1,5415.0
100526,Volkswagen,Diesel,Automatic,First,2015,35624,2500,1,21355.0
100527,Hyundai,Electric,Manual,Second,2020,32570,3000,0,31578.0
100528,Audi,Petrol,Automatic,First,2021,40813,1200,1,33129.0
100529,Nissan,Diesel,Automatic,First,2012,32464,1000,0,13219.0
100530,Nissan,Diesel,Automatic,Third,2014,3000,1000,0,13190.0
100531,Hyundai,Petrol,Automatic,First,2019,46219,1000,0,19531.0
100532,Nissan,Petrol,Automatic,First,2014,110703,1800,0,13036.0
100533,Audi,Petrol,Automatic,First,2013,52354,1200,2,23911.0
100534,Ford,Diesel,Automatic,First,2012,27161,1600,2,14898.0
100535,Hyundai,Diesel,Manual,First,2020,86286,1000,0,13043.0
100536,Honda,Diesel,Manual,First,2022,61465,1200,0,24552.0
100537,Volkswagen,Petrol,Automatic,First,2021,53757,2200,0,28972.0
100538,Nissan,Diesel,Automatic,First,2014,28960,3000,0,21305.0
100539,Nissan,Electric,Automatic,First,2018,65216,2000,0,26639.0
100540,Toyota,Petrol,Manual,Second,2021,66035,3500,0,31806.0
100541,Mercedes,Diesel,Manual,Second,2014,74174,3500,0,35961.0
100542,Hyundai,Hybrid,Automatic,First,2024,67217,1800,0,30739.0
100543,Kia,Hybrid,Automatic,Third,2019,60733,3500,0,29028.0
100544,Nissan,Diesel,Automatic,Second,2020,65052,2200,0,20673.0
100545,Volkswagen,Hybrid,Manual,Third,2023,61699,3000,0,34897.0
100546,Honda,Petrol,Automatic,First,2019,20740,1200,0,23959.0
100547,Nissan,Hybrid,Manual,Second,2016,123761,2000,1,15316.0
100548,Honda,Petrol,Manual,First,2022,83038,1400,1,27248.0
100549,Audi,Petrol,Manual,Second,2021,69331,3500,1,39991.0
100550,Audi,Petrol,Automatic,First,2023,58067,3500,1,45823.0
100551,Mercedes,Hybrid,Manual,First,2013,59919,1600,0,28439.0
100552,Ford,Petrol,Automatic,First,2017,73740,1800,1,18065.0
100553,Kia,Petrol,Manual,Second,2019,107091,1800,1,13250.0
100554,Toyota,Petrol,Automatic,Second,2013,44361,3500,0,26638.0
100555,Mercedes,Electric,Automatic,First,2017,73152,2500,0,42811.0
100556,BMW,Hybrid,Manual,First,2018,16457,1800,0,35315.0
100557,Toyota,Diesel,Automatic,Third,2025,89382,1200,0,28813.0
100558,Hyundai,Diesel,Automatic,Second,2020,75282,1200,0,18104.0
100559,Volkswagen,Diesel,Automatic,Second,2022,61915,1000,1,23080.0
100560,BMW,Petrol,Automatic,Second,2020,3000,1200,1,30593.0
100561,BMW,Electric,Automatic,First,2025,47812,1000,0,44490.0
100562,Mercedes,Petrol,Manual,First,2013,36823,1400,0,23502.0
100563,Ford,Petrol,Automatic,First,2012,37576,1800,0,14172.0
100564,Mercedes,Petrol,Automatic,First,2024,9308,1400,0,41975.0
100565,Hyundai,Diesel,Automatic,Second,2018,54026,2200,0,18351.0
100566,Nissan,Diesel,Automatic,First,2017,119638,3500,0,22386.0
100567,Nissan,Diesel,Automatic,First,2021,86273,1200,0,20075.0
100568,Ford,Petrol,Automatic,First,2021,66588,1800,0,25939.0
100569,Hyundai,Diesel,Automatic,First,2024,81500,1400,0,23578.0
100570,Ford,Petrol,Automatic,Second,2021,130765,1200,0,18490.0
100571,Honda,Petrol,Manual,First,2023,34976,1600,0,30932.0
100572,Nissan,Petrol,Manual,First,2015,41580,3000,0,20680.0
100573,BMW,Hybrid,Automatic,Second,2022,50388,3000,2,41586.0
100574,Kia,Petrol,Automatic,First,2022,22528,2000,0,25714.0
100575,Volkswagen,Diesel,Manual,First,2020,74646,2200,0,25770.0
100576,Hyundai,Diesel,Automatic,Second,2012,55790,1000,1,8959.0
100577,Toyota,Diesel,Manual,First,2018,83724,1400,0,17535.0
100578,Ford,Diesel,Automatic,Second,2016,89971,1200,0,14951.0
100579,Volkswagen,Petrol,Automatic,Second,2016,104586,3000,0,25360.0
100580,Toyota,Petrol,Manual,First,2017,86692,3500,1,27188.0
100581,Volkswagen,Diesel,Manual,First,2013,53700,2500,0,23658.0
100582,Kia,Diesel,Automatic,Third,2022,49706,1400,0,19531.0
100583,Toyota,Hybrid,Automatic,First,2025,35309,3500,0,45884.0
100584,Mercedes,Hybrid,Automatic,Third,2022,66396,2500,2,39777.0
100585,Audi,Petrol,Manual,First,2014,75743,3500,0,33407.0
100586,Mercedes,Petrol,Manual,Second,2022,20283,2500,0,39614.0
100587,Nissan,Diesel,Automatic,Second,2020,99717,2500,0,20749.0
100588,Audi,Petrol,Automatic,Second,2015,65787,1600,0,24198.0
100589,Mercedes,Petrol,Automatic,First,2017,53659,2200,0,33903.0
100590,Audi,Hybrid,Automatic,First,2024,34543,3500,0,50712.0
100591,Audi,Petrol,Automatic,First,2024,107158,2500,0,40627.0
100592,BMW,Electric,Manual,Third,2014,80259,3500,0,39602.0
100593,Ford,Diesel,Automatic,First,2014,90877,1800,0,17658.0
100594,Ford,Hybrid,Automatic,Third,2020,61748,3000,0,29274.0
100595,BMW,Petrol,Manual,First,2020,113501,3000,1,31870.0
100596,Volkswagen,Petrol,Automatic,First,2024,89707,1400,2,23780.0
100597,Honda,Diesel,Automatic,First,2014,104686,1400,0,16114.0
100598,Volkswagen,Petrol,Automatic,Second,2014,99913,2500,0,21220.0
100599,Toyota,Petrol,Automatic,Second,2017,46311,2200,0,25537.0
100600,Toyota,Petrol,Manual,First,2024,71185,3000,0,33333.0
100601,Audi,Petrol,Manual,Third,2012,105025,1200,1,18879.0
100602,Mercedes,Petrol,Automatic,First,2025,79667,1200,0,40143.0
100603,Mercedes,Hybrid,Automatic,Second,2016,35363,2200,0,35810.0
100604,Ford,Petrol,Automatic,Second,2020,67668,2500,0,25706.0
100605,Hyundai,Petrol,Automatic,First,2020,89496,1400,0,16150.0
100606,Volkswagen,Diesel,Automatic,First,2019,21248,1000,0,26223.0
100607,Nissan,Electric,Automatic,First,2017,35925,3500,0,36843.0
100608,Kia,Petrol,Automatic,First,2025,22367,2200,0,34667.0
100609,Mercedes,Petrol,Automatic,Third,2020,79252,2000,1,33692.0
100610,Kia,Diesel,Manual,Third,2014,111782,1000,0,3500.0
100611,Audi,Electric,Manual,Second,2024,4135,3000,1,46851.0
100612,Kia,Hybrid,Manual,Second,2020,71246,2000,0,24247.0
100613,Nissan,Diesel,Automatic,First,2019,45913,1800,1,21917.0
100614,BMW,Petrol,Manual,First,2023,116250,1400,0,29183.0
100615,Nissan,Diesel,Manual,Second,2012,71535,3000,0,14171.0
100616,Kia,Petrol,Manual,Second,2020,90654,2200,0,19178.0
100617,Nissan,Diesel,Automatic,Second,2019,106775,1600,0,16300.0
100618,Honda,Diesel,Manual,Second,2019,70280,1000,0,16573.0
100619,Audi,Electric,Automatic,First,2017,10932,1600,1,39094.0
100620,Volkswagen,Petrol,Manual,First,2020,61433,1400,0,25627.0
100621,BMW,Petrol,Automatic,Second,2019,71312,2000,1,32731.0
100622,Mercedes,Diesel,Manual,First,2013,29785,1000,0,25459.0
100623,Toyota,Diesel,Manual,Second,2017,8360,1600,0,27656.0
100624,Volkswagen,Hybrid,Automatic,First,2023,23527,1000,0,30252.0
100625,Toyota,Petrol,Automatic,First,2022,104928,1000,0,24043.0
100626,Audi,Petrol,Automatic,First,2019,29962,2000,0,35096.0
100627,BMW,Diesel,Automatic,Second,2025,149196,2000,2,31793.0
100628,Ford,Petrol,Automatic,Second,2024,107951,3000,0,28771.0
100629,Mercedes,Hybrid,Automatic,First,2024,92476,2200,0,44781.0
100630,Honda,Diesel,Manual,First,2017,18613,2000,0,21912.0
100631,Ford,Hybrid,Automatic,First,2024,107189,1400,0,29099.0
100632,Audi,Diesel,Manual,First,2025,49895,1400,0,38994.0
100633,Volkswagen,Hybrid,Manual,First,2022,10053,1800,1,31582.0
100634,Honda,Petrol,Manual,First,2020,72707,2000,0,28366.0
100635,Nissan,Hybrid,Manual,First,2023,78591,2000,1,25992.0
100636,Kia,Petrol,Automatic,First,2016,41054,2500,0,21049.0
100637,Honda,Diesel,Manual,First,2019,46968,2500,0,28526.0
100638,Audi,Petrol,Automatic,First,2021,59651,1000,0,31859.0
100639,Hyundai,Diesel,Manual,First,2013,58865,1400,1,8841.0
100640,Kia,Petrol,Manual,First,2023,87456,1800,0,22227.0
100641,Toyota,Petrol,Manual,Third,2016,56754,3000,0,22699.0
100642,Mercedes,Electric,Automatic,First,2012,114363,1600,0,31193.0
100643,Toyota,Petrol,Automatic,Second,2016,74474,1800,0,19671.0
100644,Honda,Hybrid,Manual,First,2018,15204,1000,1,25559.0
100645,Toyota,Electric,Manual,Second,2012,99635,2200,0,19189.0
100646,Audi,Petrol,Automatic,Third,2024,39772,1200,1,33160.0
100647,Nissan,Diesel,Manual,First,2021,99246,1000,0,19096.0
100648,Volkswagen,Petrol,Automatic,Second,2014,75248,1200,0,12546.0
100649,Mercedes,Petrol,Automatic,First,2017,40482,2500,0,35980.0
100650,Toyota,Petrol,Manual,First,2023,52465,1000,0,26918.0
100651,Toyota,Electric,Automatic,First,2012,78689,1000,1,20308.0
100652,Honda,Petrol,Automatic,First,2014,73146,1000,0,18510.0
100653,Volkswagen,Diesel,Manual,First,2019,93633,1200,1,16322.0
100654,Ford,Diesel,Automatic,First,2020,77983,1000,1,16233.0
100655,Toyota,Hybrid,Automatic,First,2018,64996,1200,0,25741.0
100656,Audi,Petrol,Manual,Second,2015,68102,2200,1,26812.0
100657,Hyundai,Diesel,Manual,First,2018,59342,1000,1,11742.0
100658,Mercedes,Diesel,Automatic,First,2018,80824,3500,0,39525.0
100659,Toyota,Diesel,Automatic,First,2022,77586,1200,0,25539.0
100660,Audi,Electric,Automatic,First,2018,72701,1400,0,37733.0
100661,Audi,Hybrid,Manual,First,2019,134067,1200,0,27923.0
100662,Mercedes,Petrol,Automatic,First,2022,76401,1400,0,36752.0
100663,Ford,Diesel,Manual,First,2025,101915,2200,2,23128.0
100664,Audi,Petrol,Manual,First,2025,45474,1200,0,38569.0
100665,Hyundai,Petrol,Automatic,Second,2015,65313,1400,0,12287.0
100666,Audi,Diesel,Automatic,First,2015,3000,2000,0,30314.0
100667,Audi,Petrol,Manual,First,2020,67678,1600,1,31815.0
100668,Audi,Petrol,Automatic,First,2019,46615,1000,0,32679.0
100669,Nissan,Electric,Automatic,Third,2022,43793,2500,0,35767.0
100670,Nissan,Petrol,Manual,Second,2015,71442,2200,0,16886.0
100671,Ford,Electric,Manual,First,2017,52920,2500,0,26606.0
100672,Toyota,Diesel,Automatic,First,2020,18695,3000,0,35957.0
100673,Audi,Diesel,Automatic,First,2024,58879,3000,1,43847.0
100674,Volkswagen,Hybrid,Manual,First,2025,171399,1400,0,25976.0
100675,Toyota,Petrol,Manual,Second,2023,77655,3000,1,33083.0
100676,Ford,Petrol,Automatic,Second,2025,73368,2000,0,27563.0
100677,BMW,Petrol,Automatic,First,2017,31067,3500,0,44102.0
100678,Toyota,Petrol,Automatic,First,2022,27747,3500,1,37035.0
100679,Toyota,Electric,Manual,Second,2016,36925,1200,0,24990.0
100680,Kia,Hybrid,Automatic,Second,2023,73409,1000,0,21783.0
100681,Honda,Petrol,Manual,Second,2018,28373,1600,0,24057.0
100682,Kia,Petrol,Manual,First,2013,107877,3000,0,14876.0
100683,Hyundai,Petrol,Manual,Second,2019,30145,1200,0,19060.0
100684,Nissan,Petrol,Manual,First,2022,89226,1000,0,15153.0
100685,Nissan,Diesel,Manual,First,2018,73027,1200,0,16115.0
100686,Honda,Petrol,Automatic,Second,2017,110126,2200,1,21132.0
100687,Mercedes,Diesel,Automatic,Second,2014,32169,1800,0,31209.0
100688,Mercedes,Petrol,Manual,First,2020,157035,1800,1,27976.0
100689,Ford,Petrol,Automatic,Second,2013,70699,3500,0,21900.0
100690,Honda,Diesel,Automatic,Second,2015,100921,1600,0,17945.0
100691,Toyota,Diesel,Automatic,First,2013,76775,1000,0,14047.0
100692,Mercedes,Electric,Automatic,Second,2017,33140,2500,0,41382.0
100693,Audi,Hybrid,Manual,First,2023,41945,1000,0,38596.0
100694,Volkswagen,Petrol,Manual,Second,2018,65753,3500,0,27380.0
100695,Toyota,Petrol,Automatic,First,2020,41831,1400,0,27104.0
100696,Hyundai,Hybrid,Manual,First,2017,69466,1200,0,18317.0
100697,Audi,Electric,Automatic,Second,2017,91470,1200,0,29976.0
100698,Audi,Hybrid,Manual,First,2016,103450,3000,0,31387.0
100699,Honda,Petrol,Automatic,First,2021,115097,3000,0,29453.0
100700,Ford,Electric,Manual,Second,2022,63642,1800,0,28948.0
100701,Hyundai,Petrol,Automatic,Second,2023,52299,1200,1,18607.0
100702,Mercedes,Diesel,Automatic,First,2021,13019,3500,1,48286.0
100703,Honda,Electric,Manual,First,2015,3000,2200,0,30265.0
100704,Mercedes,Petrol,Automatic,Second,2021,62084,2500,0,40763.0
100705,Honda,Electric,Manual,First,2022,102573,3000,1,39146.0
100706,Honda,Petrol,Manual,First,2015,68628,1600,2,16941.0
100707,Honda,Electric,Automatic,First,2015,77524,1000,0,22427.0
100708,Ford,Petrol,Manual,Second,2016,34359,2200,0,20338.0
100709,Honda,Electric,Automatic,First,2012,51592,2200,1,28826.0
100710,BMW,Petrol,Automatic,Second,2013,100085,1000,0,23089.0
100711,Volkswagen,Diesel,Manual,Second,2014,78277,1600,1,16933.0
100712,Mercedes,Diesel,Automatic,First,2018,51057,1600,1,32480.0
100713,Toyota,Diesel,Manual,First,2024,85080,1000,2,22811.0
100714,Kia,Petrol,Automatic,First,2024,68657,2200,0,28422.0
100715,Hyundai,Diesel,Manual,First,2012,97550,1400,2,3500.0
100716,Nissan,Petrol,Automatic,First,2014,79606,1000,1,11211.0
100717,Ford,Diesel,Automatic,Second,2018,55170,2200,1,20147.0
100718,Toyota,Petrol,Manual,First,2017,58321,1400,1,18048.0
100719,Audi,Electric,Automatic,Second,2013,23857,1400,0,30357.0
100720,BMW,Petrol,Manual,Second,2015,16435,1400,0,28243.0
100721,Nissan,Petrol,Automatic,First,2012,51707,1600,0,12918.0
100722,Kia,Petrol,Automatic,First,2023,105601,1800,0,22903.0
100723,Toyota,Petrol,Automatic,Second,2016,77834,1000,0,19441.0
100724,Nissan,Petrol,Automatic,Second,2023,56250,1400,0,25237.0
100725,Toyota,Diesel,Automatic,Third,2013,84811,1000,0,14952.0
100726,BMW,Hybrid,Manual,First,2025,98470,1400,0,40465.0
100727,Kia,Diesel,Manual,Third,2019,46714,1400,0,14766.0
100728,Audi,Diesel,Automatic,First,2021,46857,1600,1,37527.0
100729,Honda,Petrol,Automatic,First,2017,160747,3500,0,24352.0
100730,Mercedes,Diesel,Manual,First,2023,38231,1000,0,35794.0
100731,Audi,Petrol,Manual,First,2023,48431,1800,0,32883.0
100732,Honda,Hybrid,Manual,Second,2012,54270,1600,2,15332.0
100733,Ford,Petrol,Manual,First,2025,35040,1800,0,26064.0
100734,Volkswagen,Petrol,Automatic,Second,2013,7208,2000,0,19138.0
100735,Hyundai,Petrol,Manual,Second,2015,67722,1400,2,8674.0
100736,Hyundai,Hybrid,Manual,Third,2014,46156,1400,0,15531.0
100737,Mercedes,Petrol,Automatic,First,2020,78315,1800,0,34861.0
100738,Kia,Diesel,Automatic,Second,2012,39937,1800,0,13593.0
100739,BMW,Petrol,Automatic,First,2018,102748,3000,2,30968.0
100740,Kia,Diesel,Manual,First,2020,63415,2200,2,17381.0
100741,BMW,Electric,Automatic,Second,2020,39782,2000,1,41417.0
100742,Kia,Petrol,Automatic,First,2017,44511,1200,0,17158.0
100743,Volkswagen,Diesel,Automatic,First,2025,57434,3000,3,35535.0
100744,Ford,Electric,Automatic,Second,2023,106074,3500,0,37088.0
100745,Ford,Diesel,Automatic,First,2024,47506,1400,0,28559.0
100746,Honda,Diesel,Manual,First,2018,16682,2200,0,27630.0
100747,Nissan,Diesel,Automatic,First,2019,117232,2500,0,20842.0
100748,Ford,Diesel,Manual,First,2014,10871,3000,0,25850.0
100749,Ford,Petrol,Manual,Second,2016,135570,1800,0,14445.0
100750,Audi,Hybrid,Manual,First,2024,9759,2000,1,41100.0
100751,Audi,Petrol,Manual,Second,2015,53216,2000,0,27616.0
100752,Honda,Petrol,Automatic,Second,2020,51875,1800,0,28538.0
100753,Nissan,Hybrid,Automatic,Second,2020,91302,2200,1,25504.0
100754,Mercedes,Petrol,Automatic,Second,2015,85964,1000,0,23022.0
100755,Audi,Petrol,Manual,First,2023,123438,1800,0,30616.0
100756,Mercedes,Diesel,Automatic,First,2025,19425,3500,0,50412.0
100757,Toyota,Hybrid,Automatic,First,2013,13216,2000,0,26919.0
100758,Audi,Hybrid,Manual,First,2012,96495,1400,0,20072.0
100759,Volkswagen,Electric,Manual,First,2014,133191,1200,0,19342.0
100760,Nissan,Hybrid,Manual,Second,2013,101622,1600,1,11606.0
100761,Honda,Petrol,Manual,Second,2016,87102,1400,1,9184.0
100762,Toyota,Petrol,Automatic,First,2017,100621,2000,0,27058.0
100763,Nissan,Hybrid,Automatic,First,2025,24569,2000,0,33122.0
100764,Volkswagen,Petrol,Automatic,First,2020,58015,1600,0,27947.0
100765,Nissan,Diesel,Manual,Second,2015,65992,1600,2,11750.0
100766,Volkswagen,Diesel,Automatic,Second,2015,61899,3500,0,27989.0
100767,Volkswagen,Petrol,Automatic,First,2015,80890,3500,0,24410.0
100768,Mercedes,Electric,Manual,Second,2012,64239,3500,0,38600.0
100769,Kia,Diesel,Automatic,First,2025,51656,1200,0,25874.0
100770,Toyota,Diesel,Manual,First,2014,30468,2200,0,24762.0
100771,Nissan,Electric,Manual,First,2015,60672,3000,1,24249.0
100772,BMW,Diesel,Manual,Second,2025,26117,3000,0,45289.0
100773,Toyota,Petrol,Automatic,First,2012,62175,3500,0,27304.0
100774,Kia,Diesel,Automatic,First,2016,74752,1200,0,11566.0
100775,Toyota,Hybrid,Manual,First,2021,45182,3000,1,33096.0
100776,Ford,Hybrid,Manual,First,2020,87407,1800,0,22459.0
100777,BMW,Hybrid,Automatic,Second,2012,95886,2000,0,26513.0
100778,Kia,Diesel,Automatic,First,2025,49952,1000,0,23410.0
100779,Mercedes,Petrol,Automatic,Second,2023,53548,2200,1,40850.0
100780,Nissan,Hybrid,Manual,First,2018,87012,2500,1,23609.0
100781,Hyundai,Hybrid,Automatic,First,2013,34728,1800,0,18799.0
100782,Kia,Petrol,Automatic,First,2021,31767,2000,0,23783.0
100783,Honda,Petrol,Manual,First,2023,54428,1600,0,28639.0
100784,Nissan,Electric,Automatic,First,2022,64464,1400,0,31484.0
100785,Kia,Hybrid,Manual,First,2020,48522,1400,0,19075.0
100786,Ford,Hybrid,Automatic,Second,2015,82165,1200,0,15980.0
100787,Hyundai,Hybrid,Automatic,Second,2025,24165,3500,1,38393.0
100788,Ford,Diesel,Automatic,Second,2014,78499,2000,0,16487.0
100789,Hyundai,Diesel,Automatic,First,2023,48823,3000,0,31778.0
100790,Honda,Diesel,Automatic,First,2024,112668,1400,0,26309.0
100791,Nissan,Petrol,Automatic,First,2022,92365,1000,0,20848.0
100792,Mercedes,Diesel,Automatic,Second,2018,68787,3500,0,40048.0
100793,Ford,Diesel,Manual,Third,2017,63763,1000,1,13006.0
100794,Ford,Diesel,Automatic,Second,2022,49544,1600,0,25306.0
100795,Volkswagen,Diesel,Manual,First,2021,3000,1000,0,24658.0
100796,Hyundai,Diesel,Manual,First,2019,68322,3500,0,24487.0
100797,Audi,Petrol,Automatic,First,2020,99087,1200,1,27137.0
100798,Nissan,Petrol,Automatic,First,2023,36692,1600,0,24556.0
100799,Hyundai,Petrol,Automatic,First,2018,40296,1600,0,19399.0
100800,Volkswagen,Petrol,Automatic,First,2017,68117,2500,0,22195.0
100801,Toyota,Electric,Automatic,First,2025,27021,1600,0,40677.0
100802,Hyundai,Petrol,Automatic,First,2023,43073,1400,0,20986.0
100803,Mercedes,Petrol,Manual,First,2019,51764,1600,0,35527.0
100804,Nissan,Diesel,Automatic,Second,2020,68724,1800,1,21926.0
100805,Volkswagen,Diesel,Automatic,First,2025,126851,1800,0,28450.0
100806,Toyota,Petrol,Automatic,First,2019,63565,1600,0,22130.0
100807,BMW,Hybrid,Manual,Second,2017,76454,3500,0,38432.0
100808,Volkswagen,Hybrid,Automatic,Second,2019,62737,1200,1,23486.0
100809,BMW,Petrol,Manual,First,2020,73988,1400,1,28487.0
100810,Nissan,Petrol,Automatic,Second,2017,69532,3500,0,21612.0
100811,Ford,Electric,Manual,First,2025,94009,3500,0,43691.0
100812,Volkswagen,Hybrid,Automatic,First,2017,115594,1400,0,21249.0
100813,Honda,Diesel,Manual,First,2013,60526,1800,0,18172.0
100814,BMW,Petrol,Manual,First,2020,54063,1200,0,31729.0
100815,Mercedes,Petrol,Automatic,Second,2019,136167,1200,1,28465.0
100816,Honda,Diesel,Automatic,First,2016,116103,3500,0,27453.0
100817,Kia,Petrol,Automatic,First,2021,75543,1200,0,20243.0
100818,Kia,Petrol,Manual,Third,2014,102786,2000,1,7605.0
100819,Toyota,Diesel,Manual,First,2020,113922,2500,0,25531.0
100820,Ford,Petrol,Automatic,Second,2022,58497,3500,0,31923.0
100821,Nissan,Hybrid,Automatic,First,2021,94372,2000,1,23937.0
100822,Volkswagen,Hybrid,Automatic,First,2025,70426,1600,0,34010.0
100823,Audi,Petrol,Automatic,First,2024,71302,2500,1,40899.0
100824,Mercedes,Hybrid,Automatic,Second,2018,89479,1600,0,35285.0
100825,BMW,Petrol,Automatic,Second,2024,118039,3000,1,38973.0
100826,Nissan,Hybrid,Automatic,First,2020,81953,2500,0,30746.0
100827,Honda,Petrol,Automatic,First,2024,93437,1600,1,25723.0
100828,Kia,Petrol,Automatic,Third,2025,93229,2200,1,25534.0
100829,Mercedes,Diesel,Automatic,Second,2018,105343,3500,0,36250.0
100830,Audi,Diesel,Automatic,First,2023,83529,3000,1,39258.0
100831,Volkswagen,Electric,Automatic,First,2019,73212,2000,0,28148.0
100832,Toyota,Petrol,Manual,Second,2025,55909,1000,0,25234.0
100833,Audi,Petrol,Manual,First,2021,85951,2000,0,33637.0
100834,Mercedes,Diesel,Manual,Second,2025,54702,2500,0,43291.0
100835,Audi,Diesel,Automatic,First,2016,69135,3000,1,35182.0
100836,Mercedes,Petrol,Manual,Second,2021,35375,1000,0,35385.0
100837,Mercedes,Diesel,Automatic,First,2021,129848,1800,0,32854.0
100838,Hyundai,Hybrid,Automatic,Second,2025,33457,1800,1,29867.0
100839,BMW,Hybrid,Automatic,Second,2017,83189,2500,0,32271.0
100840,Kia,Electric,Manual,Second,2023,42978,2200,1,28078.0
100841,Hyundai,Petrol,Manual,Second,2019,25118,1800,0,19499.0
100842,Volkswagen,Diesel,Automatic,Second,2025,80802,2000,1,24605.0
100843,Hyundai,Petrol,Automatic,Second,2025,111579,2500,0,23649.0
100844,Ford,Diesel,Manual,First,2018,43424,2000,0,22490.0
100845,Ford,Diesel,Manual,First,2012,84235,3500,0,17831.0
100846,Kia,Electric,Manual,Second,2021,120655,1800,1,20094.0
100847,Audi,Diesel,Automatic,Second,2015,135415,3500,0,31215.0
100848,BMW,Electric,Automatic,First,2024,58346,1000,0,42880.0
100849,Kia,Hybrid,Automatic,Second,2019,65470,2500,0,23297.0
100850,Mercedes,Electric,Manual,First,2022,70452,2500,0,48388.0
100851,Honda,Hybrid,Manual,First,2020,88756,2000,1,31483.0
100852,BMW,Diesel,Automatic,Second,2017,61758,2200,0,33364.0
100853,BMW,Petrol,Automatic,Second,2022,86588,2200,1,36027.0
100854,Mercedes,Petrol,Manual,Second,2015,65314,1200,0,27945.0
100855,Mercedes,Petrol,Manual,Second,2013,44445,2000,0,25060.0
100856,Toyota,Diesel,Manual,First,2023,80498,2200,0,32198.0
100857,Kia,Diesel,Automatic,First,2020,49842,2500,0,26746.0
100858,Mercedes,Diesel,Manual,Second,2012,37309,1200,1,19870.0
100859,Ford,Electric,Manual,First,2016,67203,3500,0,31831.0
100860,Volkswagen,Electric,Automatic,First,2019,42611,2500,0,34686.0
100861,Honda,Petrol,Manual,Second,2015,56318,1200,0,14579.0
100862,Kia,Petrol,Automatic,Second,2012,96240,3000,1,8262.0
100863,Nissan,Petrol,Manual,Second,2015,49187,1200,0,13791.0
100864,Ford,Petrol,Manual,Second,2016,30878,1400,0,14818.0
100865,Audi,Hybrid,Automatic,First,2016,84575,2500,1,33602.0
100866,Mercedes,Diesel,Manual,First,2023,99929,2000,0,38052.0
100867,Nissan,Diesel,Automatic,Second,2025,53854,3000,0,33904.0
100868,Mercedes,Hybrid,Manual,Second,2012,107355,2500,0,29708.0
100869,BMW,Hybrid,Manual,First,2013,84117,3500,1,33420.0
100870,Ford,Petrol,Automatic,First,2017,110247,2000,0,21155.0
100871,BMW,Diesel,Manual,Second,2021,38357,1400,0,30740.0
100872,Toyota,Petrol,Automatic,First,2025,12812,1400,0,37454.0
100873,BMW,Petrol,Automatic,Second,2016,82633,1200,0,27530.0
100874,Toyota,Petrol,Automatic,First,2020,66597,2500,0,27436.0
100875,Toyota,Diesel,Manual,First,2024,73802,3500,1,37227.0
100876,Nissan,Petrol,Automatic,Second,2018,79517,1800,0,17085.0
100877,Mercedes,Petrol,Manual,First,2024,113202,3000,0,39790.0
100878,Audi,Diesel,Automatic,First,2016,47074,1800,1,32493.0
100879,BMW,Hybrid,Manual,Second,2024,117407,1800,0,35794.0
100880,Ford,Petrol,Automatic,Second,2023,51331,2500,0,27484.0
100881,Toyota,Petrol,Manual,First,2023,81144,2500,1,28329.0
100882,Mercedes,Hybrid,Manual,First,2020,78188,1200,2,30313.0
100883,Honda,Petrol,Manual,First,2025,42716,2500,1,31864.0
100884,Kia,Electric,Manual,Second,2012,79946,2200,3,17586.0
100885,Nissan,Diesel,Manual,First,2014,36391,2000,0,17545.0
100886,Audi,Petrol,Manual,First,2013,7521,1400,1,22323.0
100887,Hyundai,Petrol,Manual,First,2023,95205,1800,0,24343.0
100888,Nissan,Petrol,Automatic,First,2018,96883,1200,0,14725.0
100889,Honda,Petrol,Manual,First,2020,22744,3000,0,31747.0
100890,Kia,Petrol,Manual,First,2025,57973,1800,0,25384.0
100891,Honda,Diesel,Automatic,Third,2024,32443,2500,0,35254.0
100892,BMW,Petrol,Manual,Third,2023,84578,1800,0,34022.0
100893,Toyota,Diesel,Manual,First,2013,98901,3500,0,22424.0
100894,Audi,Diesel,Manual,Second,2023,39059,3000,0,42279.0
100895,Volkswagen,Petrol,Manual,Second,2017,3000,1000,1,19527.0
100896,Toyota,Petrol,Automatic,First,2013,80175,2000,1,15322.0
100897,Volkswagen,Petrol,Automatic,First,2014,83311,2500,1,20601.0
100898,Kia,Petrol,Automatic,First,2012,39207,2200,2,10538.0
100899,Mercedes,Diesel,Automatic,Second,2017,50166,1200,1,27895.0
100900,Hyundai,Petrol,Manual,Second,2013,41924,1200,0,10156.0
100901,Ford,Hybrid,Automatic,Third,2014,65500,3500,1,24425.0
100902,Toyota,Petrol,Manual,Second,2017,90101,1000,1,16062.0
100903,Audi,Diesel,Manual,Second,2017,77490,1000,0,22980.0
100904,Honda,Diesel,Manual,Second,2015,81531,1400,0,12245.0
100905,Audi,Diesel,Automatic,Second,2012,26750,1400,0,21312.0
100906,Kia,Petrol,Automatic,First,2018,48212,2500,0,22560.0
100907,Volkswagen,Petrol,Automatic,First,2013,100469,3000,0,22429.0
100908,Honda,Diesel,Automatic,Second,2017,29084,1800,2,19722.0
100909,Ford,Petrol,Manual,Second,2018,40002,1000,0,16108.0
100910,Ford,Petrol,Manual,First,2025,84043,1200,0,25116.0
100911,Toyota,Diesel,Automatic,Second,2013,10395,1600,0,21405.0
100912,Kia,Diesel,Manual,Third,2017,35142,3000,1,19458.0
100913,Mercedes,Diesel,Automatic,Second,2012,88744,1800,0,24958.0
100914,Kia,Diesel,Manual,First,2017,19227,3000,0,22756.0
100915,Volkswagen,Diesel,Automatic,Second,2019,42111,1000,0,18472.0
100916,Audi,Diesel,Manual,First,2019,83171,3000,0,36102.0
100917,Ford,Diesel,Automatic,First,2018,31671,2500,0,27064.0
100918,Audi,Diesel,Automatic,Second,2015,90669,1000,1,22216.0
100919,Audi,Hybrid,Automatic,Second,2015,73278,2200,0,34739.0
100920,Audi,Petrol,Automatic,First,2016,57183,1800,1,28699.0
100921,Ford,Petrol,Manual,Second,2019,8047,3500,0,28272.0
100922,Nissan,Hybrid,Automatic,First,2025,65695,2500,1,34553.0
100923,BMW,Diesel,Manual,Second,2015,17956,1600,2,27477.0
100924,Volkswagen,Petrol,Manual,Second,2020,13365,1200,0,22343.0
100925,Nissan,Hybrid,Manual,First,2014,76875,1000,1,12393.0
100926,Volkswagen,Petrol,Manual,First,2020,73291,2200,0,27298.0
100927,Honda,Diesel,Automatic,Third,2013,4719,1000,2,17811.0
100928,Kia,Hybrid,Automatic,First,2017,56717,3000,1,25014.0
100929,Kia,Electric,Manual,First,2016,79165,1000,0,15608.0
100930,Hyundai,Petrol,Automatic,First,2016,72943,2000,0,17281.0
100931,Kia,Diesel,Automatic,First,2022,70971,1200,0,22163.0
100932,Ford,Petrol,Manual,Second,2017,57237,2000,1,19958.0
100933,Mercedes,Petrol,Automatic,First,2021,97237,2000,1,36814.0
100934,Toyota,Petrol,Manual,Second,2018,70014,1800,1,19602.0
100935,Hyundai,Diesel,Manual,First,2015,98948,1800,0,11257.0
100936,Toyota,Diesel,Automatic,Second,2015,66321,2500,1,23392.0
100937,Volkswagen,Petrol,Manual,Second,2023,30904,2200,1,27791.0
100938,Toyota,Diesel,Automatic,First,2020,70231,1800,0,26713.0
100939,Toyota,Diesel,Automatic,Third,2015,24674,1600,0,17285.0
100940,Hyundai,Hybrid,Manual,First,2019,77819,1000,0,18053.0
100941,Honda,Electric,Manual,Second,2021,122025,1200,0,26308.0
100942,Audi,Petrol,Manual,Third,2024,66878,3500,0,45286.0
100943,Kia,Electric,Manual,Second,2012,62070,2200,0,15030.0
100944,Kia,Hybrid,Automatic,Second,2015,92089,3500,0,24309.0
100945,Ford,Petrol,Manual,First,2013,72716,1000,0,12381.0
100946,Hyundai,Petrol,Automatic,First,2022,136447,3000,0,25522.0
100947,Ford,Petrol,Automatic,First,2021,63766,2000,0,29458.0
100948,Mercedes,Petrol,Automatic,Third,2016,74560,1800,1,29431.0
100949,Mercedes,Diesel,Manual,Third,2013,96061,2000,0,24808.0
100950,Ford,Diesel,Automatic,First,2018,21159,1000,0,20064.0
100951,Hyundai,Diesel,Manual,First,2021,86435,1200,0,17908.0
100952,Ford,Diesel,Manual,First,2018,51853,2200,0,20903.0
100953,Kia,Petrol,Automatic,First,2020,55905,2000,0,20830.0
100954,Nissan,Hybrid,Manual,First,2024,88026,2200,0,30713.0
100955,BMW,Petrol,Automatic,Second,2015,44163,2000,1,30442.0
100956,Toyota,Electric,Automatic,Second,2016,57861,2200,1,29143.0
100957,BMW,Petrol,Manual,Second,2014,60490,2200,1,27663.0
100958,Hyundai,Electric,Automatic,Second,2025,62452,2000,0,32337.0
100959,BMW,Petrol,Manual,Second,2018,44217,2500,0,36447.0
100960,Mercedes,Petrol,Manual,Second,2016,81723,2200,0,31683.0
100961,Volkswagen,Petrol,Automatic,First,2020,29352,3000,1,33522.0
100962,Toyota,Diesel,Manual,First,2023,8581,1800,1,29790.0
100963,Audi,Hybrid,Automatic,First,2024,56131,2500,0,46420.0
100964,Hyundai,Petrol,Automatic,Second,2025,81040,2500,1,30826.0
100965,Toyota,Electric,Automatic,Third,2018,81883,2500,0,27991.0
100966,BMW,Diesel,Automatic,Second,2015,74308,1600,0,26711.0
100967,Mercedes,Diesel,Automatic,Third,2018,54849,3000,0,38818.0
100968,Honda,Hybrid,Manual,First,2012,77029,3500,0,24878.0
100969,Nissan,Petrol,Automatic,Second,2013,60849,1600,0,12221.0
100970,Audi,Petrol,Manual,Second,2025,62948,2000,0,36790.0
100971,Nissan,Electric,Automatic,Second,2014,3000,2000,0,24093.0
100972,Toyota,Electric,Automatic,Third,2016,51618,1200,1,25209.0
100973,Mercedes,Electric,Automatic,Second,2023,5940,2200,0,47769.0
100974,Mercedes,Electric,Manual,First,2016,128521,2200,2,30768.0
100975,BMW,Petrol,Automatic,First,2018,90832,1000,0,27114.0
100976,Kia,Hybrid,Automatic,Second,2020,100865,1800,1,22740.0
100977,BMW,Petrol,Automatic,Third,2021,49662,3000,0,42863.0
100978,Kia,Electric,Manual,First,2020,62630,3500,0,33439.0
100979,Kia,Diesel,Automatic,Second,2017,26044,1800,1,20387.0
100980,Audi,Diesel,Manual,Second,2018,30391,3500,0,37533.0
100981,BMW,Diesel,Automatic,First,2023,57063,2200,0,44140.0
100982,Honda,Petrol,Manual,First,2024,48352,3000,1,35688.0
100983,Ford,Petrol,Automatic,First,2019,78517,1000,0,19472.0
100984,Ford,Hybrid,Automatic,First,2015,76877,3000,0,25165.0
100985,BMW,Hybrid,Automatic,First,2018,53091,1600,1,35328.0
100986,BMW,Petrol,Manual,First,2025,89893,1000,0,33928.0
100987,Nissan,Hybrid,Automatic,First,2017,30345,2500,0,26418.0
100988,Audi,Diesel,Manual,Second,2019,27339,1400,0,28675.0
100989,BMW,Petrol,Automatic,Second,2012,80185,2500,0,27307.0
100990,Nissan,Petrol,Automatic,Second,2016,81269,2000,0,15195.0
100991,Kia,Hybrid,Automatic,First,2023,90417,2000,0,28876.0
100992,Mercedes,Diesel,Automatic,Third,2024,21793,2500,0,43555.0
100993,Mercedes,Diesel,Manual,Second,2014,40045,3000,1,31589.0
100994,Kia,Diesel,Manual,Third,2020,74031,2500,0,20659.0
100995,Hyundai,Petrol,Manual,First,2020,74747,2200,1,17123.0
100996,Nissan,Diesel,Automatic,Second,2014,121822,1400,1,3860.0
100997,Nissan,Petrol,Automatic,Second,2021,34323,1600,0,22110.0
100998,Kia,Petrol,Manual,First,2025,129102,3000,0,28245.0
100999,Honda,Diesel,Automatic,First,2023,80524,1600,1,28907.0
101000,Volkswagen,Electric,Manual,Second,2013,99958,2500,1,18456.0
101001,Toyota,Petrol,Automatic,First,2016,83243,2000,0,21566.0
101002,Kia,Petrol,Manual,First,2015,42835,1800,0,15036.0
101003,BMW,Diesel,Manual,First,2018,48301,2200,1,32266.0
101004,BMW,Hybrid,Manual,Second,2023,65092,1000,0,36766.0
101005,Audi,Diesel,Automatic,Third,2025,19283,3500,0,48050.0
101006,Kia,Hybrid,Automatic,Second,2019,16081,1400,0,25800.0
101007,Audi,Diesel,Automatic,Second,2015,46460,1800,0,29927.0
101008,Kia,Hybrid,Manual,First,2014,86007,1600,1,13187.0
101009,Nissan,Petrol,Manual,Second,2020,45252,1400,1,18458.0
101010,Toyota,Petrol,Automatic,First,2019,62896,1400,1,25587.0
101011,Nissan,Petrol,Automatic,Second,2022,60543,3000,0,32841.0
101012,Volkswagen,Diesel,Automatic,First,2022,95263,1800,0,24419.0
101013,Mercedes,Electric,Manual,First,2018,77741,1400,0,36432.0
101014,Ford,Hybrid,Automatic,First,2022,90634,1800,0,26927.0
101015,Kia,Petrol,Manual,Second,2019,99999,3000,0,21977.0
101016,Volkswagen,Petrol,Automatic,Third,2019,35358,1400,1,22375.0
101017,Mercedes,Petrol,Automatic,First,2021,3000,1800,1,38688.0
101018,Hyundai,Petrol,Manual,First,2019,52729,1200,0,17901.0
101019,Toyota,Diesel,Automatic,Second,2022,98989,2500,0,28151.0
101020,Audi,Electric,Automatic,Second,2012,85805,2000,0,30063.0
101021,Audi,Electric,Automatic,First,2015,53666,2500,0,41178.0
101022,Nissan,Diesel,Automatic,First,2021,122557,1000,0,18935.0
101023,BMW,Hybrid,Manual,First,2018,88294,1200,0,33582.0
101024,Mercedes,Diesel,Automatic,Second,2017,46937,2200,1,35936.0
101025,Hyundai,Petrol,Manual,First,2014,99958,2200,0,11016.0
101026,Volkswagen,Diesel,Automatic,First,2014,17540,3000,0,29879.0
101027,Toyota,Diesel,Manual,First,2023,74928,2000,0,27812.0
101028,Mercedes,Diesel,Manual,Second,2015,49107,2200,1,25293.0
101029,Hyundai,Petrol,Manual,Third,2025,62968,1600,0,22110.0
101030,Ford,Petrol,Manual,Third,2021,83152,1200,1,13932.0
101031,Kia,Petrol,Automatic,Second,2017,92757,3000,0,19243.0
101032,Audi,Electric,Automatic,Second,2025,68360,1000,0,42366.0
101033,Volkswagen,Petrol,Manual,First,2012,58383,2000,0,19530.0
101034,Audi,Hybrid,Automatic,Second,2021,13412,3500,0,45678.0
101035,Volkswagen,Hybrid,Automatic,First,2015,18170,3000,0,29622.0
101036,Nissan,Petrol,Automatic,Second,2020,3000,3500,0,33055.0
101037,BMW,Diesel,Automatic,Third,2018,69989,3500,0,36564.0
101038,Volkswagen,Hybrid,Automatic,Second,2022,92698,1200,0,26849.0
101039,Audi,Diesel,Automatic,First,2017,3000,1200,0,35958.0
101040,Nissan,Electric,Automatic,Second,2022,96588,3000,1,29259.0
101041,Volkswagen,Petrol,Manual,Third,2016,106707,3500,0,22613.0
101042,Ford,Petrol,Automatic,First,2023,70452,3500,0,32415.0
101043,BMW,Hybrid,Manual,Second,2024,111214,3000,1,40313.0
101044,Volkswagen,Hybrid,Automatic,First,2013,63700,1600,0,20749.0
101045,Nissan,Electric,Manual,Second,2013,27306,2500,0,23445.0
101046,Mercedes,Diesel,Automatic,First,2017,55091,2500,0,36984.0
101047,Honda,Electric,Automatic,First,2020,113141,1200,1,28139.0
101048,Hyundai,Hybrid,Automatic,Second,2025,46606,1600,0,28489.0
101049,Honda,Hybrid,Automatic,First,2023,77588,2000,0,37165.0
101050,Honda,Diesel,Manual,First,2020,81302,1600,1,20593.0
101051,Toyota,Petrol,Manual,Second,2012,100265,2200,0,15166.0
101052,Ford,Electric,Automatic,Second,2018,9063,3500,0,39205.0
101053,Mercedes,Petrol,Automatic,First,2018,106551,1800,1,29378.0
101054,Kia,Diesel,Automatic,Second,2021,36646,1600,2,18438.0
101055,Volkswagen,Petrol,Automatic,Second,2013,110475,2000,1,13192.0
101056,Hyundai,Diesel,Automatic,Second,2025,54088,2000,0,26833.0
101057,BMW,Diesel,Manual,Second,2023,54218,1800,0,35302.0
101058,Mercedes,Petrol,Automatic,First,2021,88111,2000,1,37240.0
101059,Audi,Hybrid,Manual,First,2015,104114,1800,0,28034.0
101060,Kia,Petrol,Manual,First,2024,50842,2200,0,25953.0
101061,Toyota,Diesel,Manual,First,2019,56538,1800,0,23154.0
101062,Toyota,Petrol,Automatic,First,2017,46764,1600,1,19390.0
101063,Mercedes,Petrol,Manual,First,2022,47745,3000,1,44149.0
101064,Nissan,Petrol,Manual,Second,2025,79897,1800,0,24562.0
101065,Honda,Diesel,Automatic,Second,2024,62271,2000,2,26803.0
101066,Audi,Petrol,Automatic,Third,2018,102745,1200,0,26709.0
101067,Toyota,Electric,Manual,First,2021,44193,1000,1,25995.0
101068,Hyundai,Petrol,Manual,First,2022,87592,1400,0,24231.0
101069,Toyota,Petrol,Automatic,First,2022,86346,2200,0,31990.0
101070,BMW,Petrol,Automatic,First,2025,56556,1000,2,33290.0
101071,Volkswagen,Petrol,Automatic,Second,2017,57354,1000,0,16494.0
101072,Toyota,Hybrid,Automatic,First,2020,79622,2500,1,32618.0
101073,BMW,Hybrid,Automatic,First,2022,44233,1400,0,40595.0
101074,Mercedes,Diesel,Automatic,First,2023,54089,1200,0,39906.0
101075,Mercedes,Petrol,Manual,First,2021,25855,2500,1,42091.0
101076,Kia,Petrol,Manual,First,2021,37727,3500,0,27573.0
101077,Toyota,Diesel,Manual,First,2020,33962,1200,0,24686.0
101078,Hyundai,Electric,Automatic,First,2017,36879,3500,0,33305.0
101079,Toyota,Petrol,Manual,First,2017,12298,2200,0,23393.0
101080,Hyundai,Diesel,Automatic,First,2020,15459,2200,0,26460.0
101081,Ford,Petrol,Automatic,Second,2021,91060,3500,0,26276.0
101082,Kia,Petrol,Manual,First,2020,60759,2000,0,22098.0
101083,Ford,Diesel,Automatic,First,2014,102374,1000,0,10617.0
101084,Toyota,Petrol,Automatic,First,2018,96397,1000,1,18827.0
101085,Kia,Hybrid,Automatic,First,2014,51121,1400,3,12882.0
101086,Ford,Petrol,Automatic,First,2015,37210,1600,0,17444.0
101087,Honda,Diesel,Manual,First,2025,69553,3000,0,35276.0
101088,Toyota,Petrol,Manual,First,2020,51680,2200,0,27590.0
101089,Ford,Electric,Manual,First,2021,84091,1000,0,26489.0
101090,Honda,Petrol,Manual,Second,2019,5346,1600,0,21086.0
101091,Honda,Hybrid,Manual,Second,2017,75104,2000,0,23255.0
101092,Mercedes,Hybrid,Manual,First,2017,112699,2000,0,38440.0
101093,Toyota,Electric,Automatic,First,2019,53076,2200,0,35979.0
101094,Honda,Diesel,Manual,Second,2024,83407,3000,0,32017.0
101095,Mercedes,Diesel,Automatic,Second,2013,28178,2000,1,29496.0
101096,Ford,Petrol,Manual,Third,2025,46983,1000,1,21245.0
101097,BMW,Petrol,Automatic,First,2016,38664,1400,0,33186.0
101098,Toyota,Petrol,Manual,First,2024,110985,1000,0,25506.0
101099,Kia,Petrol,Manual,Second,2018,123855,2000,0,10761.0
101100,Hyundai,Electric,Manual,Second,2023,50266,2200,0,31118.0
101101,Hyundai,Petrol,Manual,First,2024,104040,1400,2,18117.0
101102,Ford,Diesel,Automatic,Second,2014,82512,3500,0,23861.0
101103,Nissan,Diesel,Automatic,First,2019,53472,3000,0,25357.0
101104,Nissan,Diesel,Automatic,First,2014,112722,1000,1,8481.0
101105,Ford,Diesel,Automatic,First,2025,47604,1000,2,23850.0
101106,Honda,Petrol,Automatic,First,2015,45632,2200,1,20501.0
101107,Toyota,Diesel,Automatic,Second,2021,34255,1800,0,26828.0
101108,Hyundai,Petrol,Automatic,Second,2021,91628,1800,1,17893.0
101109,Hyundai,Electric,Manual,Second,2017,36446,1800,0,25991.0
101110,Honda,Hybrid,Manual,First,2017,60664,1800,0,25621.0
101111,Hyundai,Electric,Automatic,First,2013,54595,1200,1,17940.0
101112,Kia,Petrol,Automatic,First,2013,49282,1000,1,8716.0
101113,Toyota,Petrol,Automatic,First,2014,58181,1800,2,16899.0
101114,Volkswagen,Petrol,Automatic,Second,2014,52442,3500,0,24848.0
101115,Hyundai,Petrol,Automatic,First,2015,112554,3000,0,18207.0
101116,Ford,Petrol,Automatic,First,2015,78249,2500,0,23386.0
101117,Kia,Diesel,Automatic,First,2015,67679,3000,2,19280.0
101118,Hyundai,Petrol,Automatic,First,2021,52560,1400,0,22207.0
101119,Kia,Diesel,Automatic,Second,2021,27363,1200,0,17478.0
101120,Mercedes,Hybrid,Automatic,First,2022,46163,1800,0,44520.0
101121,Volkswagen,Diesel,Manual,Second,2014,64309,2200,0,19029.0
101122,Audi,Petrol,Manual,Second,2012,63142,1600,1,19022.0
101123,Ford,Petrol,Automatic,First,2020,69547,1200,0,22602.0
101124,Ford,Diesel,Automatic,First,2025,108876,3000,0,34076.0
101125,Toyota,Petrol,Automatic,Second,2013,51549,2000,0,19261.0
101126,Kia,Diesel,Automatic,First,2025,107303,1400,1,21178.0
101127,Honda,Petrol,Automatic,Second,2014,58907,1000,1,12646.0
101128,Ford,Hybrid,Automatic,First,2013,70982,1000,0,17798.0
101129,Kia,Hybrid,Automatic,First,2017,62012,2500,0,26153.0
101130,Kia,Diesel,Automatic,Third,2017,104840,1600,0,14285.0
101131,BMW,Petrol,Manual,Second,2024,39790,3000,2,41117.0
101132,BMW,Petrol,Automatic,First,2012,88892,1800,0,25026.0
101133,Audi,Hybrid,Automatic,First,2015,117307,1800,1,29112.0
101134,Mercedes,Diesel,Automatic,First,2021,61890,2500,1,40685.0
101135,Audi,Petrol,Automatic,Second,2016,3000,2200,0,33250.0
101136,Hyundai,Petrol,Manual,First,2023,31332,2500,1,28901.0
101137,Honda,Petrol,Manual,First,2017,52056,1600,0,24875.0
101138,Hyundai,Hybrid,Automatic,Third,2016,76910,3500,1,27533.0
101139,Nissan,Petrol,Manual,First,2014,104497,1200,0,7930.0
101140,Hyundai,Diesel,Automatic,First,2014,61949,2000,0,16466.0
101141,Toyota,Diesel,Automatic,Second,2014,51783,2200,0,22605.0
101142,Hyundai,Diesel,Automatic,First,2017,84978,2000,0,18555.0
101143,Audi,Hybrid,Manual,First,2015,60078,1400,0,31679.0
101144,Ford,Hybrid,Automatic,First,2015,65785,1400,0,21080.0
101145,Ford,Diesel,Automatic,Third,2014,50484,1800,0,20626.0
101146,BMW,Petrol,Automatic,First,2025,114099,2200,0,41952.0
101147,Honda,Petrol,Manual,First,2015,70675,1200,1,12776.0
101148,Honda,Diesel,Manual,Second,2019,100348,1600,0,20816.0
101149,Toyota,Diesel,Manual,First,2014,76215,2500,1,19283.0
101150,Audi,Diesel,Manual,Second,2021,98610,1400,1,29938.0
101151,BMW,Petrol,Manual,First,2014,90527,2200,1,25816.0
101152,Nissan,Diesel,Manual,Second,2017,90310,3500,1,19780.0
101153,Honda,Petrol,Manual,Second,2012,78950,1400,1,11468.0
101154,Ford,Hybrid,Manual,Second,2021,19252,2500,0,30546.0
101155,Hyundai,Petrol,Automatic,First,2017,18280,2200,0,20439.0
101156,Hyundai,Diesel,Manual,Second,2022,34239,1000,0,16971.0
101157,BMW,Petrol,Manual,First,2020,100297,1600,0,32458.0
101158,Audi,Petrol,Manual,Second,2014,84514,2200,0,24029.0
101159,Audi,Diesel,Manual,First,2013,55078,1800,0,26882.0
101160,Mercedes,Petrol,Manual,First,2014,108761,1400,0,20408.0
101161,Volkswagen,Hybrid,Manual,First,2023,95266,1200,0,26478.0
101162,Honda,Diesel,Automatic,First,2014,80838,3000,0,26988.0
101163,Audi,Diesel,Automatic,First,2013,86532,3500,0,33420.0
101164,Ford,Petrol,Automatic,Second,2024,82853,2000,0,28409.0
101165,BMW,Diesel,Automatic,First,2022,28126,3500,0,47972.0
101166,Nissan,Diesel,Automatic,Second,2015,66496,1000,2,7905.0
101167,Mercedes,Diesel,Automatic,First,2019,81364,1800,1,34450.0
101168,Kia,Diesel,Automatic,First,2018,64064,2200,1,21356.0
101169,Toyota,Petrol,Manual,First,2021,43618,2500,0,29468.0
101170,Nissan,Petrol,Automatic,First,2020,13473,1800,0,24127.0
101171,Kia,Petrol,Manual,First,2019,40610,3500,1,27000.0
101172,Hyundai,Petrol,Manual,Third,2024,92767,3500,0,28084.0
101173,Toyota,Petrol,Automatic,First,2018,81832,1000,0,19495.0
101174,Honda,Diesel,Automatic,Second,2017,17484,1200,1,24438.0
101175,Ford,Hybrid,Manual,First,2014,87652,1600,0,16277.0
101176,Toyota,Petrol,Manual,Second,2021,25730,3500,1,34980.0
101177,Volkswagen,Electric,Automatic,First,2015,59302,1000,0,20084.0
101178,Kia,Diesel,Automatic,Third,2019,89427,1600,0,15940.0
101179,Honda,Electric,Automatic,First,2023,55267,2000,1,36153.0
101180,Volkswagen,Diesel,Automatic,First,2013,23276,2000,0,22033.0
101181,Hyundai,Diesel,Automatic,First,2023,3000,1200,2,25959.0
101182,Volkswagen,Petrol,Automatic,First,2017,36628,1000,4,18073.0
101183,Mercedes,Petrol,Manual,First,2024,51996,2500,0,43059.0
101184,Mercedes,Petrol,Manual,First,2012,76929,3000,0,31499.0
101185,BMW,Diesel,Manual,Second,2018,46991,3000,0,40497.0
101186,Nissan,Petrol,Manual,First,2015,49542,2200,0,18075.0
101187,Nissan,Hybrid,Manual,First,2023,49490,1600,2,25798.0
101188,Honda,Petrol,Manual,First,2012,43653,1200,0,12909.0
101189,Hyundai,Hybrid,Automatic,Second,2016,120552,2200,1,17248.0
101190,Audi,Petrol,Automatic,First,2016,72578,2000,1,27935.0
101191,Mercedes,Petrol,Manual,Second,2024,36561,2200,0,40096.0
101192,Honda,Petrol,Manual,First,2017,3000,1000,0,18585.0
101193,Audi,Petrol,Automatic,First,2023,68763,1600,0,34829.0
101194,Nissan,Petrol,Automatic,First,2019,108634,1000,1,13584.0
101195,BMW,Hybrid,Manual,Third,2015,80346,2200,2,29745.0
101196,Volkswagen,Petrol,Automatic,First,2024,141655,2000,0,26737.0
101197,Mercedes,Petrol,Automatic,First,2023,47692,3500,1,45547.0
101198,Honda,Hybrid,Manual,Second,2018,80842,2500,0,30211.0
101199,Toyota,Petrol,Automatic,First,2022,19986,1200,0,31286.0
101200,Audi,Electric,Manual,Second,2015,12123,2500,0,35848.0
101201,Volkswagen,Electric,Manual,Third,2025,59549,2500,0,37777.0
101202,Mercedes,Petrol,Automatic,Third,2024,99949,1200,0,36804.0
101203,Nissan,Petrol,Automatic,First,2013,115487,2200,0,13127.0
101204,Hyundai,Petrol,Automatic,First,2019,66676,1400,0,19143.0
101205,Audi,Hybrid,Automatic,Third,2016,37866,1800,0,28983.0
101206,Nissan,Diesel,Manual,First,2021,3000,2500,0,29914.0
101207,Mercedes,Diesel,Automatic,First,2015,46911,1000,2,29828.0
101208,Audi,Hybrid,Automatic,First,2023,63354,1000,0,40184.0
101209,Volkswagen,Petrol,Automatic,First,2025,47381,3500,0,39522.0
101210,Mercedes,Hybrid,Automatic,Third,2013,10817,2500,0,34386.0
101211,Kia,Diesel,Automatic,Second,2018,64671,2000,0,18846.0
101212,Honda,Diesel,Manual,First,2016,54165,1400,1,21377.0
101213,Volkswagen,Hybrid,Automatic,Second,2020,78324,2500,0,29618.0
101214,Audi,Diesel,Automatic,First,2018,40050,2500,0,36306.0
101215,Hyundai,Petrol,Automatic,Second,2020,53228,3000,0,24130.0
101216,Nissan,Petrol,Manual,First,2024,64827,3500,0,32016.0
101217,Toyota,Diesel,Automatic,First,2023,75371,3500,0,37170.0
101218,Nissan,Petrol,Manual,First,2021,49860,2000,1,22497.0
101219,Audi,Electric,Automatic,First,2021,41152,2200,1,42307.0
101220,Nissan,Petrol,Manual,First,2024,31088,2000,0,27524.0
101221,Honda,Diesel,Automatic,First,2016,66475,1400,0,23003.0
101222,Mercedes,Diesel,Manual,Third,2022,52512,3000,0,41635.0
101223,Toyota,Petrol,Manual,Third,2017,114913,1000,1,14439.0
101224,Ford,Electric,Manual,Second,2019,58285,1800,1,26950.0
101225,Audi,Hybrid,Automatic,Second,2021,68151,2000,0,39758.0
101226,BMW,Diesel,Manual,Third,2017,91792,2000,0,28636.0
101227,Ford,Petrol,Manual,Second,2022,95504,1000,0,21203.0
101228,Nissan,Petrol,Automatic,First,2015,50633,2500,1,23996.0
101229,Audi,Petrol,Automatic,Second,2013,120404,1000,0,18959.0
101230,Kia,Petrol,Manual,Second,2017,127886,1400,0,11397.0
101231,BMW,Diesel,Automatic,First,2024,53865,2500,1,39436.0
101232,Toyota,Electric,Manual,First,2024,64084,2500,1,38555.0
101233,Hyundai,Diesel,Automatic,First,2023,73427,1000,2,20904.0
101234,Kia,Hybrid,Automatic,Third,2025,40782,1000,1,21291.0
101235,Ford,Diesel,Manual,Second,2025,62177,2500,1,31309.0
101236,Mercedes,Diesel,Automatic,Second,2020,34189,1200,0,31400.0
101237,Honda,Hybrid,Manual,Second,2019,61921,1800,2,27143.0
101238,Hyundai,Diesel,Manual,First,2014,59166,2500,2,17575.0
101239,Kia,Hybrid,Manual,Second,2016,75117,1800,0,12921.0
101240,Mercedes,Petrol,Manual,First,2017,79690,2200,0,33607.0
101241,Mercedes,Petrol,Manual,First,2018,62430,2000,0,33847.0
101242,Audi,Hybrid,Automatic,Second,2013,102695,1800,1,26888.0
101243,Kia,Diesel,Manual,Second,2017,35645,1400,1,13090.0
101244,Toyota,Hybrid,Automatic,Second,2013,52413,2000,0,22991.0
101245,Nissan,Electric,Automatic,First,2019,42976,3000,0,36565.0
101246,BMW,Petrol,Automatic,Second,2018,109481,2200,0,33145.0
101247,BMW,Diesel,Manual,First,2013,58478,3500,1,29252.0
101248,Ford,Petrol,Automatic,First,2015,58839,1000,2,15087.0
101249,Ford,Diesel,Automatic,First,2018,103438,1800,1,20012.0
101250,BMW,Hybrid,Automatic,Second,2020,18557,2200,0,41381.0
101251,Toyota,Petrol,Automatic,First,2014,33614,2200,0,21443.0
101252,Honda,Diesel,Manual,First,2021,60567,2200,1,26508.0
101253,Volkswagen,Diesel,Manual,Second,2021,47540,2000,0,26245.0
101254,Nissan,Petrol,Automatic,Second,2019,90923,1200,0,12888.0
101255,Honda,Hybrid,Automatic,First,2024,21885,1200,1,35496.0
101256,Audi,Diesel,Manual,First,2020,82407,3500,0,38184.0
101257,Volkswagen,Electric,Automatic,Third,2024,34895,2000,0,40665.0
101258,Volkswagen,Petrol,Automatic,Third,2019,72722,1000,0,19099.0
101259,Kia,Petrol,Automatic,First,2015,91398,2000,1,11338.0
101260,Toyota,Diesel,Automatic,First,2015,121106,1800,0,20402.0
101261,Toyota,Petrol,Automatic,Second,2022,19919,1000,1,26752.0
101262,Volkswagen,Electric,Automatic,First,2018,68074,1800,0,29776.0
101263,Kia,Petrol,Manual,First,2015,93555,1600,1,13419.0
101264,Nissan,Hybrid,Automatic,First,2022,67097,3000,0,32312.0
101265,Volkswagen,Diesel,Manual,First,2024,76424,1000,0,26785.0
101266,Hyundai,Petrol,Automatic,Second,2021,43986,3500,0,29655.0
101267,Ford,Petrol,Automatic,First,2021,55241,1400,0,25112.0
101268,Ford,Diesel,Automatic,First,2018,41707,1200,0,22581.0
101269,Honda,Diesel,Manual,Second,2020,83205,1000,1,15488.0
101270,Audi,Petrol,Manual,Second,2023,120562,1200,1,27947.0
101271,Ford,Electric,Manual,Second,2020,69716,2200,0,29319.0
101272,Mercedes,Petrol,Manual,First,2020,66814,1800,0,34311.0
101273,Honda,Petrol,Automatic,First,2021,3000,1200,0,27680.0
101274,Ford,Diesel,Manual,First,2023,62913,1600,0,25664.0
101275,Audi,Petrol,Manual,First,2021,82027,2000,1,33848.0
101276,Toyota,Electric,Manual,First,2017,15419,2500,0,37499.0
101277,Toyota,Petrol,Manual,Second,2012,69862,2000,0,17671.0
101278,Nissan,Petrol,Manual,Third,2023,64544,2000,1,21725.0
101279,Volkswagen,Petrol,Automatic,Second,2019,4759,2000,1,28068.0
101280,Hyundai,Diesel,Manual,Second,2025,77532,1800,1,21381.0
101281,Toyota,Diesel,Manual,Second,2025,52276,1800,0,27788.0
101282,Kia,Diesel,Manual,Second,2017,68791,2000,0,17712.0
101283,Ford,Petrol,Automatic,Third,2018,74563,2000,0,17663.0
101284,Kia,Petrol,Automatic,Second,2013,42258,1000,1,6851.0
101285,Audi,Hybrid,Manual,First,2014,75330,2200,0,30156.0
101286,Toyota,Petrol,Manual,First,2017,49766,2000,0,23875.0
101287,Hyundai,Hybrid,Manual,Second,2014,69165,2000,0,12006.0
101288,Audi,Petrol,Automatic,First,2016,45566,1000,0,26284.0
101289,Mercedes,Hybrid,Manual,Third,2024,97397,2200,0,42108.0
101290,Mercedes,Petrol,Automatic,Second,2015,85681,2000,1,28783.0
101291,Kia,Diesel,Manual,Second,2016,54720,3500,1,20835.0
101292,Volkswagen,Petrol,Automatic,First,2019,86116,1200,0,17270.0
101293,Honda,Petrol,Manual,First,2015,52495,2500,1,19418.0
101294,Volkswagen,Petrol,Automatic,First,2020,71537,2500,0,29464.0
101295,Nissan,Petrol,Automatic,Second,2014,39564,2200,0,21712.0
101296,Volkswagen,Petrol,Manual,First,2023,93924,2200,1,26131.0
101297,Nissan,Diesel,Automatic,Third,2018,61376,2200,2,18435.0
101298,Nissan,Diesel,Manual,Second,2018,44765,1600,0,18417.0
101299,Hyundai,Hybrid,Manual,Second,2012,71874,1000,0,10577.0
101300,Toyota,Diesel,Manual,Third,2014,12777,3000,1,21608.0
101301,Hyundai,Diesel,Automatic,Third,2021,34704,1000,1,21216.0
101302,Nissan,Petrol,Manual,First,2012,56166,1800,0,15357.0
101303,Audi,Diesel,Automatic,Second,2019,68787,3500,0,39862.0
101304,Mercedes,Petrol,Manual,First,2021,68496,3000,1,38941.0
101305,Nissan,Hybrid,Manual,First,2016,48762,1200,1,18558.0
101306,Hyundai,Petrol,Automatic,First,2015,82556,1800,1,14707.0
101307,Audi,Petrol,Automatic,Second,2014,28068,1000,0,23095.0
101308,Hyundai,Diesel,Automatic,First,2018,56962,1200,0,15397.0
101309,Volkswagen,Petrol,Manual,Second,2019,96904,1000,0,17113.0
101310,Ford,Hybrid,Automatic,Second,2019,82282,1400,0,22164.0
101311,Kia,Hybrid,Manual,Second,2024,103223,1600,0,25011.0
101312,Honda,Petrol,Automatic,First,2012,132590,1000,0,8577.0
101313,Hyundai,Petrol,Manual,Second,2018,46625,3500,0,24772.0
101314,Honda,Diesel,Manual,Second,2016,75222,1000,0,17692.0
101315,BMW,Diesel,Automatic,First,2013,40664,1200,0,27206.0
101316,Hyundai,Petrol,Manual,Third,2019,32041,1600,2,17331.0
101317,Ford,Diesel,Manual,First,2013,77951,1200,0,13332.0
101318,Honda,Diesel,Manual,First,2017,65884,1200,0,19256.0
101319,Nissan,Petrol,Automatic,Second,2023,53005,2500,0,28118.0
101320,Hyundai,Petrol,Automatic,First,2016,82214,2500,1,20048.0
101321,Toyota,Hybrid,Automatic,First,2017,54119,2200,0,30873.0
101322,Kia,Petrol,Automatic,Second,2022,19853,1600,0,24307.0
101323,Ford,Hybrid,Automatic,First,2021,85329,2200,1,29901.0
101324,Honda,Petrol,Automatic,First,2019,44440,2000,1,26666.0
101325,Ford,Diesel,Manual,Second,2020,87521,2200,0,20223.0
101326,Audi,Hybrid,Automatic,Second,2024,75821,1000,1,38791.0
101327,Kia,Hybrid,Manual,Second,2014,3000,1800,1,16980.0
101328,Nissan,Petrol,Automatic,Second,2014,56177,1800,2,11092.0
101329,Hyundai,Petrol,Manual,First,2018,36686,2200,0,21826.0
101330,Hyundai,Hybrid,Manual,Second,2014,92830,1600,0,13143.0
101331,Hyundai,Petrol,Automatic,Second,2022,47951,1000,1,18293.0
101332,Kia,Petrol,Manual,First,2025,90496,1400,1,21793.0
101333,Toyota,Electric,Automatic,Third,2021,66948,1600,1,30686.0
101334,BMW,Petrol,Manual,Second,2023,47711,1800,0,35149.0
101335,Mercedes,Petrol,Automatic,First,2016,80037,2500,0,32610.0
101336,Volkswagen,Petrol,Automatic,Second,2021,91524,2500,0,24929.0
101337,Honda,Diesel,Automatic,Second,2015,29545,1200,1,20287.0
101338,Toyota,Diesel,Automatic,First,2022,19098,3500,1,39904.0
101339,Nissan,Petrol,Automatic,Second,2020,62654,1600,1,21270.0
101340,Honda,Petrol,Manual,Second,2022,52886,1200,0,25354.0
101341,Hyundai,Petrol,Automatic,Second,2023,79436,1800,0,20726.0
101342,Ford,Diesel,Manual,First,2019,88740,1600,1,15414.0
101343,Nissan,Petrol,Manual,First,2023,15129,1200,0,22855.0
101344,Honda,Electric,Automatic,First,2020,53749,1400,0,33702.0
101345,Hyundai,Petrol,Automatic,Second,2017,18230,1400,2,13166.0
101346,Honda,Electric,Manual,Second,2013,24271,2200,0,27794.0
101347,Ford,Petrol,Automatic,First,2019,14591,1600,0,26706.0
101348,Hyundai,Hybrid,Automatic,First,2025,53575,1000,1,28051.0
101349,BMW,Petrol,Manual,First,2012,17544,1800,1,25538.0
101350,Toyota,Petrol,Automatic,Second,2022,45006,2000,2,29582.0
101351,Audi,Hybrid,Automatic,Second,2016,38983,2000,0,33574.0
101352,Volkswagen,Hybrid,Automatic,First,2013,54714,3500,0,31502.0
101353,Kia,Petrol,Automatic,First,2024,64960,1200,0,24751.0
101354,Volkswagen,Diesel,Automatic,First,2018,62635,1800,0,22066.0
101355,Nissan,Diesel,Automatic,First,2016,28214,1600,1,17111.0
101356,Volkswagen,Hybrid,Automatic,Second,2021,63836,1800,0,28120.0
101357,Hyundai,Petrol,Automatic,First,2014,52260,2200,0,16724.0
101358,BMW,Diesel,Manual,First,2025,78752,1400,0,35288.0
101359,Audi,Diesel,Automatic,Second,2018,44984,2500,0,35773.0
101360,Toyota,Petrol,Manual,Third,2023,82461,3000,0,32071.0
101361,Toyota,Hybrid,Automatic,Third,2014,35693,1000,0,19671.0
101362,Ford,Petrol,Automatic,Third,2017,37142,1000,1,17594.0
101363,Kia,Petrol,Manual,Second,2015,61712,3000,0,17387.0
101364,Honda,Diesel,Manual,Second,2023,13265,3500,0,34767.0
101365,BMW,Diesel,Automatic,Second,2021,38574,1000,0,31531.0
101366,Honda,Petrol,Automatic,Second,2013,99361,1200,1,12504.0
101367,Audi,Petrol,Automatic,Third,2020,84985,1400,0,31492.0
101368,Volkswagen,Electric,Manual,First,2017,53434,2200,1,28878.0
101369,Toyota,Petrol,Automatic,First,2016,135523,3500,0,24656.0
101370,Audi,Diesel,Automatic,First,2024,59985,1400,0,36309.0
101371,Volkswagen,Diesel,Manual,Second,2016,69563,3000,1,22269.0
101372,Toyota,Petrol,Manual,Second,2019,108449,1200,2,14180.0
101373,Volkswagen,Electric,Manual,Second,2016,74743,1400,0,25466.0
101374,Kia,Diesel,Automatic,First,2019,55552,3000,1,26509.0
101375,BMW,Diesel,Manual,First,2019,85860,2000,1,31167.0
101376,Nissan,Diesel,Manual,Third,2012,83303,3000,2,13120.0
101377,Audi,Diesel,Manual,First,2015,43146,1800,1,26880.0
101378,Audi,Diesel,Manual,First,2020,58534,1600,0,31307.0
101379,Mercedes,Hybrid,Manual,Second,2025,69158,1200,1,39036.0
101380,Hyundai,Petrol,Automatic,First,2013,69366,1000,0,6121.0
101381,Kia,Petrol,Automatic,First,2022,39099,1800,0,25907.0
101382,Kia,Petrol,Manual,First,2015,73930,1000,0,9063.0
101383,Honda,Petrol,Automatic,First,2015,54122,2000,1,24389.0
101384,Volkswagen,Petrol,Automatic,Second,2012,79216,2000,0,16206.0
101385,Hyundai,Hybrid,Automatic,First,2021,91603,2200,0,26956.0
101386,BMW,Diesel,Manual,First,2021,40513,3000,1,37956.0
101387,BMW,Diesel,Automatic,First,2025,54004,2000,0,41954.0
101388,Kia,Diesel,Manual,Second,2018,70580,1400,0,13996.0
101389,BMW,Hybrid,Automatic,First,2023,86957,2500,0,46139.0
101390,Mercedes,Diesel,Automatic,First,2012,47857,1800,1,28107.0
101391,Audi,Hybrid,Automatic,First,2016,66047,2500,0,36206.0
101392,Ford,Petrol,Automatic,First,2019,113407,2500,0,23494.0
101393,Nissan,Electric,Manual,First,2015,89671,1400,0,21810.0
101394,Honda,Diesel,Manual,First,2016,57567,2200,0,24885.0
101395,Volkswagen,Petrol,Manual,Third,2022,121047,1600,0,21338.0
101396,Nissan,Diesel,Automatic,Third,2021,79089,3000,1,26187.0
101397,Volkswagen,Diesel,Automatic,Second,2023,117288,2200,0,27234.0
101398,Toyota,Petrol,Automatic,First,2014,98666,3500,0,26997.0
101399,Nissan,Diesel,Automatic,Second,2016,150724,1200,0,6968.0
101400,Ford,Petrol,Automatic,First,2023,109301,1000,1,20270.0
101401,Kia,Petrol,Manual,Second,2014,51433,2000,0,13905.0
101402,Mercedes,Electric,Automatic,First,2015,89211,2000,1,35517.0
101403,Audi,Diesel,Automatic,Second,2022,38022,3500,0,42967.0
101404,Audi,Hybrid,Manual,Third,2014,92555,1800,0,26762.0
101405,Mercedes,Diesel,Automatic,First,2016,116088,1200,0,23796.0
101406,Hyundai,Petrol,Manual,First,2013,40085,3000,0,17124.0
101407,Toyota,Diesel,Manual,Second,2020,87191,2000,1,20104.0
101408,Volkswagen,Diesel,Automatic,First,2014,84268,1600,0,19420.0
101409,Ford,Electric,Automatic,Third,2021,85175,2200,1,28726.0
101410,BMW,Petrol,Manual,First,2025,29532,3000,0,48954.0
101411,Nissan,Hybrid,Automatic,First,2012,50843,2500,0,20770.0
101412,Toyota,Electric,Automatic,Second,2016,74690,1000,0,21543.0
101413,Nissan,Diesel,Manual,First,2015,54045,1400,1,12842.0
101414,Ford,Electric,Automatic,First,2013,36128,3500,0,34512.0
101415,Honda,Petrol,Automatic,Second,2023,93928,1200,1,25282.0
101416,Honda,Electric,Manual,Second,2023,45698,1400,1,32254.0
101417,Toyota,Diesel,Manual,Second,2019,64046,1800,0,23521.0
101418,Kia,Petrol,Automatic,Second,2020,132176,2000,0,16435.0
101419,Ford,Electric,Automatic,First,2017,95909,1400,0,23026.0
101420,Ford,Diesel,Automatic,First,2019,66374,1200,1,19924.0
101421,Mercedes,Diesel,Automatic,First,2013,77027,1800,0,25333.0
101422,Kia,Diesel,Manual,Third,2022,73670,1600,0,18083.0
101423,Volkswagen,Petrol,Manual,First,2017,21352,1800,1,21365.0
101424,Volkswagen,Diesel,Manual,First,2012,75206,3500,1,19864.0
101425,BMW,Hybrid,Automatic,Third,2021,99326,1600,0,33396.0
101426,Audi,Petrol,Automatic,Third,2014,62631,1600,0,24754.0
101427,Honda,Petrol,Automatic,Second,2018,87453,2500,0,27803.0
101428,Volkswagen,Petrol,Automatic,First,2023,80748,2000,0,28265.0
101429,Kia,Petrol,Automatic,Second,2024,84603,1200,0,21334.0
101430,Ford,Diesel,Automatic,First,2024,33391,1400,1,28371.0
101431,Volkswagen,Hybrid,Automatic,Second,2012,77198,2500,0,23683.0
101432,Ford,Electric,Manual,First,2017,116625,1000,0,16943.0
101433,Volkswagen,Diesel,Manual,First,2018,64282,2000,0,23109.0
101434,Honda,Petrol,Automatic,First,2014,57189,1400,1,19549.0
101435,Nissan,Electric,Automatic,First,2022,89783,3000,0,37259.0
101436,Volkswagen,Hybrid,Manual,Second,2019,92885,3500,0,29376.0
101437,Kia,Diesel,Manual,Second,2019,101579,1000,0,9829.0
101438,Volkswagen,Diesel,Automatic,Second,2016,61563,1200,0,17645.0
101439,Audi,Electric,Manual,First,2022,81079,2000,0,42778.0
101440,Honda,Diesel,Manual,Second,2013,123202,1600,0,8280.0
101441,Kia,Petrol,Automatic,First,2013,40745,3500,1,18470.0
101442,Mercedes,Diesel,Automatic,First,2016,23475,1000,0,31830.0
101443,Kia,Petrol,Automatic,First,2015,88645,3500,0,21564.0
101444,Audi,Petrol,Automatic,First,2023,77890,1600,0,38277.0
101445,Nissan,Petrol,Automatic,First,2015,52644,1200,2,17967.0
101446,Honda,Petrol,Manual,First,2016,45648,3000,0,29758.0
101447,Mercedes,Petrol,Manual,Third,2012,62701,2200,0,25061.0
101448,Audi,Petrol,Automatic,Third,2018,95396,2000,0,27166.0
101449,Audi,Diesel,Automatic,First,2014,93452,3000,0,28317.0
101450,Toyota,Hybrid,Manual,First,2021,71744,2500,0,33858.0
101451,Honda,Electric,Automatic,First,2025,50726,1200,0,34378.0
101452,Kia,Petrol,Automatic,First,2021,3000,1400,0,23789.0
101453,Ford,Diesel,Manual,First,2025,78520,2200,0,29719.0
101454,Nissan,Electric,Automatic,First,2019,85102,3500,0,37939.0
101455,Ford,Petrol,Automatic,Second,2020,60699,1600,1,21361.0
101456,Kia,Diesel,Automatic,Second,2019,134980,2000,1,12861.0
101457,Kia,Hybrid,Automatic,First,2022,42805,3000,0,34356.0
101458,Honda,Petrol,Automatic,Second,2023,109372,2200,1,27476.0
101459,Kia,Hybrid,Automatic,Second,2025,87877,1400,0,27779.0
101460,Toyota,Hybrid,Manual,First,2013,59513,2000,1,24038.0
101461,Mercedes,Petrol,Automatic,First,2018,16982,2200,0,38298.0
101462,Kia,Petrol,Automatic,Third,2023,106750,1000,0,17741.0
101463,Ford,Petrol,Automatic,Second,2015,66678,2200,0,22384.0
101464,Kia,Petrol,Automatic,First,2024,119125,1800,0,25847.0
101465,Toyota,Diesel,Manual,Second,2016,67038,2200,0,19990.0
101466,Volkswagen,Diesel,Automatic,First,2022,108563,2200,0,25078.0
101467,Volkswagen,Petrol,Manual,Second,2021,22178,2000,1,27467.0
101468,Audi,Electric,Automatic,First,2016,24660,1400,0,35851.0
101469,Nissan,Petrol,Automatic,First,2022,52922,3000,0,33863.0
101470,BMW,Petrol,Manual,Second,2020,3000,1800,0,32973.0
101471,Mercedes,Petrol,Automatic,Second,2023,74461,3000,0,41957.0
101472,Hyundai,Diesel,Manual,First,2013,42188,1400,0,11035.0
101473,Audi,Petrol,Automatic,First,2013,87532,2200,1,23643.0
101474,Nissan,Petrol,Automatic,First,2014,6923,1800,0,17722.0
101475,Volkswagen,Petrol,Manual,First,2016,99568,2200,0,18100.0
101476,Ford,Hybrid,Automatic,First,2023,67567,2500,0,35672.0
101477,Hyundai,Electric,Automatic,Second,2015,92270,2500,2,19453.0
101478,Nissan,Petrol,Manual,First,2021,59837,1800,0,23785.0
101479,Nissan,Petrol,Manual,Second,2021,14999,1800,0,28166.0
101480,Audi,Diesel,Automatic,Second,2023,104633,2500,0,39259.0
101481,Hyundai,Diesel,Automatic,First,2020,87470,2000,0,22227.0
101482,Honda,Petrol,Automatic,Second,2014,93795,2000,1,14198.0
101483,BMW,Electric,Automatic,Third,2012,68765,1200,1,25763.0
101484,Honda,Diesel,Automatic,First,2016,120135,2200,0,22723.0
101485,Hyundai,Diesel,Manual,Third,2019,140619,3500,0,18751.0
101486,Honda,Diesel,Automatic,Second,2012,106290,2200,0,14387.0
101487,Toyota,Electric,Manual,Second,2012,22563,2000,0,28129.0
101488,Volkswagen,Hybrid,Automatic,First,2024,72604,1200,0,28813.0
101489,Toyota,Petrol,Automatic,Second,2017,44946,1800,0,23525.0
101490,Kia,Petrol,Manual,First,2018,24531,2000,1,18090.0
101491,Honda,Diesel,Automatic,Second,2025,61343,1600,0,28874.0
101492,Kia,Petrol,Automatic,Second,2019,99566,3500,2,24519.0
101493,Ford,Diesel,Automatic,First,2019,52015,2000,0,22787.0
101494,Mercedes,Hybrid,Manual,First,2014,47685,1800,0,30996.0
101495,Ford,Diesel,Automatic,First,2015,55868,3500,1,27085.0
101496,Hyundai,Electric,Automatic,First,2020,127627,3000,0,30234.0
101497,Nissan,Petrol,Manual,Second,2022,80800,2000,0,20431.0
101498,Volkswagen,Hybrid,Automatic,First,2016,43774,1000,0,22464.0
101499,Honda,Hybrid,Manual,First,2025,117478,3500,0,37224.0
101500,Audi,Petrol,Automatic,First,2022,68970,3500,1,41993.0
101501,Mercedes,Diesel,Automatic,Second,2025,39850,1000,0,38617.0
101502,BMW,Petrol,Manual,First,2020,50351,1200,1,28512.0
101503,BMW,Hybrid,Manual,Third,2023,40486,1200,0,37664.0
101504,BMW,Diesel,Manual,Second,2016,61102,1600,0,25597.0
101505,Honda,Petrol,Manual,Second,2016,63119,3500,0,22836.0
101506,BMW,Diesel,Automatic,First,2020,70988,1200,1,32463.0
101507,Toyota,Diesel,Automatic,First,2017,49011,2500,0,28139.0
101508,Mercedes,Petrol,Automatic,First,2014,83530,2500,1,28382.0
101509,Toyota,Petrol,Manual,First,2023,113135,1200,0,25325.0
101510,Nissan,Petrol,Manual,Second,2016,47419,3000,0,22758.0
101511,Mercedes,Diesel,Manual,First,2012,103892,3000,0,28687.0
101512,Toyota,Hybrid,Automatic,First,2020,71121,3000,0,36745.0
101513,Mercedes,Electric,Automatic,Second,2021,60463,3000,0,45847.0
101514,Nissan,Diesel,Manual,First,2025,87254,2200,0,28890.0
101515,Kia,Hybrid,Manual,First,2021,80034,3000,0,28249.0
101516,Honda,Petrol,Manual,First,2022,84408,2500,1,31147.0
101517,Honda,Diesel,Manual,Second,2018,44337,3500,0,26455.0
101518,BMW,Petrol,Automatic,First,2012,35037,2500,1,29212.0
101519,Ford,Petrol,Automatic,Second,2025,3000,2200,1,30578.0
101520,BMW,Diesel,Automatic,First,2022,77334,1200,0,33426.0
101521,Hyundai,Petrol,Automatic,First,2022,37814,1200,1,21627.0
101522,Toyota,Diesel,Automatic,Second,2015,47841,2500,0,23404.0
101523,Mercedes,Hybrid,Automatic,Second,2013,62072,1200,0,26816.0
101524,Ford,Petrol,Automatic,Second,2014,28121,1200,0,13901.0
101525,Nissan,Petrol,Manual,Second,2015,108477,2200,0,16404.0
101526,Hyundai,Hybrid,Manual,First,2023,56751,2200,1,28156.0
101527,Nissan,Hybrid,Manual,Second,2025,81479,1000,0,21797.0
101528,Honda,Petrol,Automatic,Second,2013,91600,2200,1,15051.0
101529,Honda,Petrol,Automatic,Second,2021,11326,1800,3,26967.0
101530,BMW,Diesel,Automatic,Third,2012,54383,1800,0,24057.0
101531,Toyota,Diesel,Manual,First,2022,90454,1200,0,24478.0
101532,Ford,Petrol,Automatic,Second,2015,35297,2000,1,19505.0
101533,Volkswagen,Petrol,Automatic,Third,2020,74804,1600,2,16521.0
101534,Hyundai,Hybrid,Manual,First,2025,38562,2200,1,32119.0
101535,Hyundai,Diesel,Automatic,First,2022,77266,1200,1,21565.0
101536,BMW,Electric,Manual,Second,2022,48744,2500,1,40767.0
101537,Honda,Hybrid,Automatic,First,2020,67687,1800,0,30876.0
101538,BMW,Electric,Automatic,Second,2023,103655,2500,1,39255.0
101539,Mercedes,Petrol,Automatic,First,2020,86507,2200,0,37724.0
101540,Ford,Hybrid,Manual,Second,2014,43441,1400,0,17636.0
101541,Toyota,Petrol,Manual,First,2012,81079,3000,0,18971.0
101542,Kia,Diesel,Automatic,First,2012,77050,3000,0,15528.0
101543,Audi,Diesel,Automatic,Second,2025,100514,1200,3,29985.0
101544,Audi,Petrol,Automatic,Second,2014,67987,1400,0,23944.0
101545,BMW,Hybrid,Manual,First,2021,66889,3500,0,44503.0
101546,Mercedes,Hybrid,Automatic,First,2025,89089,3500,0,53804.0
101547,Ford,Petrol,Manual,Second,2019,89540,1000,0,15768.0
101548,Volkswagen,Diesel,Automatic,Second,2015,166039,1000,2,6162.0
101549,Audi,Petrol,Automatic,Second,2022,111446,1400,0,32661.0
101550,Ford,Petrol,Automatic,Second,2019,65784,1400,0,20807.0
101551,Toyota,Hybrid,Manual,First,2025,62562,1800,0,33109.0
101552,Nissan,Petrol,Manual,Second,2018,42793,2000,1,18585.0
101553,Mercedes,Electric,Automatic,Second,2025,20390,1600,0,50177.0
101554,Honda,Petrol,Automatic,First,2019,68747,3500,0,34565.0
101555,Ford,Diesel,Automatic,First,2013,3000,2200,0,24573.0
101556,Toyota,Diesel,Automatic,Second,2019,124394,1400,0,22140.0
101557,Volkswagen,Petrol,Manual,Second,2020,40939,1600,1,21339.0
101558,Kia,Petrol,Automatic,Second,2021,103966,1800,1,13982.0
101559,Honda,Hybrid,Manual,Second,2022,61651,2500,0,33991.0
101560,Kia,Hybrid,Manual,First,2017,82460,3000,0,23105.0
101561,Volkswagen,Petrol,Manual,Second,2025,27152,1400,0,30390.0
101562,Toyota,Diesel,Manual,Second,2014,82800,1000,0,13246.0
101563,Audi,Petrol,Manual,First,2018,69332,1200,0,25342.0
101564,Kia,Petrol,Manual,First,2020,123995,1200,0,12765.0
101565,Honda,Diesel,Automatic,Second,2019,27178,1400,1,24252.0
101566,BMW,Petrol,Manual,Third,2025,25767,1200,0,36719.0
101567,Hyundai,Hybrid,Manual,First,2019,34565,1000,0,19612.0
101568,Ford,Diesel,Automatic,First,2022,4397,2000,0,31054.0
101569,Audi,Electric,Manual,First,2018,40023,2200,0,39509.0
101570,Kia,Diesel,Manual,First,2016,36684,1000,0,12120.0
101571,Nissan,Electric,Manual,First,2013,64319,3000,0,26454.0
101572,Ford,Diesel,Automatic,Second,2016,66570,2200,1,20033.0
101573,BMW,Diesel,Manual,Second,2016,20608,1600,0,29831.0
101574,Volkswagen,Electric,Automatic,Second,2013,101426,1400,1,17353.0
101575,Hyundai,Diesel,Manual,First,2022,82758,2000,0,23028.0
101576,Toyota,Petrol,Automatic,Second,2021,93170,1400,1,21728.0
101577,BMW,Diesel,Automatic,Second,2012,101189,1600,0,23846.0
101578,BMW,Electric,Automatic,First,2016,36304,3000,0,44547.0
101579,Volkswagen,Hybrid,Automatic,First,2017,48068,1800,0,27448.0
101580,Mercedes,Diesel,Automatic,Second,2024,77019,3500,0,48455.0
101581,Volkswagen,Diesel,Automatic,Second,2018,104186,1800,0,19746.0
101582,Mercedes,Electric,Automatic,Second,2022,74950,3000,0,49265.0
101583,Mercedes,Petrol,Manual,First,2013,65342,1200,0,23471.0
101584,Audi,Diesel,Automatic,Second,2017,45470,2200,0,30133.0
101585,Audi,Petrol,Automatic,First,2023,26071,2200,0,42736.0
101586,Honda,Diesel,Automatic,Second,2019,100264,2000,1,21374.0
101587,Kia,Diesel,Manual,Second,2017,54479,1600,0,13040.0
101588,Kia,Petrol,Automatic,First,2014,67334,2200,0,15113.0
101589,Toyota,Petrol,Automatic,First,2014,116675,1400,0,18203.0
101590,Kia,Diesel,Automatic,First,2022,54967,3000,2,25589.0
101591,Audi,Petrol,Automatic,First,2018,67944,1000,1,30137.0
101592,Honda,Petrol,Automatic,First,2013,51775,2000,0,18117.0
101593,Honda,Hybrid,Automatic,Second,2014,26806,1000,0,22193.0
101594,Mercedes,Petrol,Manual,Second,2018,75870,2000,0,30440.0
101595,Volkswagen,Diesel,Automatic,Second,2020,7038,1800,0,26583.0
101596,Toyota,Electric,Automatic,Second,2012,109310,1800,0,21484.0
101597,Mercedes,Petrol,Manual,Second,2016,4115,3500,0,38155.0
101598,Volkswagen,Petrol,Automatic,Third,2024,57617,2000,0,28016.0
101599,Kia,Diesel,Manual,First,2013,50094,2500,1,15563.0
101600,Mercedes,Hybrid,Automatic,Second,2023,99432,3000,0,43106.0
101601,Ford,Electric,Manual,First,2016,44425,1400,0,20162.0
101602,Kia,Electric,Manual,First,2024,18192,1800,1,32124.0
101603,Volkswagen,Hybrid,Automatic,Second,2024,26548,2000,2,31943.0
101604,Toyota,Petrol,Manual,First,2017,3000,1000,1,20366.0
101605,Volkswagen,Petrol,Automatic,Second,2019,92281,1000,0,16639.0
101606,Mercedes,Petrol,Manual,First,2018,121139,1000,0,23476.0
101607,Mercedes,Petrol,Automatic,First,2016,102426,1200,0,28770.0
101608,BMW,Diesel,Automatic,Second,2022,67333,1600,0,33120.0
101609,Toyota,Diesel,Automatic,First,2016,76159,2000,0,24080.0
101610,Nissan,Petrol,Automatic,First,2025,55588,1400,0,29007.0
101611,Kia,Hybrid,Automatic,First,2013,49406,3000,0,21924.0
101612,Honda,Petrol,Automatic,Third,2017,80959,1400,0,18260.0
101613,Toyota,Petrol,Manual,First,2014,26286,1600,1,18921.0
101614,Honda,Diesel,Automatic,First,2017,82357,1600,0,23344.0
101615,Toyota,Petrol,Automatic,Second,2014,64667,1800,0,19977.0
101616,Toyota,Petrol,Manual,Second,2013,85896,1800,0,16804.0
101617,Volkswagen,Petrol,Automatic,Second,2019,81378,1200,1,17105.0
101618,Toyota,Petrol,Automatic,First,2015,29349,2000,0,25859.0
101619,BMW,Hybrid,Automatic,Third,2016,88741,3000,0,34936.0
101620,Nissan,Electric,Automatic,Second,2020,111865,1800,2,25662.0
101621,Mercedes,Petrol,Automatic,First,2015,89188,1000,0,28801.0
101622,Hyundai,Petrol,Manual,First,2024,38437,3000,1,27047.0
101623,Honda,Diesel,Automatic,Third,2012,92174,2200,0,14027.0
101624,Mercedes,Electric,Automatic,Second,2022,79334,2200,0,43307.0
101625,Hyundai,Petrol,Automatic,Second,2017,9431,2000,0,20328.0
101626,Nissan,Petrol,Automatic,Second,2022,58870,1000,1,18528.0
101627,Nissan,Hybrid,Automatic,Second,2022,90402,2200,1,24013.0
101628,Honda,Diesel,Automatic,First,2016,63464,1600,0,23039.0
101629,Honda,Petrol,Automatic,First,2021,81688,1800,0,27546.0
101630,Nissan,Diesel,Automatic,Second,2014,48311,2200,0,15365.0
101631,Hyundai,Petrol,Manual,First,2022,74464,1400,1,17283.0
101632,Toyota,Diesel,Automatic,First,2022,102875,1200,0,22548.0
101633,Kia,Diesel,Automatic,Second,2025,80546,1000,1,16764.0
101634,Ford,Hybrid,Manual,First,2016,73242,2500,0,20152.0
101635,Mercedes,Diesel,Automatic,First,2019,68461,2500,1,34483.0
101636,Volkswagen,Petrol,Manual,Second,2012,63066,2200,0,12836.0
101637,Mercedes,Petrol,Manual,Second,2015,43462,3500,1,34524.0
101638,Volkswagen,Hybrid,Automatic,First,2014,55649,3000,0,26746.0
101639,Hyundai,Petrol,Automatic,Second,2015,70855,3500,1,20030.0
101640,Volkswagen,Petrol,Manual,Second,2013,5891,1000,0,14909.0
101641,Honda,Petrol,Manual,First,2013,103583,1400,0,15880.0
101642,Kia,Hybrid,Manual,First,2013,49756,1800,0,14497.0
101643,Kia,Diesel,Automatic,First,2014,29650,1200,0,14276.0
101644,Honda,Petrol,Automatic,Second,2023,125297,2200,0,28841.0
101645,BMW,Petrol,Manual,First,2020,71051,2000,2,29674.0
101646,Hyundai,Hybrid,Automatic,Second,2016,97596,3500,0,21366.0
101647,BMW,Diesel,Manual,Second,2015,45046,1200,0,23393.0
101648,BMW,Diesel,Automatic,First,2024,99035,2500,0,40821.0
101649,Mercedes,Hybrid,Manual,First,2015,86804,1400,1,26241.0
101650,Nissan,Electric,Automatic,First,2014,55537,1600,2,20431.0
101651,Mercedes,Petrol,Automatic,First,2020,13988,1800,0,41690.0
101652,Nissan,Electric,Manual,Second,2022,96581,2000,0,29235.0
101653,Ford,Petrol,Automatic,Second,2021,59121,3000,0,26438.0
101654,Volkswagen,Petrol,Automatic,First,2012,100338,3000,0,20904.0
101655,Nissan,Hybrid,Automatic,First,2025,54504,3000,0,37237.0
101656,Honda,Petrol,Manual,First,2017,62784,2500,0,25939.0
101657,Mercedes,Petrol,Manual,Third,2015,75822,1800,0,25412.0
101658,Hyundai,Petrol,Automatic,Second,2019,124346,1800,0,15149.0
101659,Volkswagen,Diesel,Automatic,Second,2018,40843,1600,0,23041.0
101660,Ford,Petrol,Automatic,First,2014,52398,2200,4,17819.0
101661,Nissan,Diesel,Manual,First,2016,48617,1600,0,17310.0
101662,Ford,Hybrid,Automatic,First,2022,46089,1800,0,29496.0
101663,Hyundai,Diesel,Automatic,Third,2022,63223,3000,0,26470.0
101664,BMW,Petrol,Automatic,Second,2015,98507,2200,2,27704.0
101665,Kia,Electric,Automatic,Second,2015,53830,3000,1,25704.0
101666,Hyundai,Petrol,Manual,Second,2021,121451,2500,0,16435.0
101667,Audi,Petrol,Automatic,First,2019,104500,1400,0,29625.0
101668,Hyundai,Petrol,Automatic,First,2020,61779,1400,0,21780.0
101669,Ford,Diesel,Automatic,First,2022,43033,1200,0,28913.0
101670,Honda,Petrol,Manual,First,2024,87238,1400,0,24643.0
101671,Mercedes,Petrol,Automatic,First,2025,109621,3500,0,45681.0
101672,Honda,Petrol,Automatic,First,2025,96133,1400,1,30010.0
101673,Ford,Petrol,Automatic,Second,2015,44434,1400,0,15950.0
101674,Mercedes,Diesel,Manual,Third,2023,60464,2000,2,34085.0
101675,Audi,Hybrid,Automatic,Third,2013,21456,3000,0,33665.0
101676,Kia,Hybrid,Automatic,First,2012,25481,2200,0,19926.0
101677,Volkswagen,Petrol,Automatic,First,2025,93845,2200,0,33395.0
101678,Ford,Petrol,Automatic,Second,2021,82766,2200,0,23766.0
101679,Nissan,Electric,Manual,Second,2015,114498,1000,0,12121.0
101680,Ford,Petrol,Automatic,Third,2019,29678,1600,0,22900.0
101681,Ford,Hybrid,Manual,Second,2016,105698,3000,0,20824.0
101682,Mercedes,Petrol,Automatic,Second,2013,104236,1600,1,24037.0
101683,Toyota,Electric,Automatic,First,2022,127379,2200,0,34778.0
101684,Hyundai,Petrol,Automatic,First,2015,91217,1200,0,11560.0
101685,Toyota,Petrol,Manual,First,2015,3000,2000,0,22956.0
101686,Audi,Diesel,Automatic,Second,2021,81701,1800,0,32383.0
101687,Nissan,Diesel,Manual,First,2016,9311,3500,1,25697.0
101688,Kia,Petrol,Automatic,Second,2013,3000,1200,0,11974.0
101689,BMW,Diesel,Automatic,Second,2018,73290,1400,0,32061.0
101690,Audi,Diesel,Manual,First,2016,88978,1400,0,24883.0
101691,BMW,Petrol,Manual,Third,2015,13691,1400,1,23195.0
101692,BMW,Petrol,Automatic,First,2019,3000,1800,1,34589.0
101693,Kia,Diesel,Manual,Third,2013,52101,3500,0,17158.0
101694,Honda,Petrol,Automatic,Third,2012,80705,3000,1,15337.0
101695,Toyota,Diesel,Automatic,First,2017,64541,2200,0,28167.0
101696,Ford,Petrol,Automatic,First,2021,54806,2000,0,29302.0
101697,Volkswagen,Petrol,Automatic,First,2021,28805,1600,0,25685.0
101698,BMW,Petrol,Automatic,Second,2019,54795,1800,0,33888.0
101699,Nissan,Diesel,Automatic,First,2018,94995,2000,0,20893.0
101700,Audi,Petrol,Manual,Third,2020,70540,2500,0,35379.0
101701,Honda,Petrol,Manual,First,2012,74864,3000,0,22787.0
101702,BMW,Petrol,Automatic,Second,2014,118315,1200,1,18467.0
101703,Honda,Electric,Manual,Third,2020,124557,2500,2,26036.0
101704,Honda,Petrol,Automatic,Second,2016,121701,2500,2,16670.0
101705,BMW,Diesel,Automatic,First,2017,145110,2200,0,28345.0
101706,Mercedes,Petrol,Manual,Second,2025,39268,1600,1,36523.0
101707,Hyundai,Petrol,Automatic,First,2022,29202,3000,1,26727.0
101708,Nissan,Diesel,Manual,First,2024,81362,2200,0,30886.0
101709,Ford,Diesel,Automatic,First,2018,57116,1800,0,19279.0
101710,Ford,Electric,Automatic,First,2014,66102,1600,1,22942.0
101711,Nissan,Electric,Automatic,Second,2018,3413,2000,1,27041.0
101712,Mercedes,Hybrid,Manual,First,2014,74845,2000,0,28558.0
101713,Ford,Diesel,Manual,Second,2017,52652,3000,0,21530.0
101714,Honda,Diesel,Manual,First,2019,53485,2200,0,28379.0
101715,Kia,Petrol,Automatic,First,2018,60653,1000,0,17194.0
101716,Audi,Electric,Automatic,First,2016,17125,1600,2,38245.0
101717,Toyota,Diesel,Manual,First,2023,46502,1600,0,29913.0
101718,Ford,Diesel,Automatic,First,2017,109367,1800,0,15309.0
101719,Nissan,Petrol,Automatic,Second,2015,74971,1800,1,13469.0
101720,Kia,Petrol,Manual,Third,2013,108385,3500,1,13451.0
101721,BMW,Electric,Automatic,First,2018,29457,1600,0,40765.0
101722,Hyundai,Petrol,Automatic,First,2015,72579,1400,0,12485.0
101723,Nissan,Petrol,Manual,First,2017,32806,2000,0,18939.0
101724,Honda,Petrol,Manual,Second,2021,128725,1200,0,19521.0
101725,Hyundai,Hybrid,Manual,Second,2023,31460,3000,2,30795.0
101726,Audi,Petrol,Automatic,Second,2013,95568,2000,0,24140.0
101727,Audi,Hybrid,Automatic,First,2025,52846,1800,1,44881.0
101728,Mercedes,Petrol,Manual,First,2013,100181,1400,0,19832.0
101729,Volkswagen,Hybrid,Manual,First,2017,24882,1600,0,24913.0
101730,Mercedes,Diesel,Automatic,Second,2019,49671,2000,0,35679.0
101731,Kia,Petrol,Manual,First,2012,84252,1400,0,8489.0
101732,Hyundai,Diesel,Manual,Second,2025,62573,3500,0,33936.0
101733,Volkswagen,Petrol,Automatic,First,2021,70237,2200,0,29453.0
101734,BMW,Petrol,Manual,First,2018,52583,1800,0,32469.0
101735,Honda,Hybrid,Automatic,First,2017,59144,3500,0,33969.0
101736,Hyundai,Petrol,Automatic,Second,2025,57595,1000,0,24248.0
101737,Mercedes,Petrol,Automatic,First,2016,42480,3000,1,37425.0
101738,Toyota,Petrol,Automatic,Third,2024,125870,3000,0,30800.0
101739,Volkswagen,Petrol,Manual,First,2021,114271,1000,0,20934.0
101740,Volkswagen,Hybrid,Manual,First,2024,108269,1600,0,28468.0
101741,Honda,Petrol,Manual,First,2023,86626,1600,0,27161.0
101742,Ford,Electric,Automatic,Second,2024,95540,3500,2,35399.0
101743,Audi,Electric,Automatic,First,2019,44723,2500,1,43130.0
101744,Audi,Petrol,Automatic,First,2012,32880,1200,1,23617.0
101745,Toyota,Petrol,Automatic,First,2016,103778,2200,1,20247.0
101746,Kia,Hybrid,Automatic,First,2023,79900,2500,2,29327.0
101747,Kia,Petrol,Automatic,Second,2017,104160,1400,0,13274.0
101748,BMW,Petrol,Automatic,First,2015,78836,3500,0,35701.0
101749,Hyundai,Petrol,Automatic,Second,2021,43795,1400,1,19068.0
101750,Nissan,Diesel,Automatic,Second,2022,30926,3000,0,31135.0
101751,Ford,Hybrid,Automatic,Second,2023,83265,2500,2,31974.0
101752,Mercedes,Petrol,Manual,First,2021,91154,1000,0,30386.0
101753,Nissan,Petrol,Automatic,First,2013,83431,1200,1,9256.0
101754,Nissan,Electric,Automatic,Third,2024,36689,1600,0,35472.0
101755,Volkswagen,Hybrid,Manual,Second,2019,73443,2000,0,29195.0
101756,Toyota,Diesel,Manual,First,2016,74860,1400,0,17559.0
101757,Audi,Hybrid,Manual,First,2021,46411,1600,0,37265.0
101758,BMW,Petrol,Automatic,Third,2017,106956,1600,0,24133.0
101759,Kia,Hybrid,Automatic,First,2020,62262,3500,0,30855.0
101760,Toyota,Petrol,Manual,Second,2025,112386,2200,0,28766.0
101761,Volkswagen,Petrol,Manual,First,2013,78450,2200,0,16968.0
101762,Mercedes,Diesel,Automatic,First,2016,62237,2200,0,31440.0
101763,BMW,Petrol,Automatic,First,2023,70592,1600,0,37516.0
101764,Volkswagen,Electric,Automatic,First,2012,4389,1800,0,26943.0
101765,Audi,Petrol,Automatic,First,2014,66592,1600,0,25475.0
101766,Audi,Electric,Automatic,Second,2017,3000,3000,0,46027.0
101767,Audi,Electric,Automatic,Second,2019,51157,1600,0,38298.0
101768,Toyota,Petrol,Manual,Second,2023,78905,1000,1,23780.0
101769,Toyota,Hybrid,Automatic,Second,2016,54935,2500,0,27096.0
101770,Kia,Petrol,Manual,First,2023,112395,2000,0,20286.0
101771,Kia,Electric,Automatic,First,2015,67355,1200,0,17966.0
101772,Mercedes,Diesel,Automatic,Third,2016,86802,1000,1,24502.0
101773,BMW,Diesel,Automatic,First,2015,63476,3500,0,36995.0
101774,Honda,Diesel,Manual,First,2013,78288,2200,0,16156.0
101775,Honda,Petrol,Automatic,Third,2025,58088,2500,0,33154.0
101776,Volkswagen,Petrol,Automatic,First,2012,86075,3500,0,26046.0
101777,Audi,Petrol,Manual,Second,2019,102347,3000,0,28920.0
101778,BMW,Hybrid,Automatic,Second,2025,71081,1600,0,40153.0
101779,Nissan,Diesel,Manual,First,2024,108767,2200,0,27220.0
101780,Toyota,Diesel,Manual,First,2012,59164,1800,0,17021.0
101781,Hyundai,Petrol,Manual,Third,2013,106088,1200,0,6641.0
101782,Ford,Diesel,Automatic,First,2016,90706,1400,1,16655.0
101783,Mercedes,Petrol,Automatic,First,2019,60357,2500,0,41939.0
101784,Audi,Hybrid,Manual,First,2021,88380,3500,0,39475.0
101785,Audi,Electric,Automatic,Second,2014,87612,1800,0,31079.0
101786,Audi,Petrol,Automatic,Second,2022,93810,1400,0,33699.0
101787,Toyota,Petrol,Manual,Third,2022,3677,2500,0,34674.0
101788,Toyota,Petrol,Automatic,Third,2020,33514,2200,2,25674.0
101789,Ford,Diesel,Manual,Third,2025,58026,2200,0,31281.0
101790,Nissan,Diesel,Manual,First,2017,74008,2200,0,17693.0
101791,BMW,Hybrid,Manual,Second,2022,84387,1800,0,36633.0
101792,Audi,Petrol,Automatic,First,2014,53412,1600,0,28685.0
101793,Honda,Hybrid,Automatic,First,2021,90160,2000,0,32051.0
101794,Kia,Diesel,Automatic,Second,2018,3000,2000,0,21840.0
101795,Honda,Petrol,Automatic,First,2023,24274,2000,1,32638.0
101796,Volkswagen,Diesel,Automatic,Third,2018,50145,2500,0,25320.0
101797,Honda,Petrol,Automatic,First,2018,128004,2000,1,26037.0
101798,Volkswagen,Diesel,Automatic,Second,2015,92806,3500,1,23243.0
101799,Hyundai,Hybrid,Automatic,First,2025,53623,1600,0,31272.0
101800,Kia,Petrol,Manual,First,2017,115760,3500,0,21387.0
101801,Honda,Hybrid,Automatic,First,2014,35998,3500,0,31204.0
101802,Hyundai,Diesel,Automatic,First,2025,43316,1600,0,26709.0
101803,Mercedes,Petrol,Manual,First,2015,73476,1800,0,29377.0
101804,BMW,Diesel,Manual,Third,2014,68656,2200,1,22571.0
101805,Hyundai,Diesel,Automatic,Second,2014,77528,1000,0,8052.0
101806,BMW,Petrol,Manual,First,2012,54613,1000,0,22085.0
101807,Honda,Petrol,Automatic,First,2016,85874,1800,0,22025.0
101808,Nissan,Petrol,Automatic,First,2023,69022,1800,0,29410.0
101809,Hyundai,Petrol,Manual,First,2014,101868,1000,0,7788.0
101810,Kia,Petrol,Manual,Second,2023,89516,2200,0,21592.0
101811,Honda,Petrol,Automatic,First,2012,45334,2200,0,14610.0
101812,Audi,Petrol,Manual,Second,2020,29762,1600,1,29258.0
101813,Toyota,Electric,Manual,First,2022,97300,1200,0,33849.0
101814,Hyundai,Petrol,Manual,Second,2023,32110,1200,0,17787.0
101815,Kia,Hybrid,Automatic,Second,2015,96854,1600,1,16458.0
101816,Mercedes,Diesel,Automatic,First,2023,57140,1200,1,36546.0
101817,Audi,Diesel,Automatic,Second,2020,83888,1000,0,29763.0
101818,Mercedes,Petrol,Automatic,Second,2013,46639,1000,2,22553.0
101819,Honda,Electric,Automatic,Second,2013,79172,2500,1,28576.0
101820,Toyota,Diesel,Manual,First,2015,99715,1200,0,12166.0
101821,Hyundai,Hybrid,Manual,Third,2015,51923,3000,0,22324.0
101822,Hyundai,Petrol,Manual,Second,2016,38458,1200,1,14846.0
101823,Nissan,Petrol,Automatic,First,2022,41220,1600,1,24277.0
101824,Nissan,Diesel,Automatic,First,2012,3000,2200,0,20197.0
101825,Honda,Petrol,Automatic,First,2016,39770,2200,1,24885.0
101826,Honda,Diesel,Automatic,First,2023,101959,3500,0,34700.0
101827,Toyota,Petrol,Manual,Third,2025,14157,2500,1,32791.0
101828,Nissan,Diesel,Automatic,First,2021,49152,1400,0,24039.0
101829,Kia,Electric,Manual,Second,2013,69420,1000,1,8737.0
101830,Kia,Diesel,Automatic,First,2016,68724,1600,0,14990.0
101831,Toyota,Hybrid,Automatic,First,2021,40115,1400,0,29464.0
101832,Kia,Diesel,Manual,Third,2021,104465,1600,0,14133.0
101833,Volkswagen,Diesel,Automatic,First,2017,87863,2000,0,25259.0
101834,BMW,Electric,Automatic,Second,2014,36107,1000,1,28688.0
101835,Toyota,Hybrid,Automatic,Third,2015,60634,1000,0,19149.0
101836,Toyota,Hybrid,Manual,Third,2016,47266,1200,2,17499.0
101837,Ford,Petrol,Manual,Second,2017,79600,3500,0,25145.0
101838,Audi,Diesel,Manual,Second,2020,109417,3500,0,35993.0
101839,Audi,Petrol,Manual,Second,2020,80087,1400,1,27510.0
101840,Volkswagen,Petrol,Manual,First,2017,113385,1800,0,19981.0
101841,Nissan,Diesel,Manual,Second,2023,61886,3000,0,26923.0
101842,Honda,Hybrid,Automatic,Third,2012,16703,2000,1,19787.0
101843,Honda,Hybrid,Automatic,First,2017,43313,1800,0,31415.0
101844,Mercedes,Petrol,Automatic,First,2021,86965,2500,0,43306.0
101845,Volkswagen,Petrol,Manual,Second,2014,62932,1000,0,8773.0
101846,Toyota,Hybrid,Automatic,Second,2016,68496,2200,0,28206.0
101847,Volkswagen,Petrol,Automatic,First,2016,51813,2500,0,23637.0
101848,Volkswagen,Diesel,Manual,Second,2021,48523,3000,0,32587.0
101849,Volkswagen,Petrol,Automatic,Second,2015,99581,3000,1,20696.0
101850,Audi,Petrol,Manual,Second,2014,120955,2500,0,19887.0
101851,Volkswagen,Electric,Manual,First,2012,50872,3500,0,29849.0
101852,BMW,Petrol,Automatic,First,2018,46126,1400,1,32428.0
101853,Honda,Petrol,Manual,Second,2024,90895,2000,2,25746.0
101854,Mercedes,Petrol,Manual,Second,2019,111931,1800,0,32178.0
101855,BMW,Electric,Automatic,First,2016,98306,1400,1,34697.0
101856,Mercedes,Hybrid,Manual,First,2019,123357,1200,0,31852.0
101857,Ford,Petrol,Manual,First,2015,99965,1200,0,8652.0
101858,Mercedes,Petrol,Automatic,First,2019,89774,3500,0,41839.0
101859,Honda,Diesel,Automatic,Third,2014,103108,3500,0,22544.0
101860,Honda,Petrol,Automatic,Second,2019,78852,3500,0,30745.0
101861,Volkswagen,Diesel,Automatic,Second,2017,69240,1600,0,18800.0
101862,Hyundai,Petrol,Automatic,First,2020,82869,3000,1,21505.0
101863,Ford,Petrol,Manual,First,2024,81405,1200,1,20568.0
101864,Toyota,Diesel,Automatic,First,2016,45637,1800,0,25888.0
101865,Kia,Petrol,Manual,Second,2012,81557,2500,1,11436.0
101866,Mercedes,Hybrid,Automatic,First,2019,70759,3500,1,47767.0
101867,Hyundai,Petrol,Automatic,Second,2022,80610,1200,0,18707.0
101868,Volkswagen,Petrol,Manual,First,2014,66744,2200,0,18703.0
101869,Audi,Electric,Manual,First,2022,78095,2000,0,39644.0
101870,Toyota,Petrol,Automatic,First,2016,75164,1000,1,18344.0
101871,Nissan,Diesel,Automatic,Second,2025,32398,2200,0,30871.0
101872,Hyundai,Petrol,Manual,First,2013,44530,3500,1,16417.0
101873,Audi,Diesel,Automatic,First,2018,21445,3000,0,40182.0
101874,Ford,Diesel,Automatic,Third,2016,108005,1000,0,8460.0
101875,Volkswagen,Petrol,Automatic,Second,2023,64906,1200,1,22013.0
101876,Toyota,Hybrid,Manual,First,2018,75142,2200,1,27562.0
101877,Toyota,Diesel,Automatic,First,2023,64908,1000,1,24825.0
101878,Toyota,Petrol,Automatic,First,2025,35020,1200,0,31506.0
101879,Ford,Diesel,Automatic,Second,2018,59993,1400,0,18981.0
101880,Mercedes,Diesel,Manual,Second,2016,65355,1200,0,27763.0
101881,Nissan,Petrol,Automatic,First,2016,12347,1200,1,20231.0
101882,Ford,Petrol,Automatic,Second,2020,80452,1200,0,17978.0
101883,Kia,Petrol,Automatic,First,2014,75634,2200,0,16963.0
101884,Nissan,Petrol,Automatic,First,2025,54736,3500,0,36061.0
101885,Honda,Hybrid,Manual,Third,2019,108959,1600,1,20349.0
101886,Volkswagen,Diesel,Manual,First,2012,76817,1600,2,11171.0
101887,Ford,Electric,Manual,Second,2025,92128,2500,0,37002.0
101888,Audi,Petrol,Manual,Second,2015,76828,1800,0,24911.0
101889,Nissan,Petrol,Manual,First,2023,77231,1000,0,20609.0
101890,Kia,Hybrid,Automatic,First,2013,3000,1200,0,18136.0
101891,Honda,Diesel,Manual,First,2014,49328,3500,1,25978.0
101892,Mercedes,Diesel,Automatic,Third,2022,61997,1400,1,30724.0
101893,Audi,Petrol,Manual,First,2017,32079,1600,0,30844.0
101894,Nissan,Petrol,Automatic,First,2015,57600,3000,0,23650.0
101895,Volkswagen,Petrol,Manual,First,2012,92575,3500,1,20644.0
101896,Audi,Electric,Automatic,Second,2016,65346,3500,0,41357.0
101897,Honda,Petrol,Manual,First,2014,25606,1800,0,20853.0
101898,Audi,Hybrid,Manual,First,2024,79492,2000,0,40326.0
101899,BMW,Diesel,Manual,Third,2023,7207,1400,1,35195.0
101900,Hyundai,Petrol,Manual,First,2013,82761,1200,0,9062.0
101901,Mercedes,Diesel,Automatic,First,2015,49335,1200,1,29531.0
101902,Honda,Hybrid,Automatic,Second,2024,121972,2000,0,32402.0
101903,Audi,Hybrid,Manual,Second,2015,21493,2000,0,32260.0
101904,Hyundai,Petrol,Manual,First,2014,63997,2200,0,12309.0
101905,Hyundai,Petrol,Automatic,First,2025,31718,3000,0,34006.0
101906,Audi,Petrol,Automatic,First,2025,53743,1400,0,39845.0
101907,Volkswagen,Petrol,Automatic,First,2016,130077,2200,1,15138.0
101908,BMW,Diesel,Automatic,Second,2016,53165,2200,0,37511.0
101909,Ford,Hybrid,Automatic,Second,2019,29034,2500,0,29547.0
101910,BMW,Petrol,Automatic,Second,2021,83857,1800,0,32370.0
101911,Audi,Diesel,Automatic,First,2018,54286,1400,0,29961.0
101912,Mercedes,Diesel,Automatic,Second,2022,54189,1200,0,34378.0
101913,Ford,Petrol,Automatic,First,2020,54767,1600,1,25022.0
101914,Honda,Petrol,Automatic,Third,2018,54901,2500,0,27960.0
101915,BMW,Diesel,Automatic,First,2013,99769,1800,0,28386.0
101916,Audi,Hybrid,Manual,Second,2014,18054,1000,2,23264.0
101917,BMW,Diesel,Automatic,First,2017,66963,1400,0,31825.0
101918,Ford,Petrol,Manual,First,2012,72939,1800,0,12572.0
101919,Kia,Petrol,Manual,Second,2019,69660,2000,0,18952.0
101920,Nissan,Petrol,Automatic,First,2018,31485,1200,0,17364.0
101921,BMW,Diesel,Automatic,Second,2017,34200,2500,0,35170.0
101922,Honda,Hybrid,Automatic,Second,2016,55424,2200,0,25051.0
101923,Honda,Petrol,Automatic,Second,2025,34972,2200,0,32232.0
101924,Toyota,Hybrid,Automatic,Second,2021,74352,2200,0,30743.0
101925,BMW,Diesel,Automatic,First,2016,100399,1800,2,24473.0
101926,Nissan,Diesel,Manual,First,2024,66816,1200,0,21365.0
101927,Volkswagen,Electric,Automatic,Third,2019,55645,2500,2,32071.0
101928,Hyundai,Petrol,Manual,First,2019,3000,1400,0,20383.0
101929,Nissan,Electric,Automatic,Second,2024,73881,1400,1,26859.0
101930,Hyundai,Petrol,Manual,First,2014,41231,1200,1,10476.0
101931,Hyundai,Petrol,Automatic,First,2020,55126,1200,0,19370.0
101932,Kia,Hybrid,Automatic,First,2014,42866,1200,0,15455.0
101933,Toyota,Electric,Automatic,Second,2024,58544,2000,0,38992.0
101934,Nissan,Diesel,Manual,First,2021,71292,2500,0,24686.0
101935,Nissan,Diesel,Automatic,First,2025,77095,1400,0,25369.0
101936,Kia,Diesel,Manual,First,2019,96510,2000,1,15784.0
101937,BMW,Hybrid,Manual,First,2018,58823,1400,0,35322.0
101938,BMW,Petrol,Manual,First,2024,58311,3000,1,44706.0
101939,BMW,Hybrid,Automatic,First,2020,102060,1000,0,34582.0
101940,Mercedes,Diesel,Manual,Second,2022,91393,2200,1,36297.0
101941,Hyundai,Diesel,Manual,First,2020,103692,2500,0,22384.0
101942,Mercedes,Petrol,Automatic,First,2022,93150,3000,1,43376.0
101943,Toyota,Diesel,Automatic,Third,2025,138055,1800,0,30652.0
101944,Kia,Electric,Manual,First,2012,87338,2000,1,13101.0
101945,Nissan,Diesel,Manual,Third,2012,33029,1800,0,12936.0
101946,Hyundai,Electric,Automatic,First,2014,87329,3500,0,31276.0
101947,Mercedes,Petrol,Manual,First,2018,76140,1800,0,29284.0
101948,Mercedes,Diesel,Automatic,First,2014,53878,2200,1,33858.0
101949,Audi,Hybrid,Automatic,First,2014,50779,1600,0,28756.0
101950,Mercedes,Diesel,Automatic,Second,2015,59833,2000,0,31946.0
101951,Volkswagen,Diesel,Automatic,First,2019,3000,1600,0,27447.0
101952,Nissan,Diesel,Manual,Second,2025,3000,1200,0,26768.0
101953,Volkswagen,Hybrid,Automatic,First,2012,67406,1200,0,10816.0
101954,Nissan,Hybrid,Automatic,First,2015,50143,1600,0,16790.0
101955,Kia,Petrol,Automatic,Second,2015,48463,1800,0,13903.0
101956,Nissan,Hybrid,Automatic,Second,2024,54615,1000,0,26867.0
101957,Volkswagen,Petrol,Manual,First,2019,18905,1400,1,23364.0
101958,Nissan,Petrol,Manual,First,2018,87214,1800,1,15422.0
101959,Kia,Hybrid,Automatic,Second,2015,55995,2500,0,20394.0
101960,Kia,Petrol,Manual,Third,2023,66144,1600,1,16396.0
101961,Toyota,Hybrid,Automatic,First,2019,93209,2000,0,27160.0
101962,Nissan,Petrol,Manual,Third,2022,54673,1600,0,19969.0
101963,Audi,Petrol,Manual,First,2014,91679,1800,1,18842.0
101964,BMW,Diesel,Automatic,Third,2021,75898,2200,0,36153.0
101965,Honda,Petrol,Manual,Second,2025,91493,2500,0,32335.0
101966,Kia,Hybrid,Automatic,Second,2018,93996,3500,0,28740.0
101967,Ford,Petrol,Automatic,Second,2020,80371,3500,0,33852.0
101968,BMW,Petrol,Automatic,First,2017,62329,2500,0,33896.0
101969,Hyundai,Petrol,Manual,First,2015,79936,2200,0,17582.0
101970,Nissan,Petrol,Automatic,First,2015,33633,1600,0,17776.0
101971,Volkswagen,Hybrid,Manual,First,2012,76354,1600,0,17545.0
101972,Honda,Petrol,Manual,First,2017,88906,1200,1,17702.0
101973,Ford,Diesel,Automatic,Third,2014,36319,3000,0,23568.0
101974,BMW,Electric,Automatic,First,2014,103584,2000,0,33295.0
101975,Nissan,Diesel,Manual,First,2012,63176,1400,1,5829.0
101976,Toyota,Hybrid,Automatic,First,2018,76505,1400,0,25927.0
101977,Hyundai,Petrol,Automatic,Second,2020,28916,1000,0,22343.0
101978,Honda,Petrol,Manual,First,2014,3000,1200,0,19825.0
101979,Audi,Hybrid,Manual,First,2018,101413,1800,0,34294.0
101980,Toyota,Diesel,Automatic,Second,2020,60894,3000,1,32898.0
101981,Ford,Diesel,Automatic,Second,2025,94643,1400,0,25755.0
101982,Honda,Diesel,Automatic,Second,2014,59627,2200,0,19850.0
101983,Toyota,Petrol,Automatic,Second,2020,38862,2000,0,27322.0
101984,Hyundai,Petrol,Manual,First,2022,116953,1400,0,18296.0
101985,Audi,Hybrid,Manual,Second,2013,62794,1600,0,26738.0
101986,Toyota,Diesel,Automatic,First,2014,68412,1800,0,23209.0
101987,Mercedes,Diesel,Automatic,First,2022,59789,1200,1,33596.0
101988,Audi,Hybrid,Manual,First,2015,22182,2500,0,33746.0
101989,Ford,Petrol,Automatic,First,2025,81233,2200,1,30179.0
101990,Hyundai,Petrol,Automatic,First,2018,77632,3000,1,20747.0
101991,Nissan,Hybrid,Automatic,First,2022,91828,2500,0,31774.0
101992,Volkswagen,Hybrid,Automatic,Second,2020,40631,2200,2,28702.0
101993,Volkswagen,Diesel,Automatic,First,2024,17675,3000,0,36652.0
101994,Volkswagen,Petrol,Automatic,Second,2012,82161,3500,0,25193.0
101995,Honda,Petrol,Automatic,First,2023,104197,1800,1,27693.0
101996,Ford,Diesel,Automatic,Third,2020,16774,1400,0,24387.0
101997,Hyundai,Petrol,Automatic,First,2021,23125,2000,0,27528.0
101998,Audi,Hybrid,Automatic,Second,2024,48471,3000,0,49322.0
101999,Honda,Electric,Automatic,Second,2016,20197,2000,0,32184.0
102000,Ford,Hybrid,Manual,Third,2025,53215,1400,0,28719.0
102001,Nissan,Petrol,Automatic,First,2015,76327,1200,1,12445.0
102002,Mercedes,Hybrid,Automatic,First,2025,86894,1800,0,46668.0
102003,Hyundai,Petrol,Manual,First,2024,81204,2500,1,28035.0
102004,Volkswagen,Petrol,Manual,First,2022,60509,2500,0,32343.0
102005,Toyota,Petrol,Manual,First,2023,103378,1000,0,26869.0
102006,Hyundai,Petrol,Automatic,Second,2017,7769,1400,0,18689.0
102007,Kia,Electric,Automatic,First,2021,33323,1800,0,29807.0
102008,Ford,Petrol,Manual,First,2016,65995,1000,0,13674.0
102009,BMW,Petrol,Manual,First,2016,41940,2000,0,31065.0
102010,Nissan,Electric,Automatic,First,2023,60840,1600,0,35014.0
102011,Mercedes,Petrol,Automatic,Third,2016,79445,3000,0,37580.0
102012,Nissan,Hybrid,Manual,Second,2019,48449,1200,1,21431.0
102013,Hyundai,Petrol,Automatic,First,2024,48576,3500,2,30078.0
102014,BMW,Petrol,Automatic,First,2021,57115,1800,0,35192.0
102015,Kia,Electric,Automatic,Third,2019,91266,1800,0,23126.0
102016,Audi,Petrol,Manual,First,2021,84018,2000,0,31013.0
102017,Toyota,Diesel,Manual,Second,2015,89135,1800,0,16532.0
102018,BMW,Petrol,Manual,Third,2024,69534,3500,0,41902.0
102019,Ford,Petrol,Automatic,First,2025,70272,3500,1,35812.0
102020,Volkswagen,Petrol,Automatic,First,2020,99950,3000,0,30648.0
102021,Kia,Petrol,Automatic,First,2019,39287,1000,0,16336.0
102022,Toyota,Petrol,Manual,Third,2023,100689,2500,0,28483.0
102023,Mercedes,Hybrid,Manual,First,2017,70159,2000,0,35399.0
102024,Volkswagen,Diesel,Manual,First,2013,66474,3000,1,19633.0
102025,Hyundai,Petrol,Automatic,Second,2020,49804,3500,0,29238.0
102026,BMW,Petrol,Manual,Second,2017,101321,2200,0,27784.0
102027,Toyota,Electric,Automatic,First,2019,90312,1400,0,30552.0
102028,Honda,Electric,Automatic,First,2017,24401,2500,2,34307.0
102029,Audi,Diesel,Automatic,Second,2016,74735,3500,1,33111.0
102030,Audi,Hybrid,Automatic,First,2018,43309,1400,0,35358.0
102031,Kia,Petrol,Manual,First,2023,56968,1400,1,21166.0
102032,Mercedes,Petrol,Automatic,Second,2015,19693,1600,1,28968.0
102033,Kia,Diesel,Manual,First,2021,69699,1400,1,16555.0
102034,Honda,Diesel,Automatic,First,2022,71206,2000,1,26013.0
102035,Ford,Diesel,Automatic,First,2014,73113,2200,0,17217.0
102036,Mercedes,Petrol,Automatic,First,2022,52832,1400,1,34569.0
102037,Nissan,Electric,Automatic,Second,2023,56712,1400,0,30626.0
102038,Ford,Hybrid,Automatic,Second,2018,8548,2200,0,30186.0
102039,Mercedes,Petrol,Automatic,Second,2013,93872,3500,0,33954.0
102040,Mercedes,Diesel,Automatic,Second,2021,11799,3000,0,46096.0
102041,Honda,Petrol,Manual,Second,2014,76955,1400,0,14532.0
102042,Hyundai,Petrol,Manual,First,2012,58217,2000,1,10747.0
102043,Honda,Petrol,Manual,First,2022,82203,1800,1,27910.0
102044,Mercedes,Petrol,Automatic,Second,2023,69546,2500,0,38906.0
102045,Toyota,Petrol,Automatic,First,2012,35477,3000,0,22256.0
102046,Ford,Hybrid,Automatic,First,2013,81963,2500,1,20443.0
102047,Honda,Petrol,Manual,First,2024,63696,1000,0,27910.0
102048,Hyundai,Diesel,Automatic,First,2025,58162,2200,1,26452.0
102049,BMW,Petrol,Automatic,First,2012,71863,2500,1,27780.0
102050,Kia,Petrol,Automatic,Second,2013,99652,1800,0,9255.0
102051,Mercedes,Hybrid,Automatic,First,2012,54304,1600,0,29051.0
102052,Nissan,Diesel,Manual,Third,2014,76227,2200,0,13429.0
102053,BMW,Electric,Automatic,First,2020,71345,2000,0,39404.0
102054,Audi,Electric,Automatic,First,2020,52195,1200,0,39730.0
102055,Volkswagen,Petrol,Manual,First,2019,47426,3000,0,30470.0
102056,Hyundai,Petrol,Automatic,First,2020,34726,1400,1,19368.0
102057,Nissan,Hybrid,Automatic,Second,2023,80072,1000,1,24831.0
102058,Volkswagen,Electric,Automatic,First,2025,47146,1400,1,37190.0
102059,Hyundai,Diesel,Manual,First,2015,27001,1000,1,9967.0
102060,Toyota,Hybrid,Manual,First,2025,63268,3500,0,42038.0
102061,Kia,Hybrid,Manual,First,2019,94385,2200,0,22729.0
102062,BMW,Petrol,Manual,First,2022,100005,2000,0,35567.0
102063,Ford,Diesel,Automatic,First,2016,3000,2500,0,23545.0
102064,Hyundai,Hybrid,Automatic,First,2015,68698,1600,3,15601.0
102065,Ford,Diesel,Automatic,Second,2024,80789,2000,0,25350.0
102066,Kia,Petrol,Manual,Second,2015,79308,1400,1,5570.0
102067,Mercedes,Petrol,Automatic,First,2013,62460,1600,0,28787.0
102068,Audi,Petrol,Manual,Second,2021,113180,2000,0,29940.0
102069,BMW,Petrol,Manual,Second,2020,102786,1800,0,30315.0
102070,Kia,Electric,Manual,Second,2024,62328,1200,0,28892.0
102071,Kia,Petrol,Automatic,First,2020,52541,3000,0,26497.0
102072,Toyota,Petrol,Automatic,First,2025,75126,1200,0,28910.0
102073,Volkswagen,Petrol,Automatic,First,2012,79344,2500,0,16213.0
102074,Audi,Diesel,Automatic,First,2023,66503,1800,1,38141.0
102075,BMW,Diesel,Manual,First,2015,69103,2200,0,29968.0
102076,Mercedes,Petrol,Automatic,First,2020,110913,2000,0,35614.0
102077,Mercedes,Petrol,Manual,Second,2025,111716,1200,2,32892.0
102078,Honda,Petrol,Manual,First,2015,88402,1600,0,20039.0
102079,Kia,Diesel,Automatic,First,2025,92663,3000,0,28850.0
102080,Hyundai,Petrol,Automatic,Second,2013,90570,2200,1,9531.0
102081,Toyota,Electric,Automatic,Second,2013,59020,1000,2,18884.0
102082,Audi,Diesel,Automatic,First,2024,78482,1600,1,34292.0
102083,Mercedes,Petrol,Automatic,First,2021,72805,3500,1,43757.0
102084,BMW,Diesel,Automatic,First,2025,101904,1400,0,36782.0
102085,Honda,Petrol,Automatic,Second,2020,73766,1000,0,22705.0
102086,BMW,Diesel,Manual,First,2022,90765,1800,0,33978.0
102087,Toyota,Petrol,Automatic,First,2015,61368,3000,0,27684.0
102088,Hyundai,Diesel,Automatic,First,2012,85806,1600,0,9446.0
102089,Honda,Hybrid,Automatic,Second,2023,73159,1200,1,29156.0
102090,Honda,Electric,Manual,Second,2024,42432,2200,1,37975.0
102091,Volkswagen,Petrol,Manual,First,2012,86737,2500,0,16218.0
102092,Audi,Petrol,Automatic,First,2012,96179,1200,0,21722.0
102093,Honda,Diesel,Manual,Second,2019,15516,3500,0,31909.0
102094,Volkswagen,Electric,Manual,Second,2012,12750,3000,0,26159.0
102095,Volkswagen,Electric,Manual,Second,2016,72097,3500,0,32282.0
102096,Toyota,Petrol,Automatic,Third,2020,76840,2500,0,27804.0
102097,Ford,Petrol,Manual,First,2015,37763,1600,0,19277.0
102098,BMW,Diesel,Automatic,First,2022,73615,1600,0,34415.0
102099,Hyundai,Petrol,Manual,First,2020,62152,1800,0,19552.0
102100,Nissan,Petrol,Automatic,First,2016,3884,1000,0,17789.0
102101,BMW,Petrol,Manual,First,2024,70399,2200,0,39528.0
102102,Honda,Diesel,Manual,First,2020,35843,1600,1,22705.0
102103,Hyundai,Electric,Automatic,First,2024,82176,1000,0,30479.0
102104,Mercedes,Electric,Manual,First,2013,49879,1600,0,33023.0
102105,Ford,Petrol,Automatic,Third,2025,75590,1600,0,22735.0
102106,Mercedes,Diesel,Automatic,First,2024,100205,1000,0,33454.0
102107,Mercedes,Hybrid,Automatic,First,2019,52454,3000,1,42930.0
102108,Audi,Petrol,Manual,First,2018,61130,2500,0,30890.0
102109,BMW,Diesel,Automatic,Second,2018,102471,3000,0,35006.0
102110,Nissan,Petrol,Automatic,Second,2014,81984,2200,0,17680.0
102111,Toyota,Petrol,Manual,First,2021,62641,1800,0,25852.0
102112,Nissan,Petrol,Manual,First,2023,109106,2200,1,23841.0
102113,Mercedes,Petrol,Manual,Second,2013,58665,1200,0,25654.0
102114,Honda,Diesel,Automatic,First,2022,58142,3500,2,28972.0
102115,Ford,Petrol,Automatic,Third,2025,37945,2200,0,30319.0
102116,Kia,Petrol,Automatic,First,2021,81798,1600,1,18204.0
102117,Nissan,Petrol,Manual,First,2012,33861,1800,1,11426.0
102118,Mercedes,Hybrid,Automatic,Second,2024,105361,2200,0,43804.0
102119,Ford,Diesel,Automatic,First,2012,47986,1200,1,11106.0
102120,Hyundai,Diesel,Manual,First,2018,78712,1800,1,15998.0
102121,BMW,Diesel,Automatic,First,2020,66258,1200,1,32100.0
102122,Volkswagen,Petrol,Automatic,Second,2012,80457,3500,0,20578.0
102123,Audi,Petrol,Automatic,First,2021,77081,2000,0,38222.0
102124,Ford,Diesel,Automatic,First,2015,67769,3500,0,28175.0
102125,Honda,Petrol,Automatic,First,2025,54076,2500,0,32196.0
102126,Honda,Petrol,Automatic,Second,2024,72784,2200,0,32599.0
102127,Ford,Diesel,Manual,First,2013,102473,1800,0,12726.0
102128,Honda,Petrol,Automatic,First,2025,55879,1400,0,29794.0
102129,BMW,Petrol,Automatic,Second,2019,31388,1600,0,33887.0
102130,Honda,Diesel,Manual,Second,2020,84510,1200,1,20746.0
102131,Nissan,Petrol,Manual,Second,2014,72805,2000,1,11607.0
102132,Volkswagen,Diesel,Manual,First,2014,105555,2500,0,16742.0
102133,Honda,Diesel,Manual,Second,2018,81392,2500,1,22353.0
102134,Volkswagen,Diesel,Manual,First,2020,102370,3000,0,27300.0
102135,Mercedes,Diesel,Automatic,First,2018,116968,1800,0,31681.0
102136,Toyota,Petrol,Manual,Second,2023,56557,3500,0,36015.0
102137,BMW,Petrol,Automatic,First,2025,61875,2000,0,40526.0
102138,Toyota,Petrol,Automatic,Second,2024,98180,1200,0,27734.0
102139,Mercedes,Petrol,Automatic,Third,2018,67396,3500,0,39873.0
102140,BMW,Electric,Automatic,Second,2025,52917,1600,0,47534.0
102141,Ford,Hybrid,Automatic,First,2013,56987,1400,0,16205.0
102142,Ford,Petrol,Automatic,Second,2023,46293,3000,1,33115.0
102143,Volkswagen,Petrol,Automatic,First,2022,4454,2000,2,30763.0
102144,Mercedes,Petrol,Manual,First,2012,84480,2000,0,23454.0
102145,Volkswagen,Petrol,Manual,First,2013,43191,1600,0,16045.0
102146,Audi,Petrol,Automatic,First,2023,21321,2000,0,41426.0
102147,Honda,Diesel,Manual,Second,2017,91390,1000,0,18332.0
102148,Kia,Hybrid,Automatic,First,2023,21897,3000,0,33908.0
102149,Audi,Diesel,Manual,Second,2023,98842,1400,0,36535.0
102150,Honda,Petrol,Automatic,Second,2025,85047,1800,1,28471.0
102151,BMW,Petrol,Automatic,First,2021,78402,2200,0,34986.0
102152,Volkswagen,Diesel,Automatic,Second,2024,29604,1200,0,29094.0
102153,BMW,Hybrid,Automatic,Second,2019,10169,1600,1,36339.0
102154,BMW,Hybrid,Automatic,Second,2019,43348,2000,0,34781.0
102155,Honda,Electric,Automatic,First,2017,3000,1000,0,32327.0
102156,Mercedes,Diesel,Automatic,First,2013,3000,2000,0,33423.0
102157,Honda,Diesel,Automatic,First,2025,90644,1800,0,34289.0
102158,Hyundai,Petrol,Automatic,First,2020,125353,1200,0,15471.0
102159,Ford,Diesel,Manual,First,2021,68567,2000,2,20109.0
102160,Ford,Petrol,Automatic,Second,2015,65975,1800,0,14916.0
102161,Audi,Petrol,Automatic,First,2024,46981,1000,0,34129.0
102162,Ford,Diesel,Manual,Third,2016,91903,2000,1,14694.0
102163,Honda,Petrol,Manual,Second,2012,18637,2200,0,19581.0
102164,Nissan,Petrol,Automatic,First,2020,70737,3000,0,26303.0
102165,Volkswagen,Petrol,Manual,First,2022,120218,1200,0,19737.0
102166,Honda,Petrol,Automatic,Second,2022,69918,2000,0,30979.0
102167,Honda,Petrol,Automatic,Second,2022,56313,2000,1,28781.0
102168,Kia,Petrol,Automatic,Third,2021,110997,1000,0,16009.0
102169,Volkswagen,Petrol,Automatic,First,2024,122245,2500,0,30947.0
102170,Hyundai,Petrol,Automatic,First,2012,110086,1800,0,11386.0
102171,Ford,Electric,Manual,Third,2018,62475,1200,0,22231.0
102172,Volkswagen,Petrol,Automatic,First,2022,90394,1800,2,20215.0
102173,Ford,Petrol,Manual,Second,2020,110632,1600,0,19539.0
102174,Audi,Diesel,Automatic,First,2014,50203,2200,0,29297.0
102175,Volkswagen,Hybrid,Automatic,Second,2013,38578,3500,0,28063.0
102176,Ford,Diesel,Automatic,First,2025,77683,2500,1,30266.0
102177,Hyundai,Petrol,Manual,Second,2021,34502,1000,0,17746.0
102178,Toyota,Diesel,Automatic,First,2019,29167,1000,0,23654.0
102179,BMW,Diesel,Manual,Third,2015,48295,2500,0,32467.0
102180,BMW,Diesel,Manual,First,2012,39642,1600,0,25200.0
102181,Hyundai,Diesel,Automatic,First,2019,35787,2500,0,23878.0
102182,Kia,Hybrid,Manual,First,2017,69681,2200,1,18336.0
102183,Toyota,Hybrid,Manual,Second,2017,73561,3000,1,27066.0
102184,Audi,Diesel,Automatic,Second,2015,23726,2200,0,31829.0
102185,Hyundai,Petrol,Automatic,First,2017,76689,1600,0,20082.0
102186,BMW,Diesel,Automatic,First,2013,70542,1800,1,25041.0
102187,BMW,Hybrid,Automatic,First,2017,34630,2200,1,39225.0
102188,BMW,Petrol,Automatic,First,2013,65829,1200,1,23762.0
102189,Mercedes,Electric,Automatic,First,2017,73090,1400,0,35078.0
102190,Hyundai,Petrol,Manual,Second,2025,76062,1400,0,21967.0
102191,Honda,Diesel,Automatic,First,2020,91724,3000,0,31612.0
102192,Audi,Hybrid,Manual,Second,2018,89532,1200,0,29259.0
102193,BMW,Petrol,Automatic,Second,2023,66318,1600,0,37650.0
102194,Ford,Diesel,Automatic,Third,2025,38269,2500,0,30827.0
102195,Hyundai,Petrol,Manual,Second,2025,50770,1000,0,22801.0
102196,Mercedes,Petrol,Manual,First,2023,71314,3000,0,39798.0
102197,Hyundai,Petrol,Automatic,Second,2015,103759,2000,0,13833.0
102198,Audi,Petrol,Automatic,First,2012,3000,1600,0,25476.0
102199,Mercedes,Petrol,Automatic,First,2020,68097,1800,2,36176.0
102200,Audi,Electric,Automatic,Second,2012,60611,2200,0,32555.0
102201,Hyundai,Electric,Automatic,Second,2016,73315,2500,0,22179.0
102202,Honda,Petrol,Manual,First,2025,23769,1800,0,33734.0
102203,Audi,Diesel,Automatic,First,2018,92418,2200,0,32417.0
102204,Mercedes,Petrol,Automatic,Second,2021,64400,1400,0,34375.0
102205,Mercedes,Petrol,Automatic,First,2024,57075,1200,0,39723.0
102206,Audi,Petrol,Automatic,Second,2024,76915,1200,1,33577.0
102207,Nissan,Electric,Automatic,First,2021,74739,3500,2,33986.0
102208,Hyundai,Electric,Automatic,First,2017,65771,1400,0,20884.0
102209,Nissan,Petrol,Automatic,First,2014,48528,2000,0,16275.0
102210,Kia,Petrol,Manual,Second,2022,58503,3500,2,24944.0
102211,Hyundai,Petrol,Automatic,Second,2019,65801,1000,0,17193.0
102212,Audi,Diesel,Manual,Second,2022,119652,1400,0,26821.0
102213,Toyota,Diesel,Automatic,First,2018,68419,1400,0,22432.0
102214,Audi,Petrol,Automatic,Second,2020,84990,1200,0,30030.0
102215,Nissan,Hybrid,Manual,First,2012,90889,1000,0,10860.0
102216,Honda,Petrol,Manual,Second,2019,65717,1000,1,14414.0
102217,Audi,Electric,Automatic,First,2015,106092,1000,0,29745.0
102218,Audi,Diesel,Manual,First,2018,14559,2500,0,35414.0
102219,Honda,Petrol,Manual,First,2018,74373,2000,0,21498.0
102220,Audi,Hybrid,Manual,Second,2015,98206,3000,3,26767.0
102221,BMW,Hybrid,Automatic,First,2019,80468,1400,0,35868.0
102222,Toyota,Petrol,Manual,Third,2024,11371,2200,0,33992.0
102223,Ford,Petrol,Manual,First,2023,73674,2000,1,23352.0
102224,Toyota,Electric,Manual,First,2012,63784,3000,1,27148.0
102225,Audi,Petrol,Manual,First,2016,67061,3000,0,31990.0
102226,BMW,Petrol,Manual,First,2015,55558,3000,1,31368.0
102227,Hyundai,Diesel,Automatic,Second,2015,90340,2200,0,15351.0
102228,Audi,Hybrid,Automatic,Second,2014,60736,3000,1,32916.0
102229,Nissan,Hybrid,Automatic,Second,2012,103443,2200,0,15414.0
102230,BMW,Electric,Automatic,First,2016,69620,3000,0,43324.0
102231,Honda,Diesel,Automatic,Third,2019,47178,1200,0,20912.0
102232,BMW,Petrol,Automatic,First,2021,122951,1200,0,29389.0
102233,Honda,Diesel,Automatic,Third,2017,41297,2200,0,27006.0
102234,Kia,Hybrid,Manual,First,2023,54955,3500,1,34750.0
102235,Ford,Petrol,Manual,Second,2012,74889,2000,0,11961.0
102236,Volkswagen,Petrol,Automatic,Second,2016,20509,2000,1,20350.0
102237,BMW,Petrol,Manual,First,2017,71026,1800,1,30866.0
102238,Mercedes,Diesel,Automatic,First,2020,47184,1000,1,32766.0
102239,Nissan,Hybrid,Manual,Second,2020,132894,2200,1,19446.0
102240,Audi,Diesel,Manual,First,2016,57769,1200,0,28190.0
102241,Nissan,Electric,Automatic,First,2014,34836,2500,0,26705.0
102242,Toyota,Petrol,Automatic,Second,2017,75436,3500,0,29720.0
102243,Volkswagen,Electric,Automatic,Second,2022,68164,2200,0,33399.0
102244,Toyota,Hybrid,Manual,Third,2019,89333,1200,0,21027.0
102245,Kia,Petrol,Manual,First,2023,39105,1200,1,21604.0
102246,Volkswagen,Electric,Automatic,First,2022,111039,3500,0,39899.0
102247,Volkswagen,Petrol,Automatic,First,2023,76052,2500,0,34420.0
102248,Toyota,Hybrid,Automatic,Second,2023,43137,1800,0,36331.0
102249,Honda,Hybrid,Automatic,Third,2016,68517,2500,0,29373.0
102250,Toyota,Hybrid,Manual,Third,2019,84183,1000,1,23195.0
102251,Nissan,Diesel,Automatic,Third,2012,79877,3000,0,14828.0
102252,Honda,Petrol,Manual,Second,2019,28626,2500,0,25854.0
102253,Nissan,Diesel,Manual,Third,2013,6975,2000,1,16636.0
102254,Kia,Petrol,Manual,First,2018,24156,2500,2,18614.0
102255,Audi,Hybrid,Automatic,Third,2013,71527,1000,1,22395.0
102256,Hyundai,Hybrid,Automatic,Second,2014,76384,2500,0,18638.0
102257,Honda,Electric,Automatic,First,2016,3000,1000,0,27530.0
102258,Kia,Petrol,Manual,First,2021,73504,1600,1,17009.0
102259,Mercedes,Hybrid,Manual,First,2018,42768,3500,0,42991.0
102260,Kia,Electric,Automatic,Second,2020,28490,1400,2,21590.0
102261,Toyota,Hybrid,Manual,Second,2023,46325,1400,0,29871.0
102262,Toyota,Petrol,Automatic,First,2023,66679,3500,1,38123.0
102263,Hyundai,Petrol,Automatic,Second,2016,62213,3000,0,23877.0
102264,Kia,Petrol,Automatic,First,2022,3000,2500,0,30196.0
102265,Ford,Diesel,Automatic,Second,2012,108524,3500,0,17047.0
102266,Audi,Diesel,Automatic,Second,2022,84389,2500,0,38272.0
102267,Toyota,Electric,Automatic,Third,2014,69558,2200,0,25932.0
102268,Hyundai,Petrol,Manual,First,2016,13798,2500,0,21429.0
102269,Audi,Petrol,Manual,Third,2023,40280,2500,0,39883.0
102270,Kia,Diesel,Automatic,First,2014,63000,3500,2,20656.0
102271,Kia,Hybrid,Manual,First,2019,88222,2000,1,16253.0
102272,Volkswagen,Electric,Automatic,First,2019,97408,2500,0,32868.0
102273,Hyundai,Hybrid,Automatic,Second,2022,140071,1200,1,17409.0
102274,Toyota,Petrol,Manual,Third,2012,69511,2200,0,15848.0
102275,Ford,Diesel,Manual,Second,2019,45401,1400,0,17234.0
102276,Kia,Hybrid,Automatic,Third,2025,87511,2500,0,29519.0
102277,Ford,Diesel,Automatic,First,2015,35316,1800,0,17945.0
102278,Kia,Petrol,Manual,First,2022,75717,1800,2,20021.0
102279,Toyota,Petrol,Automatic,First,2017,129433,1400,0,21241.0
102280,Audi,Petrol,Manual,First,2021,55806,1000,0,29399.0
102281,BMW,Diesel,Automatic,Third,2019,46037,1200,0,33207.0
102282,Audi,Petrol,Manual,Second,2025,23320,1200,2,35284.0
102283,Kia,Petrol,Automatic,First,2013,69391,2200,0,15756.0
102284,Nissan,Petrol,Automatic,Second,2019,20075,1200,0,21161.0
102285,BMW,Diesel,Automatic,First,2018,31911,2200,0,37978.0
102286,BMW,Petrol,Automatic,First,2015,24585,1000,0,30163.0
102287,Ford,Diesel,Manual,First,2023,96519,1200,0,18114.0
102288,Hyundai,Petrol,Automatic,Second,2016,60158,2200,0,18466.0
102289,Ford,Petrol,Manual,Third,2017,105913,2200,1,18061.0
102290,Ford,Diesel,Automatic,First,2014,71488,1200,2,12281.0
102291,Nissan,Petrol,Automatic,First,2013,51429,3500,0,24609.0
102292,Audi,Petrol,Automatic,First,2025,83581,2200,0,39867.0
102293,Audi,Petrol,Automatic,First,2013,84250,3000,0,26790.0
102294,Mercedes,Hybrid,Manual,Second,2015,100958,2500,0,30807.0
102295,Kia,Diesel,Automatic,First,2018,38506,2000,2,23480.0
102296,Nissan,Petrol,Manual,Second,2023,65477,1600,1,25968.0
102297,Mercedes,Petrol,Manual,First,2012,30230,1400,0,25466.0
102298,Toyota,Electric,Manual,First,2012,72298,2500,0,26364.0
102299,Kia,Diesel,Automatic,First,2015,3000,1400,1,18433.0
102300,Kia,Petrol,Automatic,First,2020,35211,1800,0,22972.0
102301,Volkswagen,Diesel,Automatic,Second,2023,42243,1400,0,28555.0
102302,Volkswagen,Hybrid,Automatic,First,2025,64410,3000,1,42461.0
102303,Honda,Hybrid,Automatic,First,2023,95817,2200,0,34865.0
102304,Honda,Diesel,Automatic,Second,2016,12740,1400,2,20838.0
102305,Ford,Petrol,Automatic,Third,2012,90527,3500,3,14690.0
102306,Toyota,Petrol,Manual,Second,2014,75094,2200,0,17332.0
102307,BMW,Electric,Manual,First,2022,77426,1600,0,42667.0
102308,BMW,Diesel,Manual,First,2017,56661,1000,0,29826.0
102309,Volkswagen,Petrol,Automatic,Second,2024,86602,1600,0,25629.0
102310,Volkswagen,Electric,Automatic,Second,2014,59451,3500,0,27943.0
102311,Volkswagen,Electric,Automatic,First,2022,38257,2500,1,32890.0
102312,Nissan,Electric,Automatic,First,2017,59012,2000,0,28004.0
102313,Hyundai,Hybrid,Automatic,First,2017,68385,1000,0,18108.0
102314,Honda,Electric,Automatic,First,2016,33887,1000,0,30483.0
102315,Nissan,Petrol,Automatic,Second,2021,3000,1600,2,22685.0
102316,Audi,Hybrid,Manual,First,2024,84941,2000,0,42758.0
102317,BMW,Hybrid,Manual,First,2016,42350,1600,0,31627.0
102318,Kia,Petrol,Automatic,First,2020,3000,3000,0,30607.0
102319,Honda,Petrol,Automatic,First,2014,68544,1200,0,16616.0
102320,Mercedes,Electric,Manual,First,2022,60121,2000,0,44553.0
102321,Audi,Petrol,Automatic,First,2021,24275,2200,0,34201.0
102322,Honda,Hybrid,Automatic,Third,2018,45402,1600,0,23958.0
102323,Nissan,Petrol,Automatic,First,2024,94022,1800,0,25432.0
102324,Toyota,Petrol,Automatic,Second,2015,17853,1800,0,22180.0
102325,Kia,Diesel,Automatic,Second,2013,48573,1200,0,11490.0
102326,Honda,Petrol,Manual,First,2021,78039,1800,1,22803.0
102327,Hyundai,Diesel,Automatic,First,2014,19062,3500,0,25959.0
102328,Volkswagen,Diesel,Automatic,First,2014,119808,1800,0,12740.0
102329,Volkswagen,Petrol,Automatic,Second,2014,90818,1800,0,17046.0
102330,Kia,Petrol,Manual,Second,2014,116329,1600,0,6599.0
102331,Nissan,Petrol,Automatic,First,2021,64317,3500,0,29724.0
102332,Volkswagen,Petrol,Automatic,Second,2017,110628,1600,0,19362.0
102333,Honda,Hybrid,Automatic,Second,2024,68856,2200,2,35935.0
102334,Mercedes,Petrol,Automatic,First,2025,56475,2000,0,45835.0
102335,BMW,Petrol,Automatic,Second,2017,31167,2500,1,34235.0
102336,BMW,Diesel,Automatic,First,2022,72803,1000,0,36963.0
102337,Audi,Petrol,Manual,Second,2020,44918,3500,0,40092.0
102338,Ford,Petrol,Manual,First,2019,43597,1200,0,19739.0
102339,Toyota,Petrol,Automatic,Second,2021,69130,1200,0,22341.0
102340,Kia,Hybrid,Automatic,First,2018,117247,1200,0,15202.0
102341,Audi,Electric,Automatic,Second,2023,104452,1400,0,40463.0
102342,Ford,Hybrid,Manual,First,2023,89530,2000,0,27980.0
102343,Nissan,Petrol,Automatic,Second,2024,63627,1400,0,22730.0
102344,Hyundai,Petrol,Manual,First,2013,67503,2200,0,14264.0
102345,Hyundai,Diesel,Manual,First,2021,108843,1400,0,16641.0
102346,Toyota,Diesel,Manual,First,2013,80102,2000,0,17591.0
102347,Volkswagen,Electric,Manual,First,2025,3000,1200,0,35862.0
102348,Honda,Petrol,Manual,Second,2012,138439,1200,1,3500.0
102349,Audi,Petrol,Automatic,Third,2018,64069,1400,0,25759.0
102350,Audi,Diesel,Automatic,Second,2018,66556,2500,0,30310.0
102351,Kia,Hybrid,Automatic,Second,2012,70993,3000,1,19187.0
102352,Kia,Hybrid,Automatic,First,2017,66948,1200,0,22562.0
102353,Hyundai,Diesel,Automatic,First,2022,58969,2200,0,25708.0
102354,Hyundai,Electric,Automatic,Second,2025,20071,1000,0,26361.0
102355,Mercedes,Diesel,Manual,Third,2023,27186,1600,1,36219.0
102356,Mercedes,Electric,Automatic,Second,2018,116439,2000,0,40123.0
102357,Volkswagen,Electric,Manual,First,2025,43386,2200,1,38101.0
102358,Mercedes,Hybrid,Automatic,First,2012,98149,1400,0,28604.0
102359,Honda,Petrol,Automatic,First,2023,73549,1400,0,29207.0
102360,Honda,Petrol,Automatic,First,2017,3000,1800,0,26836.0
102361,Audi,Diesel,Manual,Second,2021,27197,1400,2,30621.0
102362,BMW,Diesel,Automatic,First,2020,40767,3000,0,40300.0
102363,Honda,Hybrid,Automatic,Second,2023,86477,1200,0,28912.0
102364,Ford,Petrol,Automatic,Third,2012,57384,3500,1,19121.0
102365,Hyundai,Petrol,Manual,Second,2013,86797,2200,0,6973.0
102366,Kia,Hybrid,Automatic,Third,2013,56415,2200,1,14953.0
102367,Mercedes,Petrol,Manual,First,2021,83672,1400,1,30511.0
102368,Audi,Petrol,Automatic,Third,2014,33011,2500,0,25560.0
102369,Toyota,Petrol,Automatic,First,2025,50228,1400,2,30064.0
102370,Kia,Diesel,Manual,Second,2015,74311,1800,1,8029.0
102371,Ford,Petrol,Automatic,First,2018,56045,1000,1,17306.0
102372,Mercedes,Hybrid,Manual,First,2014,65809,3500,0,38809.0
102373,Ford,Petrol,Automatic,First,2018,66329,1600,0,21813.0
102374,Hyundai,Electric,Manual,First,2016,88459,1200,0,20882.0
102375,Hyundai,Diesel,Automatic,Third,2016,66343,1800,1,8471.0
102376,Volkswagen,Petrol,Manual,Second,2018,61606,1600,0,19397.0
102377,Audi,Petrol,Automatic,First,2018,74888,1600,0,32821.0
102378,Kia,Petrol,Automatic,First,2018,81056,1600,0,16210.0
102379,Nissan,Diesel,Manual,Second,2020,68590,1800,0,20184.0
102380,Nissan,Petrol,Manual,First,2012,32039,3000,0,18269.0
102381,Kia,Petrol,Automatic,Second,2012,89795,3000,0,12272.0
102382,Toyota,Diesel,Automatic,First,2014,84229,1600,1,21069.0
102383,Audi,Petrol,Automatic,Second,2017,55110,3000,0,34944.0
102384,Ford,Petrol,Automatic,Third,2013,80747,2500,0,17038.0
102385,Toyota,Hybrid,Automatic,First,2020,122103,1800,0,30620.0
102386,BMW,Electric,Automatic,First,2012,57024,2500,0,37101.0
102387,Kia,Petrol,Automatic,Third,2025,63795,2200,0,28178.0
102388,Ford,Petrol,Automatic,Third,2016,72892,1200,1,13844.0
102389,Nissan,Electric,Automatic,Third,2018,152629,3500,0,28661.0
102390,Honda,Petrol,Manual,Second,2021,70492,2500,0,26443.0
102391,Volkswagen,Electric,Automatic,First,2014,45790,3000,0,31888.0
102392,Nissan,Petrol,Manual,First,2025,26113,1200,0,26057.0
102393,Audi,Hybrid,Automatic,First,2013,54668,1200,0,27826.0
102394,Hyundai,Petrol,Automatic,Second,2024,63591,3500,0,28291.0
102395,Honda,Electric,Automatic,First,2014,83235,3000,1,29584.0
102396,Volkswagen,Petrol,Manual,Second,2023,65489,1000,1,21847.0
102397,Volkswagen,Diesel,Manual,Third,2018,66790,1400,1,15340.0
102398,BMW,Petrol,Automatic,Third,2012,70747,1400,0,22837.0
102399,BMW,Petrol,Automatic,First,2019,69727,2000,2,31899.0
102400,Mercedes,Hybrid,Manual,First,2014,101681,2200,1,30697.0
102401,Nissan,Diesel,Manual,Second,2016,36762,1400,1,16742.0
102402,Nissan,Electric,Automatic,First,2021,121399,2500,0,29171.0
102403,Nissan,Petrol,Automatic,Second,2022,105958,1200,0,17762.0
102404,Mercedes,Hybrid,Automatic,Second,2016,95488,1400,0,32765.0
102405,Toyota,Petrol,Automatic,First,2017,39689,3500,0,31369.0
102406,Volkswagen,Electric,Automatic,First,2018,60664,1200,0,28114.0
102407,Honda,Electric,Automatic,First,2022,43013,1200,1,32963.0
102408,Audi,Petrol,Manual,Second,2012,39467,2000,0,19441.0
102409,Volkswagen,Hybrid,Automatic,First,2017,56668,1400,0,24448.0
102410,BMW,Hybrid,Automatic,Second,2013,60873,1400,0,26352.0
102411,Ford,Petrol,Manual,Third,2025,54098,3000,1,30628.0
102412,Hyundai,Diesel,Automatic,First,2021,65905,1000,0,20898.0
102413,Mercedes,Petrol,Automatic,Third,2014,89846,3000,0,29448.0
102414,Kia,Hybrid,Manual,Second,2025,87901,1200,0,22302.0
102415,Ford,Petrol,Automatic,Second,2016,76431,1200,1,10951.0
102416,Audi,Petrol,Automatic,First,2012,62565,1800,0,25258.0
102417,Nissan,Petrol,Automatic,First,2018,53175,2000,0,22159.0
102418,BMW,Diesel,Automatic,First,2012,73840,2500,0,29498.0
102419,BMW,Hybrid,Manual,First,2019,94574,1000,0,31517.0
102420,BMW,Electric,Automatic,First,2022,104315,1800,0,42473.0
102421,Nissan,Petrol,Automatic,Second,2023,27089,3500,1,32220.0
102422,Kia,Petrol,Automatic,First,2017,62560,2500,2,20014.0
102423,Mercedes,Diesel,Manual,Third,2022,38359,1200,0,34833.0
102424,Ford,Diesel,Automatic,Second,2025,21117,3500,0,38842.0
102425,Nissan,Petrol,Automatic,First,2012,99456,3000,0,16928.0
102426,Audi,Petrol,Manual,First,2025,102516,3500,0,45356.0
102427,Mercedes,Diesel,Manual,Third,2018,59103,1600,0,30507.0
102428,Audi,Petrol,Automatic,Second,2021,51221,2200,1,35421.0
102429,Mercedes,Hybrid,Automatic,First,2014,53692,1000,1,26766.0
102430,Kia,Diesel,Automatic,Third,2018,12115,1200,0,18761.0
102431,Hyundai,Hybrid,Automatic,First,2022,97752,1000,0,26742.0
102432,Audi,Diesel,Manual,Second,2019,50561,2500,2,30247.0
102433,Nissan,Petrol,Automatic,First,2021,58111,1000,0,20600.0
102434,Mercedes,Hybrid,Automatic,First,2025,73968,3000,1,48525.0
102435,BMW,Diesel,Automatic,First,2014,3632,2200,0,33018.0
102436,Volkswagen,Petrol,Manual,Third,2016,65523,1800,0,15721.0
102437,BMW,Diesel,Automatic,Third,2021,68937,1000,0,33813.0
102438,Toyota,Petrol,Automatic,First,2013,48358,1600,1,19854.0
102439,Hyundai,Hybrid,Manual,First,2025,128862,1400,0,24302.0
102440,Hyundai,Diesel,Automatic,First,2013,28715,2200,1,17574.0
102441,BMW,Diesel,Automatic,First,2012,79282,1000,0,23516.0
102442,Ford,Petrol,Automatic,First,2014,34012,3500,0,24622.0
102443,Kia,Petrol,Automatic,First,2015,73212,1600,1,12620.0
102444,Audi,Electric,Automatic,First,2014,31859,1800,1,34846.0
102445,Nissan,Hybrid,Automatic,First,2022,93174,1400,0,27025.0
102446,Hyundai,Petrol,Automatic,Second,2019,75450,1800,0,19540.0
102447,BMW,Petrol,Automatic,Second,2012,15998,1600,0,26643.0
102448,BMW,Petrol,Automatic,Second,2016,69223,1800,0,25646.0
102449,Kia,Diesel,Automatic,Second,2018,49361,3000,0,20558.0
102450,Kia,Hybrid,Automatic,First,2024,60263,2500,0,31559.0
102451,Honda,Diesel,Automatic,First,2020,14956,2500,0,34788.0
102452,Honda,Diesel,Manual,Second,2012,106937,1200,1,8718.0
102453,Ford,Hybrid,Automatic,Second,2020,36151,1400,0,26068.0
102454,Ford,Petrol,Automatic,First,2022,57853,1600,1,23773.0
102455,Toyota,Petrol,Manual,First,2020,38537,3500,0,34101.0
102456,Ford,Diesel,Automatic,Third,2015,57503,1000,0,14767.0
102457,Mercedes,Electric,Manual,Second,2021,61625,3000,0,46300.0
102458,Kia,Hybrid,Manual,Second,2016,62452,1200,0,14694.0
102459,Nissan,Diesel,Manual,Second,2017,107173,1200,0,7524.0
102460,Mercedes,Diesel,Manual,First,2015,61956,2500,0,30145.0
102461,Audi,Electric,Automatic,First,2017,112832,3500,1,42018.0
102462,BMW,Petrol,Manual,Third,2016,22507,3000,0,34219.0
102463,Ford,Petrol,Automatic,First,2014,100719,1000,0,11654.0
102464,BMW,Electric,Automatic,First,2014,94550,1200,1,28154.0
102465,Hyundai,Hybrid,Manual,Second,2020,97829,3500,2,23473.0
102466,Toyota,Petrol,Automatic,First,2016,129052,1800,1,17873.0
102467,Hyundai,Diesel,Manual,Second,2022,3000,3000,0,28273.0
102468,Toyota,Petrol,Automatic,First,2014,3000,3500,0,32008.0
102469,Honda,Petrol,Automatic,Second,2019,66707,1800,0,26355.0
102470,BMW,Electric,Automatic,Second,2019,3000,2200,0,46086.0
102471,Toyota,Petrol,Manual,First,2025,5049,2000,0,33569.0
102472,Volkswagen,Hybrid,Automatic,First,2025,58047,2000,0,36841.0
102473,Mercedes,Petrol,Automatic,First,2024,50212,1200,0,42409.0
102474,Toyota,Diesel,Automatic,First,2014,10475,3500,0,31260.0
102475,Toyota,Petrol,Manual,First,2018,46294,2500,0,29229.0
102476,Mercedes,Hybrid,Automatic,First,2020,87469,2000,0,42352.0
102477,BMW,Diesel,Manual,Second,2014,79394,1600,0,24070.0
102478,BMW,Diesel,Automatic,Second,2019,87199,2200,0,32113.0
102479,Mercedes,Petrol,Automatic,First,2023,50859,3000,0,46669.0
102480,Hyundai,Petrol,Automatic,First,2023,101043,2200,1,21106.0
102481,Volkswagen,Petrol,Manual,First,2012,119601,2000,0,13111.0
102482,Nissan,Petrol,Automatic,Second,2023,70810,1200,0,23223.0
102483,Audi,Diesel,Automatic,First,2025,51140,1400,0,35124.0
102484,Volkswagen,Diesel,Manual,First,2014,63880,2200,0,15263.0
102485,BMW,Diesel,Automatic,First,2023,27558,1000,0,39067.0
102486,Nissan,Diesel,Manual,Third,2015,54629,1000,1,6233.0
102487,Honda,Petrol,Automatic,Second,2014,83397,1400,0,13979.0
102488,Ford,Petrol,Automatic,Second,2024,75604,1800,0,27467.0
102489,Toyota,Petrol,Automatic,First,2020,79852,1400,1,22195.0
102490,Mercedes,Hybrid,Automatic,First,2024,16341,3000,0,52527.0
102491,Mercedes,Diesel,Manual,First,2024,85859,2200,0,41351.0
102492,Toyota,Petrol,Manual,Third,2023,48534,1200,1,25262.0
102493,Ford,Petrol,Automatic,First,2021,58260,3500,0,34423.0
102494,Audi,Hybrid,Manual,First,2016,43152,3500,0,40272.0
102495,Ford,Diesel,Automatic,First,2014,110328,1400,0,15213.0
102496,Nissan,Diesel,Automatic,Second,2014,25240,1400,0,14255.0
102497,Ford,Petrol,Automatic,First,2022,61926,3000,0,31511.0
102498,Nissan,Petrol,Manual,First,2013,25424,2200,0,17085.0
102499,Ford,Electric,Automatic,Third,2021,93980,1400,0,22143.0
102500,Audi,Hybrid,Automatic,First,2017,68859,1000,0,30669.0
102501,Audi,Petrol,Automatic,Second,2020,32021,1600,1,34373.0
102502,BMW,Hybrid,Manual,First,2018,67388,1800,0,35273.0
102503,Toyota,Hybrid,Manual,Second,2013,40173,3000,0,27486.0
102504,Audi,Petrol,Automatic,First,2020,90033,1600,0,31653.0
102505,Nissan,Petrol,Automatic,First,2025,125894,3500,0,34380.0
102506,Audi,Petrol,Manual,Second,2014,25144,1200,0,22346.0
102507,BMW,Petrol,Manual,First,2018,107022,1000,0,26149.0
102508,Mercedes,Diesel,Automatic,Third,2021,101670,1800,0,37540.0
102509,Nissan,Petrol,Automatic,Second,2018,55115,1400,0,19854.0
102510,BMW,Hybrid,Manual,Second,2015,86398,3000,1,32411.0
102511,Hyundai,Electric,Automatic,First,2025,72342,1400,0,29537.0
102512,Hyundai,Petrol,Automatic,Second,2015,63717,1400,0,15340.0
102513,Honda,Diesel,Automatic,Second,2023,50415,1200,0,30893.0
102514,Ford,Hybrid,Automatic,Second,2013,86026,1400,0,18980.0
102515,Toyota,Hybrid,Manual,First,2013,49205,3000,0,28127.0
102516,Kia,Hybrid,Automatic,Third,2013,94932,2200,0,9103.0
102517,Volkswagen,Petrol,Automatic,First,2023,39182,1200,0,27200.0
102518,BMW,Diesel,Manual,First,2022,127684,1400,0,33576.0
102519,Mercedes,Diesel,Manual,Third,2016,30868,2500,2,30463.0
102520,Volkswagen,Electric,Automatic,Second,2014,149932,3500,0,26921.0
102521,Mercedes,Petrol,Automatic,First,2021,54424,2500,0,41268.0
102522,Volkswagen,Electric,Manual,Third,2018,88338,3500,1,30724.0
102523,BMW,Petrol,Automatic,First,2024,94612,1000,0,33293.0
102524,Kia,Electric,Automatic,First,2018,70449,1000,0,19186.0
102525,Volkswagen,Diesel,Automatic,Second,2017,98733,2500,0,18454.0
102526,BMW,Diesel,Manual,First,2024,46944,2500,0,41641.0
102527,Audi,Diesel,Automatic,Third,2019,28132,1200,0,27206.0
102528,Kia,Petrol,Manual,Second,2022,66548,2500,0,25923.0
102529,Nissan,Petrol,Automatic,First,2015,88200,1000,0,12824.0
102530,Mercedes,Petrol,Manual,Second,2020,47502,1800,1,32147.0
102531,Hyundai,Petrol,Automatic,First,2023,73591,3500,1,31589.0
102532,Ford,Petrol,Automatic,First,2023,25617,1800,0,28817.0
102533,Hyundai,Hybrid,Automatic,Third,2024,72494,2500,1,31985.0
102534,Kia,Diesel,Automatic,Second,2021,52078,2500,0,24779.0
102535,Nissan,Petrol,Manual,First,2021,70524,3500,0,30398.0
102536,Mercedes,Hybrid,Automatic,First,2016,68523,1600,0,35893.0
102537,Nissan,Diesel,Automatic,First,2015,36732,1200,0,14535.0
102538,Volkswagen,Electric,Manual,First,2014,69407,2000,0,20185.0
102539,Mercedes,Diesel,Automatic,Second,2025,49251,1600,1,42096.0
102540,Volkswagen,Petrol,Automatic,First,2020,92736,1200,1,22016.0
102541,BMW,Diesel,Automatic,First,2023,93091,3000,0,44721.0
102542,Kia,Diesel,Automatic,Second,2015,71166,3000,0,17583.0
102543,BMW,Petrol,Manual,First,2020,67879,2200,1,36466.0
102544,Honda,Petrol,Automatic,First,2022,87378,1200,0,29303.0
102545,Nissan,Petrol,Automatic,Third,2012,93400,1400,0,7449.0
102546,Volkswagen,Petrol,Automatic,First,2016,111643,3000,1,22669.0
102547,Audi,Petrol,Automatic,Second,2012,57606,2500,1,27415.0
102548,BMW,Diesel,Automatic,First,2020,27266,3500,0,46613.0
102549,Honda,Petrol,Automatic,First,2023,93849,1200,1,29243.0
102550,Toyota,Diesel,Automatic,First,2018,112455,1800,0,24175.0
102551,Hyundai,Diesel,Manual,First,2023,67124,1200,0,20341.0
102552,Mercedes,Petrol,Automatic,First,2021,63523,1000,0,35804.0
102553,Honda,Petrol,Automatic,First,2020,112998,3000,1,25390.0
102554,Kia,Petrol,Automatic,First,2016,32638,2200,0,22696.0
102555,BMW,Petrol,Manual,First,2021,55969,1600,1,33002.0
102556,Kia,Petrol,Automatic,First,2025,45928,1400,1,23960.0
102557,Hyundai,Petrol,Manual,Third,2020,65858,1400,0,14247.0
102558,Audi,Diesel,Manual,Second,2015,96088,2200,0,24492.0
102559,Nissan,Diesel,Manual,Second,2024,27679,3500,0,31153.0
102560,Nissan,Petrol,Automatic,Second,2014,95991,3000,0,17738.0
102561,Kia,Petrol,Automatic,First,2013,40039,2200,0,15648.0
102562,Volkswagen,Diesel,Automatic,Second,2015,78232,1200,0,14158.0
102563,Audi,Hybrid,Manual,Second,2014,3000,2000,1,30180.0
102564,Nissan,Hybrid,Manual,First,2020,3546,2500,0,31419.0
102565,Audi,Diesel,Manual,First,2024,60465,2200,1,36230.0
102566,Honda,Petrol,Automatic,First,2023,103034,1200,0,26776.0
102567,Audi,Petrol,Automatic,First,2023,96725,2200,0,36520.0
102568,Ford,Hybrid,Automatic,First,2024,17316,3000,1,37677.0
102569,Hyundai,Petrol,Automatic,Third,2023,98268,1400,0,21137.0
102570,Nissan,Electric,Automatic,Second,2019,80787,1400,1,24361.0
102571,Audi,Diesel,Manual,First,2023,78140,1800,0,38123.0
102572,Kia,Diesel,Manual,Second,2012,133584,3000,0,10317.0
102573,Toyota,Petrol,Automatic,First,2013,46266,1000,0,17765.0
102574,Ford,Diesel,Manual,Second,2014,94208,2200,1,14587.0
102575,Ford,Diesel,Manual,Second,2017,66154,2200,0,17640.0
102576,Volkswagen,Petrol,Automatic,Second,2016,113791,1600,0,15405.0
102577,Audi,Petrol,Automatic,Second,2022,75465,2000,0,37346.0
102578,Volkswagen,Hybrid,Manual,First,2016,49424,1000,0,21014.0
102579,Volkswagen,Diesel,Automatic,First,2017,45366,3500,0,28770.0
102580,Toyota,Petrol,Automatic,Second,2024,71981,1600,1,30930.0
102581,Honda,Petrol,Automatic,Second,2023,41242,1400,2,24535.0
102582,Audi,Diesel,Manual,Second,2025,3000,1800,1,39810.0
102583,BMW,Diesel,Automatic,Third,2019,104480,2500,0,32722.0
102584,Nissan,Diesel,Manual,Second,2025,98955,1800,0,21386.0
102585,Volkswagen,Diesel,Manual,Second,2012,65039,1000,1,8532.0
102586,Hyundai,Petrol,Manual,Second,2016,86321,1200,1,9882.0
102587,Mercedes,Diesel,Automatic,First,2017,87971,1200,1,28618.0
102588,Hyundai,Petrol,Manual,First,2022,66544,3000,0,26681.0
102589,Toyota,Electric,Automatic,Second,2021,12656,3500,0,43471.0
102590,Toyota,Diesel,Automatic,First,2022,75393,2200,0,32276.0
102591,Kia,Petrol,Manual,Second,2017,57257,1600,1,13941.0
102592,Honda,Petrol,Automatic,First,2020,125308,3000,0,28782.0
102593,Nissan,Hybrid,Manual,First,2021,84773,3000,1,30316.0
102594,Volkswagen,Petrol,Automatic,Second,2018,84891,2200,0,24775.0
102595,Hyundai,Petrol,Automatic,First,2015,109628,3000,0,18943.0
102596,Mercedes,Diesel,Manual,First,2018,68330,3000,0,35702.0
102597,Toyota,Petrol,Manual,First,2018,124776,2200,0,22748.0
102598,Toyota,Hybrid,Automatic,Second,2022,34303,1800,0,34898.0
102599,Honda,Petrol,Manual,Second,2022,61623,3000,1,30802.0
102600,Mercedes,Hybrid,Manual,Third,2017,105201,1400,0,27374.0
102601,Mercedes,Petrol,Automatic,First,2019,28144,1600,0,35973.0
102602,Honda,Petrol,Automatic,Second,2019,54418,2000,0,28124.0
102603,Toyota,Hybrid,Automatic,First,2024,79564,2200,2,35746.0
102604,Nissan,Diesel,Automatic,First,2024,80981,3500,0,35900.0
102605,Audi,Petrol,Automatic,First,2021,45822,2500,1,40284.0
102606,Audi,Petrol,Automatic,First,2023,108711,1600,0,32902.0
102607,Honda,Diesel,Automatic,First,2024,35066,3000,1,34734.0
102608,Mercedes,Diesel,Manual,First,2017,71623,1400,1,30160.0
102609,Volkswagen,Electric,Manual,First,2022,45234,1400,0,28192.0
102610,Honda,Electric,Automatic,Second,2013,9669,1800,0,30575.0
102611,Nissan,Diesel,Manual,First,2016,44047,1200,0,15732.0
102612,Honda,Petrol,Automatic,Third,2024,55515,1000,0,25950.0
102613,Ford,Diesel,Automatic,Second,2012,26130,3000,0,20077.0
102614,Hyundai,Diesel,Automatic,First,2021,102244,2500,1,21551.0
102615,Mercedes,Petrol,Manual,First,2021,70125,1400,0,35007.0
102616,Kia,Petrol,Manual,Second,2025,73859,1800,0,22952.0
102617,Kia,Petrol,Manual,Second,2023,62380,2500,1,24682.0
102618,Mercedes,Petrol,Manual,Second,2024,61676,1200,1,36576.0
102619,Nissan,Petrol,Automatic,Second,2021,82094,2200,0,23092.0
102620,Ford,Diesel,Manual,First,2025,50135,3000,0,34992.0
102621,Ford,Hybrid,Automatic,First,2023,3000,1600,0,34350.0
102622,Toyota,Diesel,Automatic,Second,2024,9366,1200,0,30773.0
102623,Hyundai,Petrol,Manual,Second,2022,74374,3000,0,23527.0
102624,Audi,Petrol,Manual,Second,2020,56454,3500,0,37065.0
102625,BMW,Diesel,Automatic,Second,2015,144677,1000,0,22538.0
102626,Nissan,Petrol,Automatic,First,2012,92056,2000,0,12938.0
102627,BMW,Diesel,Automatic,Third,2014,76926,2500,0,28980.0
102628,BMW,Electric,Automatic,Third,2021,16300,1200,0,43458.0
102629,Mercedes,Petrol,Automatic,First,2024,45249,3500,0,48514.0
102630,Kia,Petrol,Automatic,First,2013,94620,2200,0,13953.0
102631,Kia,Diesel,Automatic,First,2020,71162,2200,0,23279.0
102632,Audi,Electric,Manual,Second,2018,36646,1400,2,31884.0
102633,Mercedes,Hybrid,Manual,First,2021,29480,3500,0,48826.0
102634,BMW,Hybrid,Automatic,First,2021,81194,1600,0,42566.0
102635,Volkswagen,Petrol,Manual,First,2023,45939,2500,0,30886.0
102636,Kia,Electric,Manual,First,2017,51171,2000,0,23344.0
102637,Nissan,Petrol,Automatic,First,2015,59041,1200,0,14000.0
102638,Nissan,Petrol,Automatic,Second,2022,106573,2000,0,22468.0
102639,Toyota,Hybrid,Automatic,Second,2015,57864,2200,0,26534.0
102640,Honda,Electric,Automatic,Second,2023,107086,2500,0,38822.0
102641,Volkswagen,Petrol,Automatic,Second,2023,53347,2500,1,30545.0
102642,Kia,Petrol,Automatic,Second,2018,21585,2500,1,22704.0
102643,Ford,Petrol,Automatic,Second,2019,56995,2500,0,23327.0
102644,Kia,Petrol,Manual,First,2015,64786,2000,0,11144.0
102645,Toyota,Petrol,Automatic,First,2025,16580,1000,0,34438.0
102646,Nissan,Electric,Manual,First,2018,34093,1600,0,25348.0
102647,BMW,Diesel,Automatic,Third,2014,82204,1200,0,18452.0
102648,Ford,Hybrid,Manual,Second,2023,50153,3500,1,37899.0
102649,Mercedes,Hybrid,Automatic,Second,2023,90290,2200,0,44927.0
102650,Hyundai,Diesel,Manual,Third,2020,23174,1000,2,13712.0
102651,BMW,Hybrid,Manual,Second,2023,39690,1800,0,39135.0
102652,Hyundai,Diesel,Manual,Third,2014,86868,3500,0,14529.0
102653,Volkswagen,Petrol,Manual,First,2025,68321,2500,0,32277.0
102654,Honda,Diesel,Automatic,Second,2014,14742,1600,0,21922.0
102655,Ford,Diesel,Manual,Second,2021,72916,2200,1,22187.0
102656,Audi,Hybrid,Automatic,Second,2023,107541,1800,0,37397.0
102657,Ford,Electric,Automatic,First,2024,59183,1000,0,35663.0
102658,Kia,Petrol,Automatic,Second,2013,48126,1200,0,7310.0
102659,Nissan,Hybrid,Automatic,First,2014,96246,1800,1,17803.0
102660,Kia,Petrol,Automatic,Second,2019,47796,2200,0,22515.0
102661,Kia,Hybrid,Manual,Second,2013,81695,2200,1,12612.0
102662,Volkswagen,Petrol,Automatic,First,2024,56248,3000,2,36159.0
102663,BMW,Petrol,Manual,First,2012,33155,1400,0,26375.0
102664,Audi,Petrol,Automatic,Second,2016,47821,1600,2,26652.0
102665,Audi,Diesel,Automatic,Second,2019,3000,1400,0,32416.0
102666,Kia,Petrol,Automatic,Second,2017,88742,2500,0,16027.0
102667,Hyundai,Electric,Manual,Second,2025,85011,3000,1,30494.0
102668,Volkswagen,Petrol,Automatic,Second,2013,72105,2500,0,21397.0
102669,Kia,Electric,Automatic,First,2023,47138,1200,0,33487.0
102670,Honda,Diesel,Automatic,Second,2020,88416,3500,0,32668.0
102671,Nissan,Petrol,Automatic,Second,2025,83668,1000,1,22287.0
102672,BMW,Petrol,Manual,Second,2024,88617,1800,1,34544.0
102673,Mercedes,Diesel,Automatic,First,2015,76673,1200,0,28385.0
102674,Honda,Diesel,Automatic,First,2024,57911,1400,0,32320.0
102675,Hyundai,Diesel,Automatic,First,2014,58283,3000,0,17260.0
102676,Ford,Petrol,Automatic,Third,2015,4610,1400,1,16725.0
102677,Ford,Diesel,Automatic,First,2014,28208,1000,1,14030.0
102678,Honda,Electric,Automatic,First,2019,78021,3000,0,37235.0
102679,Kia,Petrol,Automatic,First,2012,110964,1200,0,3705.0
102680,Mercedes,Petrol,Automatic,First,2012,89798,3500,1,30383.0
102681,Toyota,Petrol,Automatic,Second,2020,57558,2000,0,24994.0
102682,Toyota,Hybrid,Automatic,Second,2018,40424,2200,1,30120.0
102683,Hyundai,Hybrid,Automatic,Second,2020,85617,3000,2,24778.0
102684,Kia,Petrol,Automatic,First,2014,70421,2500,1,15310.0
102685,Audi,Petrol,Automatic,First,2014,40334,2000,1,29705.0
102686,Audi,Petrol,Automatic,Second,2025,71781,1600,0,36480.0
102687,BMW,Petrol,Manual,First,2013,87696,1600,1,23949.0
102688,Mercedes,Petrol,Automatic,Second,2013,16905,1600,0,28619.0
102689,Mercedes,Electric,Automatic,First,2022,61883,3500,0,54431.0
102690,Ford,Diesel,Automatic,First,2020,103542,1200,0,21428.0
102691,Volkswagen,Petrol,Automatic,First,2013,96206,2200,1,16619.0
102692,Hyundai,Hybrid,Manual,Third,2015,64325,1000,0,14775.0
102693,Toyota,Diesel,Automatic,First,2022,34926,1800,0,30225.0
102694,Hyundai,Diesel,Automatic,Second,2015,22424,1600,0,14941.0
102695,Audi,Petrol,Manual,Second,2020,91622,1200,1,21457.0
102696,Audi,Petrol,Manual,First,2025,49017,3000,2,41549.0
102697,Honda,Electric,Manual,First,2014,83913,1000,0,18300.0
102698,BMW,Diesel,Manual,Third,2021,99739,1600,1,30853.0
102699,Mercedes,Petrol,Manual,First,2025,41972,2000,0,42565.0
102700,Nissan,Diesel,Automatic,Second,2013,54671,1600,0,12428.0
102701,Hyundai,Electric,Automatic,Third,2023,99515,3500,0,35125.0
102702,Audi,Petrol,Automatic,First,2014,59186,3500,0,35915.0
102703,Volkswagen,Diesel,Automatic,First,2025,82269,1600,1,26318.0
102704,Ford,Electric,Automatic,First,2020,55214,1200,2,25515.0
102705,Toyota,Petrol,Manual,First,2016,30244,3500,1,30406.0
102706,BMW,Diesel,Automatic,First,2016,80462,3000,0,35268.0
102707,Volkswagen,Diesel,Manual,Second,2018,110501,3000,0,24491.0
102708,BMW,Diesel,Automatic,Second,2025,77308,1000,2,33646.0
102709,Honda,Petrol,Automatic,Second,2012,83462,1000,1,9678.0
102710,Nissan,Petrol,Automatic,Third,2021,83937,2500,0,24569.0
102711,Audi,Diesel,Automatic,First,2016,114895,3000,0,33356.0
102712,Ford,Petrol,Automatic,First,2020,55522,1400,0,25965.0
102713,Volkswagen,Petrol,Manual,First,2025,3000,1400,1,31132.0
102714,BMW,Petrol,Automatic,First,2025,102842,1200,2,33992.0
102715,Mercedes,Petrol,Automatic,First,2017,20765,3000,0,39718.0
102716,Honda,Electric,Manual,First,2023,50548,1200,0,33144.0
102717,Mercedes,Petrol,Automatic,Second,2019,41148,2200,0,36415.0
102718,Ford,Electric,Automatic,Third,2021,41167,1200,0,25525.0
102719,Volkswagen,Petrol,Automatic,First,2019,92331,3500,1,27976.0
102720,Honda,Diesel,Automatic,Second,2012,85965,3500,1,22818.0
102721,Volkswagen,Petrol,Manual,Second,2019,39591,2000,0,20706.0
102722,Audi,Hybrid,Manual,First,2017,102146,1400,0,31197.0
102723,Kia,Hybrid,Manual,First,2015,57565,1000,2,11882.0
102724,Honda,Petrol,Automatic,Third,2014,121072,2000,0,12506.0
102725,Mercedes,Electric,Manual,Second,2016,53515,1200,1,29840.0
102726,Ford,Petrol,Automatic,Third,2024,51643,2200,0,26030.0
102727,Nissan,Diesel,Automatic,First,2016,54156,3000,0,23989.0
102728,Audi,Electric,Automatic,First,2018,37916,1000,1,35018.0
102729,Kia,Hybrid,Manual,First,2020,81759,1600,0,22150.0
102730,Nissan,Electric,Manual,Third,2022,44541,1800,0,26217.0
102731,Toyota,Petrol,Automatic,First,2012,56894,3000,1,24106.0
102732,Audi,Petrol,Manual,First,2025,79316,1400,1,33163.0
102733,Ford,Petrol,Automatic,First,2020,124454,2000,0,21135.0
102734,BMW,Diesel,Automatic,First,2014,44917,1800,0,30377.0
102735,Honda,Hybrid,Manual,First,2017,48692,1800,0,26115.0
102736,Volkswagen,Petrol,Manual,Second,2017,46774,1200,0,16231.0
102737,Ford,Diesel,Manual,First,2015,78555,3500,0,24103.0
102738,Honda,Petrol,Automatic,First,2025,50537,1800,0,32643.0
102739,Nissan,Petrol,Manual,First,2013,38233,1400,1,11929.0
102740,Volkswagen,Diesel,Automatic,Second,2016,68077,1200,0,15240.0
102741,Hyundai,Diesel,Manual,First,2014,82437,2000,0,14565.0
102742,Mercedes,Hybrid,Automatic,First,2015,50451,1000,0,29223.0
102743,Toyota,Petrol,Manual,Second,2017,67937,2000,0,18961.0
102744,Audi,Hybrid,Automatic,First,2022,72918,2500,0,41039.0
102745,Ford,Petrol,Manual,First,2018,64928,1400,0,21274.0
102746,Toyota,Petrol,Automatic,Second,2013,74651,3500,0,25211.0
102747,BMW,Diesel,Automatic,First,2022,39505,2200,0,40735.0
102748,Honda,Hybrid,Automatic,First,2014,33553,1400,0,21846.0
102749,Honda,Petrol,Manual,Second,2023,40850,2000,0,30038.0
102750,Ford,Petrol,Automatic,Second,2018,3000,2200,0,24888.0
102751,Kia,Diesel,Automatic,Second,2024,29372,1400,0,23386.0
102752,Kia,Petrol,Manual,First,2016,86023,1800,0,15613.0
102753,Hyundai,Hybrid,Manual,First,2015,84967,1400,0,16606.0
102754,Mercedes,Hybrid,Automatic,Second,2015,25652,1600,0,31363.0
102755,Volkswagen,Petrol,Automatic,First,2020,13819,1800,0,30345.0
102756,BMW,Diesel,Automatic,First,2020,65718,2200,0,36195.0
102757,Toyota,Hybrid,Manual,Second,2021,80834,1600,0,27547.0
102758,Kia,Petrol,Manual,First,2018,41404,1600,0,13959.0
102759,Hyundai,Diesel,Manual,Second,2012,47231,1200,0,8799.0
102760,Hyundai,Petrol,Automatic,First,2012,88317,1800,0,11953.0
102761,Ford,Diesel,Manual,First,2014,115395,1400,1,8659.0
102762,BMW,Petrol,Automatic,Second,2014,47278,1600,0,27392.0
102763,Nissan,Hybrid,Automatic,First,2018,81766,2500,0,22852.0
102764,Volkswagen,Petrol,Manual,Second,2023,63881,1600,0,23571.0
102765,Mercedes,Petrol,Automatic,First,2025,97753,2000,0,38922.0
102766,Audi,Hybrid,Automatic,First,2024,31043,1400,1,41413.0
102767,Ford,Petrol,Manual,First,2013,65587,1000,1,9020.0
102768,Volkswagen,Petrol,Automatic,First,2019,45548,1600,1,23658.0
102769,Audi,Petrol,Automatic,Third,2012,63061,2000,3,17897.0
102770,Audi,Petrol,Manual,Second,2022,91391,3000,0,33274.0
102771,BMW,Electric,Manual,Second,2024,64408,1800,1,44423.0
102772,BMW,Hybrid,Manual,Second,2019,42124,2200,1,33546.0
102773,Toyota,Petrol,Automatic,Second,2020,92290,1000,0,17530.0
102774,Hyundai,Diesel,Automatic,First,2025,80316,2500,1,30080.0
102775,Volkswagen,Diesel,Automatic,First,2016,72152,1600,1,18813.0
102776,Ford,Electric,Manual,Second,2022,28925,2500,1,35563.0
102777,Honda,Petrol,Automatic,First,2015,79828,3000,0,27850.0
102778,Ford,Diesel,Manual,First,2017,45430,1400,0,14966.0
102779,Toyota,Diesel,Automatic,Second,2017,35256,1600,0,23310.0
102780,Mercedes,Diesel,Automatic,First,2019,37292,2000,0,38479.0
102781,Hyundai,Diesel,Manual,First,2019,82489,1400,0,16551.0
102782,Honda,Petrol,Manual,First,2012,78797,3000,0,20060.0
102783,Kia,Hybrid,Manual,Second,2020,65455,1400,0,23138.0
102784,Mercedes,Diesel,Manual,First,2021,3000,2200,0,41615.0
102785,BMW,Electric,Manual,First,2012,97313,2200,1,30287.0
102786,Audi,Petrol,Manual,First,2014,90498,1800,0,22893.0
102787,Kia,Diesel,Manual,First,2018,48428,2000,0,15561.0
102788,Ford,Electric,Manual,First,2016,105837,1000,0,20208.0
102789,Ford,Diesel,Manual,Third,2017,35551,1400,1,15155.0
102790,BMW,Hybrid,Automatic,First,2024,67741,1400,0,43875.0
102791,Toyota,Hybrid,Automatic,Second,2019,68180,1200,0,23606.0
102792,Volkswagen,Petrol,Automatic,Second,2015,72082,1000,0,14222.0
102793,Kia,Diesel,Automatic,First,2025,23232,3000,0,32721.0
102794,Kia,Petrol,Automatic,First,2025,17912,1600,1,25806.0
102795,Nissan,Diesel,Automatic,First,2015,62234,2500,0,20649.0
102796,Mercedes,Petrol,Manual,Second,2019,38709,2200,0,30810.0
102797,Hyundai,Diesel,Manual,First,2014,74944,2000,2,10939.0
102798,Mercedes,Diesel,Automatic,First,2024,68802,1000,1,37061.0
102799,Volkswagen,Petrol,Automatic,First,2017,104825,1400,0,22460.0
102800,Ford,Petrol,Manual,First,2015,103999,1800,0,13689.0
102801,Ford,Electric,Manual,First,2017,66532,1000,0,23572.0
102802,Ford,Petrol,Manual,Third,2015,109737,1000,0,7832.0
102803,Nissan,Petrol,Manual,First,2013,71254,3500,0,21384.0
102804,Ford,Petrol,Manual,First,2021,63742,3000,0,31134.0
102805,Volkswagen,Electric,Automatic,Second,2022,116213,1000,0,22845.0
102806,BMW,Electric,Automatic,Second,2022,36517,1600,1,42555.0
102807,Hyundai,Diesel,Manual,First,2014,18502,2500,1,19837.0
102808,Volkswagen,Hybrid,Automatic,First,2022,58027,3000,1,38112.0
102809,Hyundai,Petrol,Manual,First,2019,70564,2000,2,17114.0
102810,Volkswagen,Electric,Automatic,First,2024,83844,2500,0,40212.0
102811,Ford,Petrol,Manual,First,2012,30831,2000,0,15372.0
102812,BMW,Petrol,Automatic,First,2022,60249,2500,1,41125.0
102813,Kia,Petrol,Automatic,First,2021,28381,2200,1,24689.0
102814,Mercedes,Diesel,Automatic,Third,2017,56394,3000,0,35445.0
102815,Audi,Hybrid,Manual,First,2020,105173,3000,0,39811.0
102816,BMW,Petrol,Automatic,First,2012,69380,1200,0,22341.0
102817,Kia,Electric,Manual,Third,2024,36459,1800,0,30706.0
102818,Toyota,Petrol,Manual,Second,2015,5997,1200,0,20492.0
102819,Volkswagen,Petrol,Manual,First,2018,53912,2000,0,24958.0
102820,Toyota,Diesel,Manual,First,2017,64386,1600,1,20264.0
102821,Kia,Diesel,Automatic,Third,2017,65112,2500,1,20915.0
102822,BMW,Hybrid,Automatic,First,2020,25333,3500,1,45012.0
102823,Volkswagen,Diesel,Automatic,Second,2019,70687,1600,0,25025.0
102824,Audi,Diesel,Manual,Second,2024,11211,2000,0,41305.0
102825,Ford,Petrol,Manual,First,2024,68580,1000,1,23656.0
102826,Volkswagen,Diesel,Automatic,Second,2016,60366,1600,0,20982.0
102827,Volkswagen,Electric,Automatic,Third,2022,84815,1600,0,29509.0
102828,BMW,Petrol,Automatic,Second,2025,98100,2000,0,33758.0
102829,BMW,Hybrid,Automatic,First,2023,3000,2500,0,47798.0
102830,Kia,Diesel,Automatic,Second,2022,84998,1600,0,20854.0
102831,Honda,Petrol,Automatic,Second,2013,96764,1600,0,16518.0
102832,Volkswagen,Electric,Automatic,Second,2023,85587,1400,0,34095.0
102833,Mercedes,Diesel,Automatic,Second,2014,48763,2500,0,31688.0
102834,Volkswagen,Petrol,Automatic,First,2023,97874,2000,0,25666.0
102835,Kia,Petrol,Automatic,First,2021,48187,1600,0,21788.0
102836,Hyundai,Petrol,Automatic,First,2014,32468,1800,0,17058.0
102837,Toyota,Hybrid,Automatic,First,2015,64449,1200,0,20805.0
102838,Ford,Diesel,Automatic,First,2013,61465,3000,0,24847.0
102839,Honda,Electric,Automatic,First,2019,91179,2500,0,34843.0
102840,Audi,Petrol,Automatic,First,2019,44554,1200,0,31112.0
102841,Audi,Petrol,Automatic,Second,2025,69081,2500,0,41702.0
102842,Audi,Petrol,Manual,Second,2024,30592,2000,0,38192.0
102843,BMW,Diesel,Automatic,Second,2023,105074,1000,0,29297.0
102844,Audi,Electric,Automatic,First,2019,82601,3500,3,44160.0
102845,Ford,Diesel,Automatic,First,2021,3000,1600,1,28736.0
102846,Toyota,Petrol,Automatic,First,2025,100738,1800,1,28291.0
102847,Audi,Hybrid,Manual,Second,2016,69875,1200,0,28697.0
102848,Volkswagen,Hybrid,Automatic,Second,2021,67671,3500,0,32680.0
102849,Volkswagen,Petrol,Automatic,First,2017,118857,1800,0,18920.0
102850,BMW,Hybrid,Automatic,Second,2025,15943,1000,0,42646.0
102851,Ford,Petrol,Automatic,Second,2017,78014,1200,1,16038.0
102852,Toyota,Petrol,Automatic,Second,2018,54334,1000,0,24329.0
102853,Honda,Petrol,Manual,First,2012,37566,1200,0,17926.0
102854,Kia,Diesel,Automatic,First,2021,105318,1200,1,16281.0
102855,Toyota,Petrol,Automatic,First,2014,38703,2200,1,19395.0
102856,Kia,Petrol,Manual,First,2022,47254,2200,0,23844.0
102857,Hyundai,Petrol,Manual,First,2014,73914,2200,2,12222.0
102858,Kia,Hybrid,Manual,First,2022,100890,1200,0,22159.0
102859,Mercedes,Electric,Automatic,First,2018,55358,1400,0,43034.0
102860,Volkswagen,Hybrid,Automatic,First,2025,89306,1200,0,29686.0
102861,Ford,Petrol,Automatic,First,2017,115541,1800,0,18152.0
102862,Nissan,Petrol,Manual,First,2020,118186,1400,0,17889.0
102863,BMW,Petrol,Automatic,First,2020,102179,3500,0,38339.0
102864,Mercedes,Petrol,Automatic,First,2020,102160,2000,0,36287.0
102865,Kia,Diesel,Manual,Second,2024,94488,2000,0,21917.0
102866,Audi,Diesel,Manual,Second,2015,25168,1800,0,30068.0
102867,Ford,Diesel,Automatic,First,2014,77283,1200,0,11829.0
102868,Mercedes,Diesel,Manual,First,2015,78046,2500,0,31360.0
102869,BMW,Petrol,Manual,Second,2014,82322,2000,0,26299.0
102870,Volkswagen,Petrol,Automatic,Second,2018,38859,1200,0,20835.0
102871,Ford,Diesel,Manual,First,2022,82400,1000,0,18103.0
102872,BMW,Petrol,Automatic,Second,2014,95719,2000,1,24071.0
102873,Hyundai,Petrol,Manual,First,2012,73476,1200,0,8092.0
102874,Hyundai,Petrol,Manual,Second,2019,33117,1600,0,22736.0
102875,BMW,Petrol,Automatic,Third,2017,47273,1600,1,26316.0
102876,Mercedes,Petrol,Automatic,First,2016,77129,3000,0,36422.0
102877,Ford,Hybrid,Manual,Third,2019,69439,3500,0,29727.0
102878,Mercedes,Hybrid,Automatic,First,2022,22095,3500,1,52312.0
102879,Honda,Petrol,Automatic,First,2019,75020,2200,1,24326.0
102880,Kia,Petrol,Automatic,First,2014,32059,3000,1,20452.0
102881,Honda,Diesel,Manual,Second,2014,34564,2000,0,23582.0
102882,Hyundai,Petrol,Manual,First,2021,31368,1000,0,17353.0
102883,Volkswagen,Petrol,Automatic,Second,2018,20588,3500,2,29506.0
102884,Toyota,Petrol,Manual,Second,2014,3000,2500,1,23997.0
102885,Kia,Petrol,Automatic,First,2020,24239,1600,0,22693.0
102886,Hyundai,Hybrid,Manual,First,2019,69456,3500,1,28204.0
102887,Mercedes,Hybrid,Automatic,First,2019,71505,2500,0,42916.0
102888,Mercedes,Petrol,Automatic,Second,2020,55131,1400,0,34278.0
102889,Mercedes,Petrol,Automatic,Second,2019,55232,2000,1,35629.0
102890,Volkswagen,Petrol,Automatic,First,2015,66555,1600,1,17370.0
102891,Honda,Petrol,Automatic,Second,2018,45490,3500,1,31176.0
102892,Toyota,Electric,Manual,First,2025,43012,1600,0,37334.0
102893,Mercedes,Diesel,Automatic,First,2017,72957,1200,1,28795.0
102894,Nissan,Diesel,Manual,First,2012,98652,1600,0,9508.0
102895,Kia,Hybrid,Manual,Second,2023,39291,1000,0,21547.0
102896,Ford,Hybrid,Manual,Third,2016,67577,1000,0,12656.0
102897,Nissan,Hybrid,Automatic,Second,2013,36157,1800,1,15357.0
102898,Toyota,Petrol,Manual,First,2020,78155,1000,0,21376.0
102899,Volkswagen,Petrol,Manual,Second,2022,140240,1400,1,19756.0
102900,Toyota,Diesel,Manual,First,2024,82659,1400,0,28476.0
102901,Ford,Petrol,Manual,First,2014,76697,3500,0,23895.0
102902,Kia,Electric,Automatic,First,2023,78049,1600,0,30708.0
102903,Ford,Diesel,Automatic,First,2023,69475,1000,0,25906.0
102904,BMW,Electric,Manual,Second,2018,56218,2200,0,37773.0
102905,Kia,Petrol,Manual,First,2013,25628,1600,0,12773.0
102906,Toyota,Hybrid,Automatic,Third,2018,65027,2200,0,27801.0
102907,Mercedes,Petrol,Automatic,First,2024,62495,1800,0,41465.0
102908,Toyota,Electric,Manual,First,2015,61206,1000,1,19661.0
102909,Toyota,Petrol,Automatic,First,2022,72023,1600,0,29671.0
102910,Kia,Diesel,Automatic,First,2017,81632,1800,1,15429.0
102911,BMW,Hybrid,Automatic,Third,2020,77355,1600,0,37157.0
102912,Toyota,Petrol,Automatic,First,2019,56912,2200,0,26412.0
102913,Nissan,Diesel,Automatic,Third,2020,77343,1000,0,12596.0
102914,Hyundai,Electric,Manual,First,2025,41190,3000,0,39101.0
102915,Audi,Petrol,Manual,First,2016,16599,2000,1,28438.0
102916,Audi,Diesel,Manual,First,2016,49300,2500,0,32280.0
102917,Toyota,Petrol,Manual,Second,2015,65175,2500,0,22614.0
102918,Nissan,Hybrid,Automatic,First,2020,13260,3000,0,37475.0
102919,Mercedes,Diesel,Manual,Third,2025,67980,1800,1,38318.0
102920,Volkswagen,Petrol,Manual,First,2021,70307,2500,0,29294.0
102921,Volkswagen,Petrol,Manual,First,2019,89687,2500,0,19898.0
102922,Kia,Diesel,Manual,Second,2017,75658,2000,0,13350.0
102923,Audi,Petrol,Automatic,First,2021,25375,3500,1,44755.0
102924,Toyota,Petrol,Automatic,First,2025,74047,2500,0,35633.0
102925,Volkswagen,Diesel,Automatic,Second,2025,65915,1800,1,31358.0
102926,Toyota,Petrol,Manual,First,2017,77566,3500,0,28592.0
102927,Kia,Petrol,Automatic,First,2017,96760,2500,0,18135.0
102928,Audi,Diesel,Manual,First,2017,43911,3500,0,36164.0
102929,Ford,Petrol,Automatic,First,2018,56020,1400,0,18968.0
102930,Hyundai,Petrol,Manual,First,2017,64337,1600,0,15912.0
102931,Hyundai,Petrol,Automatic,First,2019,51165,1400,0,19977.0
102932,Volkswagen,Diesel,Automatic,Second,2018,6806,1800,0,21481.0
102933,Hyundai,Diesel,Automatic,First,2013,90658,1800,0,11350.0
102934,Ford,Diesel,Manual,Second,2021,3000,1800,0,26326.0
102935,Toyota,Petrol,Automatic,First,2015,73788,1200,0,19014.0
102936,Kia,Petrol,Manual,First,2025,26587,3000,0,32328.0
102937,Ford,Petrol,Automatic,First,2022,34704,2200,0,28795.0
102938,Kia,Petrol,Manual,Second,2018,83675,2500,0,16256.0
102939,Kia,Electric,Automatic,Second,2013,102474,1200,0,12768.0
102940,Audi,Petrol,Manual,First,2015,74586,3500,0,33859.0
102941,Toyota,Petrol,Automatic,First,2013,57035,3500,0,22777.0
102942,Nissan,Petrol,Manual,Second,2013,60001,2200,0,12345.0
102943,Hyundai,Diesel,Automatic,Second,2025,102897,1400,0,27658.0
102944,Nissan,Diesel,Manual,Second,2018,100316,1800,0,18965.0
102945,Audi,Diesel,Manual,First,2022,80102,2200,0,37874.0
102946,Kia,Hybrid,Automatic,Second,2013,100481,3000,0,18648.0
102947,Volkswagen,Diesel,Automatic,Second,2015,50965,3500,0,23978.0
102948,Hyundai,Petrol,Manual,First,2018,85885,1000,0,12453.0
102949,Hyundai,Petrol,Manual,First,2017,26645,2000,0,18737.0
102950,Toyota,Diesel,Automatic,First,2015,49934,2000,1,21361.0
102951,BMW,Diesel,Automatic,First,2020,53217,1200,0,32171.0
102952,Honda,Diesel,Automatic,Third,2016,99646,3500,1,23931.0
102953,Honda,Diesel,Automatic,Third,2013,58735,3000,0,20164.0
102954,Honda,Diesel,Automatic,First,2025,93570,1800,0,29777.0
102955,BMW,Hybrid,Manual,First,2018,47781,3000,0,39941.0
102956,Toyota,Diesel,Automatic,Second,2021,87436,1600,0,24840.0
102957,BMW,Hybrid,Automatic,First,2023,81173,1800,0,42227.0
102958,Honda,Petrol,Manual,First,2013,3000,1800,0,18865.0
102959,Audi,Diesel,Automatic,First,2019,95034,1800,1,29397.0
102960,Ford,Electric,Manual,First,2018,48866,3000,0,31636.0
102961,Kia,Petrol,Manual,First,2025,28033,1000,0,24951.0
102962,BMW,Hybrid,Automatic,Second,2023,38661,2500,0,45431.0
102963,Toyota,Diesel,Automatic,First,2020,48254,2200,0,25515.0
102964,Toyota,Petrol,Manual,Second,2017,39900,1000,1,15357.0
102965,Nissan,Diesel,Manual,Third,2018,38504,1200,0,16045.0
102966,Ford,Petrol,Automatic,Second,2021,57604,1000,1,17843.0
102967,Volkswagen,Electric,Automatic,First,2025,77901,1600,0,32915.0
102968,Hyundai,Hybrid,Automatic,First,2025,99707,3500,0,35357.0
102969,Honda,Petrol,Automatic,Second,2020,113029,3000,1,25205.0
102970,Volkswagen,Petrol,Automatic,Third,2018,131444,1000,0,16044.0
102971,Nissan,Diesel,Automatic,First,2020,74329,1400,0,22692.0
102972,Honda,Petrol,Manual,First,2019,60522,2200,1,24888.0
102973,Ford,Petrol,Automatic,First,2016,86568,1600,0,17142.0
102974,Nissan,Diesel,Manual,First,2018,30698,2000,0,23832.0
102975,Honda,Petrol,Automatic,First,2023,58149,2200,0,31808.0
102976,Ford,Petrol,Automatic,Third,2018,76979,2000,0,20815.0
102977,Mercedes,Hybrid,Automatic,First,2012,36934,2500,0,35764.0
102978,Volkswagen,Electric,Automatic,First,2015,94549,1200,1,21616.0
102979,Volkswagen,Hybrid,Automatic,Third,2016,79089,1000,0,19992.0
102980,Hyundai,Hybrid,Manual,First,2023,53824,2200,1,25916.0
102981,Ford,Petrol,Automatic,Second,2017,77159,1400,0,18992.0
102982,BMW,Petrol,Manual,First,2018,58453,1600,0,30548.0
102983,Mercedes,Petrol,Automatic,Third,2016,12689,2200,0,34360.0
102984,Audi,Hybrid,Automatic,First,2013,97937,1200,2,22529.0
102985,Honda,Electric,Automatic,Third,2016,62954,2200,0,26792.0
102986,Mercedes,Diesel,Manual,First,2016,73598,1600,0,31998.0
102987,Ford,Hybrid,Automatic,First,2018,84508,3000,0,26588.0
102988,Kia,Diesel,Automatic,First,2024,10488,1000,1,23927.0
102989,Honda,Petrol,Manual,First,2014,60981,1400,0,18387.0
102990,Toyota,Petrol,Manual,First,2012,43513,2500,0,20536.0
102991,Volkswagen,Petrol,Automatic,Third,2023,106915,2200,1,29161.0
102992,Ford,Petrol,Manual,First,2017,63500,1200,2,13052.0
102993,Toyota,Diesel,Automatic,Second,2023,60605,1800,0,27409.0
102994,Hyundai,Petrol,Manual,First,2018,52619,2200,0,17896.0
102995,Nissan,Diesel,Automatic,Second,2022,112012,1800,0,22176.0
102996,Audi,Diesel,Automatic,First,2021,43464,3500,0,46804.0
102997,Audi,Petrol,Automatic,Third,2019,34407,1000,0,29850.0
102998,Toyota,Diesel,Automatic,First,2025,40370,1800,0,32397.0
102999,Volkswagen,Diesel,Automatic,First,2018,46117,3500,0,30363.0
103000,Hyundai,Petrol,Manual,First,2018,63816,1400,0,18227.0
103001,Kia,Hybrid,Manual,Second,2018,85578,1000,0,13133.0
103002,Volkswagen,Diesel,Automatic,Second,2012,40328,3500,0,22108.0
103003,Mercedes,Diesel,Automatic,Second,2020,109306,1600,0,35559.0
103004,Audi,Hybrid,Automatic,First,2020,74399,2200,0,36609.0
103005,Mercedes,Hybrid,Automatic,Second,2018,21712,2200,0,41528.0
103006,Honda,Hybrid,Manual,Third,2020,7389,1200,0,26346.0
103007,BMW,Petrol,Manual,First,2022,65520,1200,0,34597.0
103008,Ford,Petrol,Automatic,First,2015,44840,1000,0,18884.0
103009,Hyundai,Petrol,Automatic,Second,2018,38547,1200,2,15791.0
103010,Volkswagen,Petrol,Manual,First,2013,46705,3000,1,17187.0
103011,Audi,Electric,Manual,Second,2025,46984,3000,0,51107.0
103012,Mercedes,Diesel,Automatic,First,2017,72410,2200,0,36842.0
103013,Nissan,Petrol,Automatic,Third,2013,78893,1400,1,9213.0
103014,Honda,Petrol,Automatic,Second,2021,62033,2500,1,29336.0
103015,Ford,Petrol,Automatic,Second,2014,71749,1600,0,13423.0
103016,Ford,Diesel,Automatic,First,2022,35007,1800,0,27590.0
103017,Volkswagen,Diesel,Automatic,First,2024,54928,3500,0,35810.0
103018,Hyundai,Hybrid,Manual,Second,2022,70528,1800,1,23724.0
103019,Kia,Electric,Automatic,Second,2012,65743,1200,0,14159.0
103020,Nissan,Petrol,Manual,Second,2018,87546,3000,0,21720.0
103021,Volkswagen,Petrol,Automatic,First,2023,67214,2000,0,30634.0
103022,Mercedes,Petrol,Automatic,First,2013,3699,2000,0,31008.0
103023,BMW,Petrol,Automatic,First,2014,47569,1000,0,26388.0
103024,Toyota,Electric,Automatic,First,2023,112710,1200,2,27671.0
103025,Kia,Diesel,Manual,Second,2012,46269,1600,0,4957.0
103026,Hyundai,Diesel,Automatic,Second,2014,58435,2500,0,18230.0
103027,Honda,Diesel,Automatic,First,2022,3000,2500,0,31510.0
103028,Kia,Petrol,Manual,Second,2015,33270,3000,0,15778.0
103029,Audi,Petrol,Automatic,Second,2025,43373,1000,0,33209.0
103030,Hyundai,Diesel,Automatic,Second,2018,122653,2500,0,17119.0
103031,BMW,Diesel,Automatic,First,2017,64835,1600,0,30528.0
103032,Audi,Petrol,Automatic,First,2012,59767,1800,0,23213.0
103033,Kia,Diesel,Automatic,Second,2022,55080,3500,1,29574.0
103034,Toyota,Hybrid,Automatic,First,2015,25681,1800,1,26309.0
103035,Toyota,Petrol,Manual,Second,2020,96841,2200,0,25388.0
103036,BMW,Diesel,Manual,Second,2014,12525,1400,1,26029.0
103037,Ford,Petrol,Automatic,Second,2017,60668,1800,0,21810.0
103038,Nissan,Diesel,Automatic,Third,2022,3000,2200,0,24782.0
103039,Honda,Hybrid,Automatic,Second,2013,47304,2000,0,21568.0
103040,Ford,Electric,Automatic,First,2016,3000,1200,0,28137.0
103041,Toyota,Petrol,Automatic,First,2020,40822,2500,0,28214.0
103042,Toyota,Petrol,Manual,First,2023,91950,3000,0,31888.0
103043,Mercedes,Petrol,Manual,First,2013,20836,3000,1,29966.0
103044,Audi,Petrol,Automatic,First,2014,46856,3000,0,34067.0
103045,Kia,Diesel,Manual,First,2023,91275,1200,1,19539.0
103046,Honda,Electric,Automatic,First,2013,129980,3500,0,28364.0
103047,BMW,Petrol,Automatic,First,2013,71947,1400,0,24537.0
103048,Kia,Petrol,Automatic,Second,2017,50746,1600,1,17478.0
103049,Mercedes,Petrol,Automatic,Second,2017,55498,1200,0,29321.0
103050,Toyota,Diesel,Automatic,Third,2016,43897,2000,0,21717.0
103051,BMW,Petrol,Automatic,First,2025,58088,2200,0,44918.0
103052,Toyota,Petrol,Automatic,First,2013,153805,3000,1,20063.0
103053,Honda,Diesel,Manual,First,2012,93515,1000,1,10818.0
103054,Audi,Petrol,Automatic,First,2024,82782,2200,1,37975.0
103055,Kia,Diesel,Automatic,Second,2024,75784,1800,0,25593.0
103056,Kia,Hybrid,Automatic,First,2014,68311,1400,0,15932.0
103057,Ford,Petrol,Automatic,First,2014,68822,1800,1,15455.0
103058,BMW,Diesel,Manual,Second,2020,113971,2000,1,29165.0
103059,Nissan,Diesel,Automatic,Second,2015,69301,1600,0,16217.0
103060,Mercedes,Diesel,Manual,Second,2025,58394,3500,0,47511.0
103061,Nissan,Petrol,Automatic,First,2025,33669,3000,0,37878.0
103062,Ford,Petrol,Automatic,First,2020,69150,1000,1,19669.0
103063,Honda,Hybrid,Automatic,First,2024,46917,3500,0,41951.0
103064,Mercedes,Hybrid,Manual,Third,2022,59825,2000,0,39043.0
103065,Audi,Petrol,Automatic,Second,2012,36217,3500,0,31237.0
103066,Nissan,Petrol,Manual,First,2014,66921,1200,1,10127.0
103067,Audi,Petrol,Automatic,First,2012,45254,2200,0,27213.0
103068,Nissan,Petrol,Automatic,Second,2017,26892,3000,0,26246.0
103069,Audi,Diesel,Automatic,First,2012,102873,2000,0,23484.0
103070,Nissan,Petrol,Automatic,Third,2013,21438,3500,0,22502.0
103071,Audi,Petrol,Automatic,Second,2020,41505,3000,0,38819.0
103072,Ford,Hybrid,Automatic,First,2022,76350,2500,1,31352.0
103073,Hyundai,Petrol,Automatic,First,2012,95000,1800,0,11127.0
103074,Mercedes,Hybrid,Manual,Second,2015,64126,2500,1,33888.0
103075,BMW,Diesel,Manual,First,2017,61311,1800,0,32568.0
103076,Honda,Petrol,Manual,Second,2025,25628,2500,0,36796.0
103077,Volkswagen,Diesel,Automatic,First,2013,44310,2200,0,19859.0
103078,Toyota,Diesel,Manual,First,2012,14217,1800,0,16423.0
103079,BMW,Petrol,Manual,Second,2015,59816,2500,0,26057.0
103080,Toyota,Petrol,Automatic,First,2014,79406,2000,0,21395.0
103081,Mercedes,Diesel,Automatic,First,2018,76630,2200,1,33859.0
103082,BMW,Electric,Automatic,First,2018,11909,1800,0,45416.0
103083,Audi,Diesel,Automatic,Second,2023,83564,2500,0,39893.0
103084,Audi,Petrol,Manual,Second,2025,103664,2500,1,33139.0
103085,Volkswagen,Diesel,Manual,First,2021,53695,1000,0,22735.0
103086,Toyota,Petrol,Manual,Second,2022,112279,2500,1,24129.0
103087,Honda,Diesel,Automatic,First,2018,51429,3500,0,33398.0
103088,Mercedes,Diesel,Automatic,First,2020,18545,2500,0,44200.0
103089,Audi,Diesel,Automatic,Second,2020,60509,2200,0,31033.0
103090,Hyundai,Hybrid,Automatic,Second,2015,55971,2000,1,18940.0
103091,Ford,Diesel,Manual,First,2020,96696,3500,0,32123.0
103092,Ford,Diesel,Automatic,First,2022,35084,1400,0,25783.0
103093,Nissan,Petrol,Manual,First,2018,76873,2200,0,20901.0
103094,Honda,Hybrid,Manual,Second,2017,13359,1600,0,24740.0
103095,Ford,Electric,Manual,First,2022,48593,2500,0,34298.0
103096,Nissan,Petrol,Automatic,First,2020,53604,1800,1,22129.0
103097,Toyota,Diesel,Manual,First,2015,49847,1400,0,18764.0
103098,Audi,Petrol,Manual,First,2012,18052,2000,1,24239.0
103099,Audi,Hybrid,Manual,Second,2017,48654,2000,2,31584.0
103100,Hyundai,Diesel,Manual,First,2024,65899,2000,1,20843.0
103101,BMW,Petrol,Manual,First,2012,96901,2500,0,28597.0
103102,Ford,Hybrid,Automatic,First,2021,42033,1000,1,25167.0
103103,Toyota,Petrol,Manual,First,2020,34414,3500,0,35629.0
103104,Kia,Hybrid,Manual,First,2025,132918,1000,0,20176.0
103105,Ford,Diesel,Manual,First,2016,3000,3500,1,27987.0
103106,Honda,Petrol,Manual,First,2013,42096,2200,1,21413.0
103107,BMW,Petrol,Automatic,Second,2023,33283,1400,0,40992.0
103108,Ford,Petrol,Automatic,Second,2019,14580,2500,0,29321.0
103109,Toyota,Diesel,Automatic,First,2021,62237,1400,1,26924.0
103110,Ford,Diesel,Automatic,First,2022,97730,2000,0,26363.0
103111,Honda,Petrol,Automatic,First,2017,96234,1000,0,16966.0
103112,Kia,Petrol,Automatic,First,2024,82174,1200,0,19103.0
103113,Mercedes,Petrol,Automatic,Second,2014,100706,2200,1,25895.0
103114,Volkswagen,Diesel,Manual,Third,2022,57838,2000,0,26272.0
103115,Kia,Diesel,Automatic,Second,2013,65061,1000,0,9453.0
103116,Nissan,Petrol,Automatic,First,2021,72276,3500,1,24862.0
103117,Ford,Diesel,Automatic,Second,2022,103079,2200,0,22004.0
103118,Audi,Petrol,Automatic,First,2025,52890,1600,1,37941.0
103119,Hyundai,Electric,Automatic,Second,2015,100944,1000,0,14197.0
103120,Audi,Electric,Automatic,First,2012,112368,3000,0,32046.0
103121,Kia,Diesel,Manual,First,2012,74407,1400,0,9603.0
103122,Audi,Electric,Automatic,First,2016,89303,3000,0,39412.0
103123,Toyota,Hybrid,Manual,First,2021,29603,2200,0,35738.0
103124,Audi,Hybrid,Manual,Second,2020,82098,2500,0,32817.0
103125,BMW,Diesel,Manual,Second,2023,81987,2200,1,34795.0
103126,Mercedes,Petrol,Automatic,Second,2016,72742,3500,1,34827.0
103127,Ford,Petrol,Automatic,Third,2017,91176,3000,3,18651.0
103128,Audi,Petrol,Automatic,First,2021,69954,1400,0,28381.0
103129,Honda,Diesel,Automatic,First,2020,55031,2500,1,33138.0
103130,Mercedes,Petrol,Automatic,First,2014,61504,1200,0,26683.0
103131,Mercedes,Petrol,Manual,Second,2023,62425,1600,1,35720.0
103132,Audi,Diesel,Automatic,First,2015,64715,3500,0,37405.0
103133,Mercedes,Petrol,Automatic,First,2013,53983,1600,0,30917.0
103134,Hyundai,Diesel,Automatic,First,2025,52709,2000,1,26773.0
103135,Audi,Electric,Manual,Third,2015,84174,1400,1,28860.0
103136,Toyota,Diesel,Manual,Second,2019,66442,1000,0,21790.0
103137,Kia,Diesel,Automatic,First,2013,30205,3500,0,21656.0
103138,BMW,Diesel,Automatic,Second,2015,81890,2500,0,30638.0
103139,Volkswagen,Diesel,Automatic,First,2019,37856,3000,0,29339.0
103140,Nissan,Petrol,Manual,First,2018,121568,2200,0,16938.0
103141,Mercedes,Hybrid,Manual,Second,2020,34695,3000,1,43142.0
103142,Toyota,Petrol,Automatic,First,2025,122794,2000,1,32554.0
103143,Ford,Petrol,Automatic,First,2013,78692,1400,0,13447.0
103144,Ford,Hybrid,Manual,Second,2015,52318,3000,0,23743.0
103145,Nissan,Petrol,Manual,Second,2020,41501,1000,0,17838.0
103146,BMW,Petrol,Manual,Third,2017,82734,1000,0,20731.0
103147,Mercedes,Petrol,Automatic,First,2020,54052,1200,0,32658.0
103148,Hyundai,Petrol,Automatic,First,2020,43042,1600,1,19883.0
103149,Nissan,Petrol,Automatic,First,2018,46253,1400,0,18428.0
103150,BMW,Petrol,Automatic,Second,2025,64250,1000,0,32949.0
103151,Mercedes,Diesel,Manual,First,2018,67201,2200,0,34303.0
103152,Toyota,Hybrid,Manual,First,2019,101308,1600,0,29169.0
103153,Kia,Petrol,Automatic,First,2013,57869,1000,1,9009.0
103154,Hyundai,Hybrid,Automatic,Second,2021,82163,2000,1,19217.0
103155,Volkswagen,Petrol,Automatic,First,2023,52104,2000,1,31079.0
103156,Ford,Petrol,Manual,First,2025,37508,1000,0,27392.0
103157,Honda,Petrol,Automatic,First,2018,43623,2200,1,27700.0
103158,Toyota,Diesel,Automatic,First,2017,3000,2500,0,28499.0
103159,Ford,Petrol,Automatic,First,2018,65725,1800,0,22991.0
103160,Audi,Diesel,Automatic,First,2017,52078,3500,0,39949.0
103161,Honda,Hybrid,Manual,Second,2022,58187,2200,0,32268.0
103162,Ford,Diesel,Manual,First,2014,48357,2500,0,19705.0
103163,BMW,Diesel,Automatic,First,2016,66353,2200,0,32357.0
103164,Hyundai,Electric,Manual,First,2014,106036,1400,0,18598.0
103165,Ford,Petrol,Automatic,Third,2017,84574,3500,0,24193.0
103166,Volkswagen,Petrol,Manual,First,2014,38754,3500,1,26454.0
103167,Kia,Diesel,Automatic,Second,2023,109164,1200,0,19110.0
103168,BMW,Diesel,Automatic,Second,2013,138719,3000,0,29121.0
103169,Toyota,Petrol,Automatic,First,2022,63940,1800,1,31498.0
103170,Toyota,Petrol,Automatic,First,2024,62001,3000,1,37464.0
103171,Toyota,Diesel,Automatic,Second,2015,89888,1600,0,18797.0
103172,Toyota,Petrol,Manual,Second,2020,84728,1000,0,23317.0
103173,Kia,Petrol,Manual,Second,2012,52329,2500,1,11737.0
103174,Ford,Electric,Automatic,Second,2019,49787,1800,0,30060.0
103175,Mercedes,Hybrid,Manual,First,2016,51726,1600,0,36815.0
103176,Ford,Diesel,Automatic,Second,2013,102696,3000,0,18924.0
103177,Audi,Diesel,Manual,First,2025,54506,3000,0,40126.0
103178,Hyundai,Hybrid,Automatic,First,2020,64935,1200,0,18250.0
103179,Honda,Petrol,Manual,Second,2013,94737,1000,1,6753.0
103180,Mercedes,Petrol,Automatic,First,2022,102978,2500,0,38183.0
103181,Mercedes,Diesel,Automatic,First,2022,37825,3000,1,44164.0
103182,Ford,Hybrid,Automatic,First,2014,28029,1600,0,22744.0
103183,Mercedes,Petrol,Automatic,First,2012,75148,1000,0,21554.0
103184,Nissan,Electric,Manual,Second,2012,67926,2200,1,18382.0
103185,Nissan,Diesel,Automatic,First,2013,87866,1800,0,12220.0
103186,Audi,Petrol,Automatic,Second,2013,21948,1800,0,28694.0
103187,Honda,Petrol,Automatic,First,2025,55029,1800,0,35506.0
103188,Volkswagen,Petrol,Automatic,First,2024,71371,3500,1,37811.0
103189,Kia,Hybrid,Manual,First,2017,35693,3000,1,24297.0
103190,Ford,Electric,Automatic,First,2022,79786,2200,0,38844.0
103191,Kia,Petrol,Manual,First,2019,101177,1200,0,11545.0
103192,Volkswagen,Electric,Automatic,Second,2023,36226,3500,0,41825.0
103193,Ford,Hybrid,Manual,First,2015,88877,3000,0,25438.0
103194,Ford,Diesel,Manual,First,2014,61602,1600,2,12500.0
103195,Honda,Diesel,Manual,First,2024,46663,1800,0,33790.0
103196,Kia,Petrol,Manual,First,2025,51293,1200,1,18077.0
103197,Nissan,Diesel,Automatic,First,2013,92455,1400,1,10971.0
103198,Toyota,Petrol,Manual,Second,2012,52297,1800,0,13710.0
103199,Kia,Diesel,Manual,First,2019,53470,1000,0,14954.0
103200,Hyundai,Petrol,Manual,First,2024,95650,1000,0,19427.0
103201,Hyundai,Hybrid,Manual,Second,2018,88889,1000,0,14580.0
103202,Ford,Hybrid,Manual,First,2024,51217,2200,0,31349.0
103203,Toyota,Petrol,Automatic,First,2022,120669,3500,0,34394.0
103204,BMW,Petrol,Automatic,Second,2013,91434,1600,0,26111.0
103205,Volkswagen,Diesel,Automatic,Second,2023,111287,1600,0,23611.0
103206,Audi,Diesel,Manual,First,2018,118178,1400,0,28895.0
103207,Toyota,Petrol,Automatic,Second,2023,47928,1200,2,27034.0
103208,Audi,Diesel,Automatic,First,2017,44630,1600,0,30608.0
103209,Kia,Petrol,Automatic,Second,2019,10472,1200,0,18192.0
103210,Kia,Petrol,Automatic,Third,2017,109274,2200,0,15480.0
103211,Audi,Petrol,Manual,First,2015,15742,3500,0,35433.0
103212,Volkswagen,Petrol,Manual,First,2024,73246,2000,0,30383.0
103213,Toyota,Hybrid,Automatic,First,2025,30559,2000,0,38811.0
103214,BMW,Electric,Automatic,First,2019,61506,1200,0,37140.0
103215,Ford,Petrol,Automatic,First,2012,64532,1800,1,13771.0
103216,Honda,Diesel,Automatic,Second,2021,118903,3500,1,32637.0
103217,Kia,Petrol,Automatic,First,2012,84296,2500,0,11700.0
103218,Hyundai,Diesel,Automatic,First,2015,153094,1200,0,6139.0
103219,Volkswagen,Petrol,Automatic,Second,2012,71188,2500,1,15377.0
103220,Honda,Diesel,Automatic,Second,2016,74018,3000,1,21977.0
103221,BMW,Electric,Manual,First,2022,32334,1400,0,43540.0
103222,Mercedes,Petrol,Automatic,Second,2020,44732,1600,0,35274.0
103223,Ford,Hybrid,Automatic,Third,2025,21804,2500,0,37029.0
103224,Kia,Petrol,Automatic,First,2020,63557,1200,0,19351.0
103225,Ford,Petrol,Manual,First,2020,41481,1200,0,20420.0
103226,Honda,Petrol,Automatic,Second,2017,52966,1000,0,17992.0
103227,Ford,Petrol,Automatic,Second,2023,26480,1200,0,28662.0
103228,Mercedes,Petrol,Automatic,First,2012,41397,3000,0,34499.0
103229,Honda,Petrol,Manual,First,2021,65727,1800,0,23154.0
103230,Kia,Petrol,Manual,Second,2016,5405,1600,1,14400.0
103231,Toyota,Petrol,Manual,Third,2021,119530,1200,0,17321.0
103232,Hyundai,Diesel,Automatic,Second,2013,105772,1200,0,8108.0
103233,Honda,Electric,Manual,Third,2023,134680,2000,0,31680.0
103234,Nissan,Petrol,Manual,Second,2012,35488,2200,0,12810.0
103235,Mercedes,Petrol,Automatic,Third,2024,50085,1600,0,40301.0
103236,Honda,Petrol,Manual,Second,2016,127013,2200,0,19657.0
103237,Honda,Hybrid,Automatic,Third,2016,117995,1000,1,16653.0
103238,Nissan,Diesel,Automatic,First,2012,51011,2500,0,16476.0
103239,Kia,Diesel,Manual,Second,2024,30031,1400,2,23072.0
103240,Honda,Petrol,Manual,First,2024,120798,2200,0,31331.0
103241,Hyundai,Petrol,Automatic,First,2018,43620,2200,1,20992.0
103242,Ford,Petrol,Automatic,First,2014,84453,1400,0,14714.0
103243,Kia,Electric,Manual,First,2022,83082,1800,0,27686.0
103244,Hyundai,Hybrid,Automatic,First,2024,55454,1200,0,27077.0
103245,Kia,Petrol,Automatic,Third,2017,26755,3000,1,20893.0
103246,Hyundai,Diesel,Automatic,Second,2013,97502,1800,0,9179.0
103247,Mercedes,Petrol,Manual,Third,2025,24849,1600,0,41889.0
103248,Hyundai,Petrol,Manual,Third,2020,19975,3500,1,22967.0
103249,Audi,Hybrid,Automatic,First,2013,66457,1400,0,26985.0
103250,Hyundai,Diesel,Automatic,First,2013,24088,1000,0,14337.0
103251,Toyota,Petrol,Automatic,First,2012,75938,2200,1,18394.0
103252,Toyota,Petrol,Automatic,First,2012,110347,1400,1,11116.0
103253,Volkswagen,Hybrid,Manual,Second,2023,96405,3500,0,33994.0
103254,Audi,Diesel,Automatic,First,2015,116343,1000,0,24863.0
103255,Audi,Diesel,Automatic,First,2018,88858,3500,0,39864.0
103256,Ford,Petrol,Manual,First,2015,55827,3500,1,22887.0
103257,Audi,Petrol,Automatic,First,2016,25185,2500,0,32711.0
103258,Ford,Electric,Automatic,First,2017,30154,2500,0,33880.0
103259,Volkswagen,Diesel,Automatic,Second,2016,86170,1400,0,15919.0
103260,Volkswagen,Petrol,Manual,First,2016,87175,3500,0,29235.0
103261,Mercedes,Diesel,Automatic,First,2025,43841,1400,0,40673.0
103262,Toyota,Hybrid,Automatic,First,2015,59164,1200,0,24090.0
103263,Hyundai,Petrol,Automatic,Second,2025,85122,2500,2,27795.0
103264,Hyundai,Petrol,Manual,First,2020,51516,3000,0,26387.0
103265,Nissan,Diesel,Automatic,First,2016,118998,1600,0,15244.0
103266,Nissan,Diesel,Manual,First,2020,73999,1600,0,17812.0
103267,BMW,Diesel,Manual,Third,2025,87302,1800,0,36523.0
103268,Kia,Hybrid,Manual,Third,2015,62608,1400,1,12579.0
103269,Mercedes,Petrol,Automatic,First,2020,77616,1800,0,36117.0
103270,BMW,Petrol,Automatic,Second,2016,19656,1600,0,29721.0
103271,BMW,Electric,Automatic,First,2019,63953,2500,0,43548.0
103272,Honda,Petrol,Automatic,First,2012,41962,1800,0,20451.0
103273,Honda,Diesel,Manual,First,2015,140363,2200,0,16969.0
103274,BMW,Diesel,Automatic,First,2024,69952,1600,0,39973.0
103275,Audi,Diesel,Automatic,Second,2024,59458,1200,0,35573.0
103276,Kia,Petrol,Automatic,Third,2015,76810,2500,0,14505.0
103277,Mercedes,Hybrid,Manual,First,2013,74660,1600,0,29360.0
103278,BMW,Hybrid,Automatic,First,2014,65058,3000,1,34900.0
103279,Hyundai,Diesel,Automatic,First,2019,85104,2000,1,17753.0
103280,Kia,Diesel,Automatic,Second,2023,82423,2500,0,26332.0
103281,Honda,Petrol,Manual,Third,2019,67469,3000,1,26126.0
103282,Hyundai,Petrol,Automatic,Second,2025,110491,3000,1,27108.0
103283,Honda,Petrol,Automatic,Second,2012,17277,3000,0,25372.0
103284,Honda,Petrol,Automatic,First,2013,52223,2200,0,20394.0
103285,Kia,Electric,Manual,Second,2015,53127,1400,1,15176.0
103286,Honda,Hybrid,Automatic,First,2022,64157,2500,2,30980.0
103287,Volkswagen,Diesel,Manual,Third,2024,56457,2200,0,26530.0
103288,Toyota,Diesel,Manual,First,2017,48822,3000,0,28061.0
103289,Volkswagen,Petrol,Automatic,Second,2014,102192,1800,0,18908.0
103290,Toyota,Electric,Automatic,First,2018,35182,1600,0,30471.0
103291,Nissan,Petrol,Automatic,First,2014,79105,1200,0,9503.0
103292,Nissan,Petrol,Automatic,Second,2019,49339,2200,0,22660.0
103293,Honda,Diesel,Automatic,Second,2017,76408,2000,2,20224.0
103294,Mercedes,Hybrid,Automatic,Second,2019,104427,2000,1,33493.0
103295,Mercedes,Hybrid,Automatic,Second,2018,3000,3500,0,49064.0
103296,Toyota,Petrol,Automatic,First,2023,40129,2500,0,33950.0
103297,Hyundai,Hybrid,Manual,Second,2016,40238,1000,0,14845.0
103298,Kia,Petrol,Manual,Second,2016,60218,1000,0,10320.0
103299,Honda,Petrol,Automatic,First,2014,92477,1600,0,20394.0
103300,Kia,Hybrid,Automatic,Second,2015,120256,2500,1,17630.0
103301,Volkswagen,Hybrid,Manual,Third,2019,91990,1800,0,23194.0
103302,Mercedes,Diesel,Manual,Second,2016,60717,3000,0,34620.0
103303,Audi,Diesel,Manual,First,2024,49543,1400,2,34994.0
103304,Volkswagen,Hybrid,Automatic,Second,2020,110489,2000,0,29718.0
103305,Volkswagen,Hybrid,Automatic,First,2014,20359,2000,0,22617.0
103306,Toyota,Hybrid,Automatic,Second,2021,76854,1600,1,26339.0
103307,Ford,Diesel,Manual,First,2014,100938,1200,0,9357.0
103308,Volkswagen,Electric,Automatic,Third,2019,56025,2000,0,33413.0
103309,Honda,Electric,Automatic,Second,2019,74451,3500,1,33543.0
103310,BMW,Petrol,Automatic,First,2023,24746,1400,0,36999.0
103311,BMW,Hybrid,Manual,Second,2018,79882,2500,0,35387.0
103312,Honda,Diesel,Automatic,First,2017,66933,1200,0,23438.0
103313,Ford,Petrol,Automatic,First,2018,81320,1400,0,21252.0
103314,Ford,Diesel,Manual,First,2018,51640,3000,0,25479.0
103315,Toyota,Petrol,Manual,First,2017,31646,1200,1,19289.0
103316,Mercedes,Diesel,Automatic,Third,2024,98099,3500,0,44859.0
103317,Kia,Hybrid,Manual,First,2024,98793,1000,0,19764.0
103318,Ford,Petrol,Automatic,Second,2020,81958,1400,1,22910.0
103319,Audi,Petrol,Automatic,First,2016,76835,3500,0,36741.0
103320,Toyota,Electric,Manual,Second,2016,3000,2000,0,34195.0
103321,Nissan,Petrol,Automatic,Second,2017,101187,2500,1,17472.0
103322,Hyundai,Petrol,Automatic,First,2021,79176,3500,0,28722.0
103323,Nissan,Petrol,Automatic,Third,2022,102988,1800,0,21687.0
103324,Toyota,Diesel,Automatic,First,2024,29475,1200,0,31451.0
103325,Volkswagen,Diesel,Automatic,Second,2015,84686,2500,0,20123.0
103326,Kia,Hybrid,Automatic,First,2021,82784,1200,0,19724.0
103327,Hyundai,Diesel,Automatic,First,2021,3000,1600,0,25175.0
103328,Nissan,Hybrid,Manual,Second,2020,62074,3000,0,25734.0
103329,Hyundai,Diesel,Automatic,Second,2023,64833,2200,0,23924.0
103330,Audi,Petrol,Automatic,First,2013,35944,1400,0,25267.0
103331,Audi,Diesel,Automatic,Third,2022,79232,1000,2,25856.0
103332,Audi,Diesel,Manual,First,2023,71833,2000,0,35983.0
103333,Toyota,Diesel,Manual,Second,2014,45534,3000,0,23197.0
103334,Kia,Petrol,Manual,First,2020,49029,1600,1,22956.0
103335,Toyota,Petrol,Automatic,Second,2012,14954,2200,0,22967.0
103336,BMW,Petrol,Automatic,First,2016,78312,1400,0,28830.0
103337,Volkswagen,Petrol,Automatic,First,2014,74426,1000,2,10397.0
103338,Volkswagen,Diesel,Automatic,Third,2025,61180,1800,1,26695.0
103339,Audi,Petrol,Automatic,First,2014,56640,1000,0,21621.0
103340,BMW,Hybrid,Manual,First,2012,87289,1200,0,25050.0
103341,Ford,Petrol,Automatic,First,2019,69532,2200,1,22094.0
103342,Ford,Petrol,Manual,First,2025,89658,1000,0,24396.0
103343,Audi,Diesel,Automatic,First,2014,71201,2000,0,28910.0
103344,Nissan,Petrol,Manual,First,2015,92733,2200,0,15112.0
103345,Toyota,Hybrid,Automatic,First,2016,90714,1600,1,22142.0
103346,Audi,Petrol,Manual,Second,2016,93646,1600,0,23733.0
103347,Mercedes,Petrol,Automatic,Second,2023,46803,1200,0,35736.0
103348,Hyundai,Hybrid,Manual,Third,2013,85332,1800,0,9958.0
103349,Volkswagen,Diesel,Automatic,Second,2018,65077,2200,1,19516.0
103350,Ford,Petrol,Automatic,First,2017,61127,1600,0,17519.0
103351,Honda,Petrol,Automatic,First,2025,50752,2500,0,36712.0
103352,Ford,Diesel,Automatic,Second,2022,75093,2500,0,28211.0
103353,Volkswagen,Electric,Manual,Second,2018,6637,2200,0,31455.0
103354,Hyundai,Hybrid,Manual,First,2021,75311,1400,0,20831.0
103355,Volkswagen,Petrol,Automatic,First,2021,75207,3500,0,35144.0
103356,Honda,Electric,Manual,Second,2014,97059,3000,0,30149.0
103357,Audi,Petrol,Automatic,Second,2019,69020,2500,1,33135.0
103358,BMW,Petrol,Manual,Second,2017,106241,3500,0,33103.0
103359,Honda,Hybrid,Automatic,First,2018,53227,1000,1,25055.0
103360,Volkswagen,Petrol,Manual,Second,2020,49674,3000,0,24890.0
103361,Volkswagen,Petrol,Automatic,Second,2019,112920,2200,1,22345.0
103362,Mercedes,Petrol,Manual,Second,2019,47791,3500,1,37471.0
103363,Mercedes,Petrol,Automatic,Second,2014,3000,3500,2,38634.0
103364,Kia,Diesel,Automatic,Second,2012,113378,1600,0,4493.0
103365,Mercedes,Diesel,Automatic,Second,2023,115815,1800,0,34930.0
103366,Toyota,Petrol,Automatic,First,2012,60273,2200,0,17725.0
103367,BMW,Diesel,Automatic,First,2021,63149,2500,0,42136.0
103368,Hyundai,Electric,Automatic,Second,2013,49976,1600,0,15591.0
103369,Honda,Hybrid,Manual,First,2019,121309,2200,0,25744.0
103370,Volkswagen,Petrol,Automatic,Second,2021,111147,2000,0,22504.0
103371,Kia,Electric,Manual,Third,2017,48709,3000,1,24316.0
103372,Kia,Diesel,Automatic,Third,2017,69330,1600,1,14752.0
103373,Hyundai,Petrol,Automatic,Second,2012,118967,1600,1,6591.0
103374,BMW,Petrol,Automatic,First,2013,126865,1400,0,21966.0
103375,Honda,Petrol,Automatic,First,2016,77686,2500,0,21761.0
103376,Ford,Diesel,Automatic,Third,2014,82309,2500,0,20054.0
103377,Mercedes,Petrol,Automatic,First,2013,66703,1600,1,26895.0
103378,Audi,Diesel,Automatic,Third,2025,50723,1400,0,37288.0
103379,Kia,Petrol,Manual,First,2020,86802,2000,1,15638.0
103380,Mercedes,Electric,Automatic,Second,2021,116943,3000,1,46069.0
103381,Mercedes,Petrol,Automatic,First,2018,42547,2500,0,36345.0
103382,Toyota,Electric,Manual,First,2012,75330,2200,0,28845.0
103383,BMW,Electric,Manual,Third,2022,74009,2200,0,42236.0
103384,Audi,Petrol,Automatic,Second,2012,28984,1800,0,27824.0
103385,Ford,Diesel,Manual,First,2014,70219,1200,0,11439.0
103386,Volkswagen,Petrol,Manual,First,2021,64324,3000,1,28825.0
103387,Toyota,Electric,Automatic,Second,2017,56332,1400,0,25351.0
103388,Mercedes,Diesel,Automatic,First,2024,111240,3000,0,45171.0
103389,Mercedes,Petrol,Manual,Second,2013,57056,3500,1,32922.0
103390,Nissan,Petrol,Automatic,First,2022,42323,1200,0,24481.0
103391,Audi,Petrol,Automatic,First,2019,89953,1000,0,28819.0
103392,Audi,Electric,Automatic,First,2025,78023,3500,0,51684.0
103393,Nissan,Diesel,Manual,First,2023,71874,2200,0,24102.0
103394,Audi,Hybrid,Manual,First,2015,90559,1000,0,28123.0
103395,Mercedes,Petrol,Manual,Third,2019,65561,2500,0,34501.0
103396,Kia,Petrol,Manual,First,2023,60059,1400,0,21099.0
103397,Honda,Electric,Automatic,First,2018,46632,1400,1,29990.0
103398,Mercedes,Petrol,Automatic,First,2013,94952,3000,0,30683.0
103399,Toyota,Electric,Automatic,Second,2020,112100,1000,1,29336.0
103400,BMW,Petrol,Manual,Second,2016,139270,2200,0,27389.0
103401,Nissan,Petrol,Automatic,Second,2017,89578,1200,2,10721.0
103402,Ford,Diesel,Automatic,First,2024,122495,1400,0,24647.0
103403,Volkswagen,Electric,Automatic,Second,2025,50013,3500,0,42629.0
103404,Ford,Electric,Automatic,Second,2013,42767,2500,1,23923.0
103405,Mercedes,Petrol,Automatic,First,2014,33622,1400,0,26540.0
103406,Toyota,Petrol,Automatic,First,2021,69612,1200,0,29232.0
103407,Mercedes,Diesel,Manual,Second,2023,59021,2200,1,39685.0
103408,BMW,Diesel,Automatic,First,2019,119894,1400,0,28446.0
103409,Kia,Diesel,Manual,First,2022,57173,2500,0,24494.0
103410,Volkswagen,Petrol,Automatic,First,2016,59642,1600,0,20731.0
103411,BMW,Electric,Automatic,First,2021,94122,2000,1,43164.0
103412,Nissan,Diesel,Automatic,First,2012,102408,2500,1,14140.0
103413,Nissan,Hybrid,Manual,Second,2020,85160,1600,0,20295.0
103414,Mercedes,Diesel,Automatic,Second,2024,92385,1800,1,37482.0
103415,Toyota,Petrol,Manual,Second,2022,92894,1400,0,26162.0
103416,BMW,Electric,Manual,First,2023,128434,1600,1,39080.0
103417,Hyundai,Diesel,Automatic,Second,2012,13423,3500,0,21508.0
103418,Toyota,Hybrid,Automatic,Second,2020,50149,2500,0,36462.0
103419,Kia,Electric,Manual,First,2021,115456,2200,0,25054.0
103420,Nissan,Diesel,Automatic,Second,2017,66859,2000,1,18439.0
103421,Mercedes,Diesel,Automatic,Second,2018,91307,1800,0,30000.0
103422,Audi,Petrol,Automatic,First,2024,3000,3000,0,45892.0
103423,Nissan,Petrol,Automatic,First,2012,46311,1600,1,15338.0
103424,Volkswagen,Petrol,Manual,First,2021,12964,1400,0,23867.0
103425,Honda,Petrol,Automatic,Third,2022,47287,2000,1,22298.0
103426,Audi,Petrol,Automatic,First,2025,57244,1200,1,38925.0
103427,Mercedes,Petrol,Automatic,First,2012,76172,3000,1,27172.0
103428,Hyundai,Petrol,Manual,First,2016,106693,2000,0,16193.0
103429,Audi,Petrol,Manual,Second,2013,88964,1400,1,19313.0
103430,Volkswagen,Petrol,Manual,First,2022,86056,1200,1,20727.0
103431,Toyota,Petrol,Manual,Second,2021,53207,3000,0,31500.0
103432,Hyundai,Diesel,Automatic,Second,2023,31305,3500,0,31246.0
103433,Nissan,Diesel,Automatic,Second,2016,62629,1400,0,13646.0
103434,Hyundai,Petrol,Automatic,Second,2016,41616,2000,0,19265.0
103435,BMW,Diesel,Manual,First,2017,38605,3000,1,34509.0
103436,Volkswagen,Hybrid,Manual,Third,2020,23340,1400,0,29497.0
103437,Audi,Petrol,Manual,Second,2017,67945,3000,0,32252.0
103438,BMW,Diesel,Automatic,Third,2021,70782,1200,1,30382.0
103439,Hyundai,Electric,Automatic,Second,2022,102824,1600,1,23488.0
103440,BMW,Hybrid,Automatic,Second,2012,103956,3500,0,33970.0
103441,Ford,Petrol,Automatic,First,2016,85186,1400,0,17204.0
103442,Volkswagen,Diesel,Automatic,First,2013,151125,2200,0,13744.0
103443,Kia,Petrol,Automatic,First,2022,47609,1600,0,24184.0
103444,Toyota,Diesel,Automatic,First,2025,55710,1600,0,32760.0
103445,Hyundai,Electric,Automatic,Second,2019,59674,1000,0,22061.0
103446,Volkswagen,Diesel,Manual,First,2024,58045,3500,0,38285.0
103447,Kia,Electric,Automatic,First,2018,17125,1400,1,22846.0
103448,Kia,Petrol,Automatic,Second,2022,48191,1800,0,24689.0
103449,Mercedes,Electric,Automatic,Third,2017,78538,1800,1,33173.0
103450,BMW,Diesel,Automatic,Second,2013,99729,1600,0,22935.0
103451,Kia,Petrol,Manual,Second,2014,27819,2200,1,14132.0
103452,Ford,Diesel,Automatic,Second,2020,30987,3500,1,30188.0
103453,Volkswagen,Petrol,Manual,Second,2020,37168,3500,1,31472.0
103454,Honda,Petrol,Automatic,First,2018,80524,1600,0,24054.0
103455,Honda,Hybrid,Automatic,Third,2013,38361,2200,1,20362.0
103456,Hyundai,Petrol,Automatic,First,2025,25113,2000,0,30043.0
103457,Nissan,Hybrid,Automatic,Second,2024,24339,2000,0,33309.0
103458,BMW,Petrol,Automatic,Second,2023,59041,1800,0,39815.0
103459,Nissan,Petrol,Manual,Second,2023,66489,2500,0,28022.0
103460,Kia,Electric,Automatic,Second,2023,91045,3000,0,33247.0
103461,Volkswagen,Petrol,Automatic,Second,2024,87162,3000,0,35772.0
103462,Hyundai,Diesel,Automatic,Second,2018,98822,2000,0,13857.0
103463,Audi,Diesel,Automatic,First,2012,66016,1800,1,22360.0
103464,Kia,Diesel,Manual,First,2020,40879,1000,2,14673.0
103465,BMW,Electric,Manual,First,2025,75046,1400,0,44313.0
103466,Honda,Diesel,Automatic,First,2025,27223,2500,0,38993.0
103467,Mercedes,Petrol,Automatic,First,2020,80976,1000,0,30319.0
103468,Volkswagen,Hybrid,Automatic,Second,2017,78113,1000,0,20098.0
103469,Toyota,Petrol,Manual,First,2021,103389,2500,1,27589.0
103470,Nissan,Diesel,Automatic,Second,2025,95453,2200,0,25698.0
103471,Hyundai,Electric,Manual,First,2012,82604,1200,0,13515.0
103472,Nissan,Diesel,Automatic,Second,2019,14655,2000,0,25460.0
103473,Volkswagen,Hybrid,Manual,First,2017,53334,3000,0,33157.0
103474,Nissan,Diesel,Automatic,Second,2020,85605,2500,1,21372.0
103475,Volkswagen,Hybrid,Automatic,Second,2020,110686,2000,1,25601.0
103476,Nissan,Electric,Manual,First,2018,87116,1200,0,22641.0
103477,Ford,Petrol,Manual,First,2015,26600,1400,0,15408.0
103478,Audi,Petrol,Manual,First,2022,116744,1400,0,31744.0
103479,Kia,Diesel,Manual,Second,2012,69312,3000,0,13372.0
103480,Kia,Diesel,Manual,Second,2014,82077,3000,0,15906.0
103481,BMW,Petrol,Automatic,Second,2017,84626,1800,1,27731.0
103482,Toyota,Petrol,Manual,First,2012,47329,1800,1,16039.0
103483,Toyota,Petrol,Manual,First,2015,41803,2500,0,23576.0
103484,BMW,Electric,Automatic,First,2019,74260,1400,0,36999.0
103485,Mercedes,Diesel,Automatic,First,2023,42242,3000,0,42907.0
103486,Kia,Petrol,Automatic,First,2019,50231,1800,0,20990.0
103487,Mercedes,Petrol,Automatic,First,2017,56987,3000,0,37822.0
103488,Volkswagen,Petrol,Manual,Second,2025,11892,3500,0,36859.0
103489,Volkswagen,Petrol,Automatic,First,2017,86940,3000,0,27241.0
103490,Honda,Petrol,Automatic,First,2014,102989,1600,1,16401.0
103491,Nissan,Electric,Automatic,Second,2018,83291,1200,0,20379.0
103492,Toyota,Electric,Automatic,Second,2023,6805,2200,1,39765.0
103493,Honda,Petrol,Automatic,Second,2019,78800,1000,0,19623.0
103494,Audi,Petrol,Manual,First,2013,99999,2200,0,24663.0
103495,BMW,Petrol,Automatic,Second,2024,52838,1000,1,36771.0
103496,BMW,Diesel,Manual,Third,2016,75828,1800,0,24677.0
103497,Volkswagen,Petrol,Automatic,First,2017,83414,1000,0,17394.0
103498,Kia,Petrol,Manual,First,2012,41480,2500,0,15289.0
103499,Mercedes,Petrol,Automatic,Second,2023,40445,1000,1,34487.0
103500,Toyota,Hybrid,Automatic,Third,2016,6716,2000,2,26115.0
103501,Honda,Diesel,Manual,First,2014,49315,1000,0,15251.0
103502,Mercedes,Diesel,Manual,First,2014,39496,1200,1,27441.0
103503,Honda,Petrol,Automatic,Second,2017,57991,1600,0,22593.0
103504,Nissan,Electric,Automatic,First,2022,93257,2500,0,32703.0
103505,Audi,Electric,Manual,Third,2012,89608,1400,1,22778.0
103506,Audi,Petrol,Automatic,First,2016,30812,2500,2,29716.0
103507,Mercedes,Petrol,Manual,Second,2016,56082,2200,0,30837.0
103508,Mercedes,Diesel,Automatic,First,2016,68967,2000,0,31200.0
103509,Mercedes,Petrol,Automatic,First,2014,3000,3500,1,39630.0
103510,Honda,Petrol,Manual,Third,2017,63415,1000,2,14708.0
103511,Nissan,Diesel,Automatic,First,2022,57904,2000,1,25533.0
103512,Ford,Diesel,Manual,First,2012,57988,2000,0,15108.0
103513,Mercedes,Petrol,Automatic,Second,2025,74918,3500,0,48115.0
103514,Kia,Diesel,Automatic,First,2021,31183,2500,1,27442.0
103515,Toyota,Electric,Automatic,First,2024,79945,2000,0,34709.0
103516,Toyota,Petrol,Automatic,First,2012,70618,1200,0,16955.0
103517,Honda,Diesel,Automatic,Second,2022,109970,3500,0,35432.0
103518,Mercedes,Petrol,Manual,Second,2013,65369,1400,1,23556.0
103519,Volkswagen,Petrol,Manual,Second,2015,107396,1200,0,10119.0
103520,BMW,Diesel,Manual,First,2021,110398,1400,0,32585.0
103521,Ford,Petrol,Automatic,First,2020,76280,1000,0,19794.0
103522,Kia,Petrol,Manual,First,2021,62415,2200,0,21854.0
103523,Nissan,Petrol,Manual,Second,2019,44445,1800,0,20782.0
103524,Volkswagen,Diesel,Automatic,Second,2022,73854,3000,1,30526.0
103525,Audi,Diesel,Automatic,Third,2021,119100,2200,1,32144.0
103526,Volkswagen,Petrol,Automatic,Third,2022,74299,1000,0,19207.0
103527,Honda,Diesel,Automatic,First,2013,76069,1000,2,12148.0
103528,Ford,Petrol,Manual,First,2012,111568,1200,2,3757.0
103529,Hyundai,Diesel,Automatic,Second,2015,120289,2200,0,9108.0
103530,Hyundai,Petrol,Manual,First,2016,65163,2200,0,15767.0
103531,Mercedes,Diesel,Automatic,First,2013,77977,3000,0,33638.0
103532,Mercedes,Electric,Automatic,Second,2023,39484,1400,1,45982.0
103533,Honda,Electric,Automatic,First,2021,72159,1400,0,35449.0
103534,Nissan,Petrol,Manual,Second,2017,81424,2500,0,18515.0
103535,Mercedes,Hybrid,Automatic,Second,2019,65247,2000,0,37398.0
103536,BMW,Petrol,Manual,Second,2023,46263,1400,0,35549.0
103537,Ford,Electric,Automatic,First,2022,41265,2500,1,38732.0
103538,Honda,Petrol,Automatic,Second,2023,93495,1400,0,26022.0
103539,Toyota,Petrol,Automatic,First,2016,78426,2000,0,25675.0
103540,Audi,Petrol,Manual,Second,2015,67556,1000,0,23248.0
103541,Honda,Petrol,Automatic,First,2018,25271,1600,0,27542.0
103542,Honda,Diesel,Automatic,Third,2024,63950,2000,0,30491.0
103543,Hyundai,Electric,Automatic,First,2016,54889,1800,1,27969.0
103544,Kia,Diesel,Manual,Third,2023,23346,1600,0,23023.0
103545,Nissan,Diesel,Automatic,Second,2019,95154,3500,1,25400.0
103546,Kia,Hybrid,Automatic,Second,2018,87650,1000,2,15542.0
103547,BMW,Petrol,Automatic,First,2016,70766,1600,0,26858.0
103548,Toyota,Petrol,Automatic,First,2024,19726,1000,0,30688.0
103549,Hyundai,Petrol,Manual,Second,2025,92042,3500,0,28644.0
103550,Toyota,Petrol,Manual,Second,2022,71302,1600,0,24194.0
103551,BMW,Petrol,Automatic,First,2019,69797,1400,0,33270.0
103552,Kia,Petrol,Manual,Second,2012,70689,2200,0,13917.0
103553,Honda,Petrol,Manual,Second,2019,42669,2000,1,22545.0
103554,Mercedes,Petrol,Automatic,First,2014,65855,2000,0,29895.0
103555,Mercedes,Electric,Manual,First,2012,98521,3500,0,37040.0
103556,Volkswagen,Petrol,Manual,First,2020,19415,1400,0,25124.0
103557,Audi,Diesel,Automatic,First,2022,94909,2000,0,34401.0
103558,Nissan,Diesel,Manual,First,2024,76790,1400,0,21979.0
103559,BMW,Diesel,Automatic,Second,2017,83176,2200,0,31746.0
103560,Audi,Petrol,Automatic,First,2022,59979,1200,0,31958.0
103561,Nissan,Petrol,Manual,First,2024,60450,3000,1,28931.0
103562,Audi,Petrol,Manual,First,2022,25954,3500,0,46841.0
103563,Kia,Petrol,Manual,Third,2019,54740,1200,2,10864.0
103564,Nissan,Petrol,Automatic,First,2022,74571,1000,2,17198.0
103565,Kia,Diesel,Manual,Third,2025,109905,1600,0,21292.0
103566,Honda,Diesel,Automatic,First,2021,72823,2500,0,30657.0
103567,Hyundai,Diesel,Automatic,First,2023,24583,2200,0,27819.0
103568,Kia,Petrol,Automatic,Second,2022,63802,2000,1,21779.0
103569,Mercedes,Petrol,Automatic,First,2015,47493,3500,0,35367.0
103570,Audi,Hybrid,Automatic,Second,2024,63103,2200,0,43244.0
103571,Volkswagen,Petrol,Manual,Second,2013,68097,1600,0,11821.0
103572,Ford,Diesel,Manual,First,2017,124430,2500,0,19806.0
103573,Nissan,Hybrid,Manual,Second,2013,76483,1600,0,18845.0
103574,BMW,Petrol,Manual,Second,2012,76190,3500,1,32603.0
103575,Volkswagen,Petrol,Automatic,Second,2018,78978,2500,3,22412.0
103576,Mercedes,Diesel,Manual,First,2025,47246,1800,0,44980.0
103577,Kia,Petrol,Manual,First,2018,110548,3000,0,20306.0
103578,Hyundai,Petrol,Automatic,Second,2017,76574,2200,2,14078.0
103579,Honda,Petrol,Manual,Third,2023,57863,3500,0,31515.0
103580,Ford,Petrol,Automatic,First,2013,83120,3500,0,22111.0
103581,Toyota,Diesel,Automatic,First,2016,107165,2000,0,18590.0
103582,Volkswagen,Hybrid,Automatic,First,2012,75401,1200,0,14767.0
103583,Hyundai,Petrol,Manual,Second,2013,65374,2000,1,11670.0
103584,Toyota,Electric,Manual,First,2024,66618,1000,0,33293.0
103585,Ford,Electric,Automatic,First,2023,87391,1200,0,29072.0
103586,BMW,Electric,Automatic,Second,2016,79302,1800,0,35142.0
103587,BMW,Hybrid,Manual,First,2016,72377,2200,1,30865.0
103588,Audi,Petrol,Manual,First,2018,60110,1000,0,28993.0
103589,Ford,Petrol,Automatic,First,2016,74307,1200,0,15684.0
103590,Ford,Diesel,Automatic,First,2022,23146,1600,0,27198.0
103591,Toyota,Diesel,Manual,First,2017,103286,3000,0,25285.0
103592,Hyundai,Hybrid,Automatic,First,2013,67646,2500,0,19271.0
103593,Nissan,Electric,Automatic,First,2016,33468,3500,1,35519.0
103594,Toyota,Diesel,Automatic,Second,2019,56035,3000,0,33589.0
103595,Honda,Petrol,Manual,First,2012,89051,1600,0,14183.0
103596,BMW,Petrol,Manual,Second,2022,111643,2200,1,35824.0
103597,BMW,Petrol,Automatic,First,2024,80859,1400,1,37361.0
103598,Audi,Diesel,Automatic,First,2024,85056,2500,0,40697.0
103599,Honda,Diesel,Automatic,Second,2025,54277,2200,1,34349.0
103600,BMW,Hybrid,Automatic,First,2021,123173,2500,0,40197.0
103601,Toyota,Diesel,Automatic,First,2018,60096,3000,0,30863.0
103602,Honda,Electric,Automatic,Second,2019,67533,2000,0,31522.0
103603,Toyota,Diesel,Automatic,Second,2022,68118,1600,1,25122.0
103604,Nissan,Hybrid,Automatic,Second,2024,113832,1400,1,23128.0
103605,Nissan,Petrol,Manual,Second,2016,76232,1400,0,10194.0
103606,BMW,Hybrid,Manual,First,2015,90848,2000,2,25731.0
103607,BMW,Diesel,Automatic,Third,2012,49668,2500,0,26156.0
103608,Hyundai,Petrol,Automatic,Third,2020,78929,2500,1,16796.0
103609,Nissan,Petrol,Automatic,First,2013,50350,2500,0,18190.0
103610,Volkswagen,Electric,Manual,Second,2022,48414,3000,1,34197.0
103611,Volkswagen,Petrol,Automatic,First,2025,85283,1000,0,27857.0
103612,Audi,Diesel,Automatic,Second,2025,56640,2200,1,40466.0
103613,Nissan,Petrol,Manual,First,2016,46388,3500,1,22501.0
103614,Toyota,Diesel,Manual,First,2018,102718,3000,0,29369.0
103615,Toyota,Hybrid,Automatic,First,2019,41434,1200,0,27850.0
103616,Mercedes,Petrol,Automatic,First,2025,122976,1600,0,40044.0
103617,Honda,Petrol,Manual,First,2022,96931,2000,2,23251.0
103618,Kia,Electric,Manual,First,2021,116943,1600,0,24234.0
103619,Volkswagen,Hybrid,Automatic,Second,2015,44504,3000,0,28537.0
103620,BMW,Hybrid,Manual,Second,2021,86053,3500,0,42051.0
103621,Audi,Petrol,Automatic,First,2012,71702,1000,1,22168.0
103622,Kia,Petrol,Manual,Second,2018,93128,3000,2,16338.0
103623,Ford,Petrol,Automatic,First,2023,48564,3500,1,34274.0
103624,Audi,Diesel,Manual,Second,2024,98018,1000,0,31740.0
103625,Ford,Petrol,Manual,First,2021,83817,1000,1,15407.0
103626,Nissan,Petrol,Automatic,Second,2022,60349,1800,0,25726.0
103627,Ford,Petrol,Manual,Second,2022,19729,1000,0,23575.0
103628,Ford,Petrol,Automatic,First,2020,95291,3500,0,29014.0
103629,Hyundai,Hybrid,Automatic,First,2012,61191,3000,0,20937.0
103630,Hyundai,Petrol,Automatic,Third,2025,40755,2000,0,25179.0
103631,Hyundai,Diesel,Manual,Second,2012,51332,3000,0,19057.0
103632,Nissan,Electric,Automatic,First,2018,84194,1800,0,24200.0
103633,Kia,Petrol,Manual,First,2020,60585,2000,1,17449.0
103634,Audi,Diesel,Manual,Second,2016,69701,1200,2,24644.0
103635,Audi,Electric,Automatic,Third,2015,73429,3000,0,40828.0
103636,BMW,Electric,Automatic,First,2017,35485,1400,1,35497.0
103637,Hyundai,Petrol,Manual,Third,2020,82663,1800,0,18258.0
103638,Nissan,Petrol,Manual,First,2013,84214,2500,0,16487.0
103639,BMW,Petrol,Automatic,Third,2016,128614,1800,0,24079.0
103640,Honda,Diesel,Automatic,Second,2015,85002,3500,0,25287.0
103641,BMW,Diesel,Automatic,First,2024,75437,1600,0,38520.0
103642,Kia,Diesel,Automatic,First,2014,15731,1600,0,18620.0
103643,Volkswagen,Petrol,Automatic,Second,2016,85172,1800,1,19972.0
103644,Ford,Petrol,Automatic,Second,2025,120563,1400,0,22645.0
103645,Hyundai,Diesel,Automatic,Third,2018,48988,3500,0,25414.0
103646,Volkswagen,Diesel,Automatic,Second,2024,20518,1600,0,29764.0
103647,BMW,Diesel,Manual,First,2022,43869,1800,0,32474.0
103648,Nissan,Petrol,Manual,Third,2014,87723,1600,0,11429.0
103649,Ford,Petrol,Automatic,Second,2014,53314,1400,1,13269.0
103650,Audi,Petrol,Manual,Second,2025,42486,1000,0,32963.0
103651,Toyota,Petrol,Automatic,Second,2017,73792,1200,0,19663.0
103652,Ford,Petrol,Manual,Third,2016,71758,3000,0,18544.0
103653,Kia,Petrol,Manual,First,2014,106826,3500,0,20421.0
103654,Kia,Petrol,Manual,Second,2012,52265,1200,0,8905.0
103655,BMW,Petrol,Automatic,First,2021,68279,1200,0,35315.0
103656,Honda,Petrol,Automatic,First,2013,3000,1800,0,21149.0
103657,Kia,Diesel,Automatic,First,2014,48969,3500,0,21954.0
103658,Kia,Petrol,Automatic,Second,2015,73770,3000,0,16545.0
103659,Nissan,Diesel,Automatic,First,2016,57212,1400,0,17378.0
103660,BMW,Diesel,Automatic,First,2021,3000,3000,0,44070.0
103661,Ford,Diesel,Manual,First,2025,83578,1600,0,26410.0
103662,Honda,Electric,Automatic,First,2025,80736,1400,1,37309.0
103663,Volkswagen,Petrol,Automatic,Second,2020,37637,1800,0,26315.0
103664,Toyota,Diesel,Automatic,First,2015,86104,2200,0,21812.0
103665,Hyundai,Electric,Automatic,First,2023,26585,2200,0,33852.0
103666,Audi,Hybrid,Manual,First,2020,43161,1200,1,28500.0
103667,Kia,Petrol,Automatic,First,2016,106884,2200,0,18008.0
103668,BMW,Petrol,Automatic,First,2024,103995,2200,1,39122.0
103669,Hyundai,Petrol,Automatic,Second,2014,85502,1200,0,12338.0
103670,Audi,Diesel,Manual,Second,2018,46599,3500,0,35779.0
103671,Audi,Diesel,Automatic,First,2019,78498,3000,1,31860.0
103672,Volkswagen,Petrol,Manual,First,2020,80127,2500,0,27193.0
103673,Volkswagen,Diesel,Automatic,Third,2020,12754,1200,3,18248.0
103674,Volkswagen,Diesel,Manual,First,2017,33353,2000,0,25879.0
103675,Mercedes,Petrol,Automatic,Second,2020,97523,2500,1,33234.0
103676,Mercedes,Hybrid,Automatic,Second,2014,3000,3000,0,40174.0
103677,Audi,Hybrid,Automatic,Second,2013,67493,1000,1,24329.0
103678,Volkswagen,Petrol,Automatic,Third,2016,63556,2200,0,21265.0
103679,Nissan,Diesel,Automatic,First,2018,41133,3500,0,29268.0
103680,Kia,Petrol,Automatic,First,2022,65227,1800,1,21844.0
103681,Hyundai,Diesel,Automatic,Second,2018,64863,3000,0,24910.0
103682,Hyundai,Electric,Automatic,Third,2022,69283,3000,1,31248.0
103683,Mercedes,Hybrid,Manual,Second,2017,60884,1400,2,30101.0
103684,Audi,Petrol,Manual,Second,2014,81770,3500,0,32748.0
103685,BMW,Petrol,Automatic,Second,2025,87134,2200,0,40592.0
103686,Ford,Petrol,Automatic,First,2017,39281,1400,0,18255.0
103687,Ford,Diesel,Automatic,First,2012,94846,1600,0,14235.0
103688,Mercedes,Petrol,Automatic,First,2014,59718,2500,0,32879.0
103689,BMW,Diesel,Manual,First,2013,3382,1000,1,25977.0
103690,Mercedes,Petrol,Automatic,Second,2015,51465,1600,1,27050.0
103691,Ford,Petrol,Automatic,Second,2019,63349,1600,0,20038.0
103692,BMW,Petrol,Automatic,Second,2014,21394,1400,1,26725.0
103693,Volkswagen,Electric,Manual,Second,2017,61353,1200,0,22287.0
103694,Audi,Diesel,Automatic,First,2021,55159,2500,0,38134.0
103695,Hyundai,Petrol,Automatic,Second,2025,75045,2000,0,28851.0
103696,Nissan,Petrol,Manual,First,2012,51897,1200,1,8983.0
103697,Honda,Diesel,Automatic,Second,2015,61069,2500,1,18739.0
103698,Audi,Petrol,Automatic,First,2016,94025,2500,0,32500.0
103699,Volkswagen,Diesel,Manual,Second,2016,74075,2200,0,20522.0
103700,Ford,Hybrid,Automatic,First,2012,73595,2500,0,23671.0
103701,Volkswagen,Diesel,Manual,Second,2020,54880,3000,0,27620.0
103702,Mercedes,Diesel,Automatic,First,2016,35358,1400,0,30942.0
103703,BMW,Diesel,Automatic,First,2020,81784,1200,1,32126.0
103704,Hyundai,Electric,Manual,First,2018,34208,2200,0,27714.0
103705,Kia,Electric,Automatic,Second,2016,112408,1200,0,18669.0
103706,Mercedes,Diesel,Manual,Second,2020,33163,1400,0,35341.0
103707,Audi,Petrol,Manual,Third,2016,58094,2000,0,27043.0
103708,Mercedes,Diesel,Automatic,Second,2021,94751,3000,0,37922.0
103709,Audi,Petrol,Manual,First,2020,62736,3000,1,37800.0
103710,Kia,Diesel,Manual,Second,2016,76690,3500,0,20993.0
103711,Toyota,Diesel,Automatic,First,2012,69537,1200,0,16946.0
103712,Hyundai,Petrol,Automatic,First,2018,20634,1000,0,16885.0
103713,Nissan,Petrol,Automatic,Second,2016,35876,2000,0,20716.0
103714,Nissan,Diesel,Automatic,First,2016,57159,2200,1,16175.0
103715,Honda,Hybrid,Automatic,First,2017,61999,2500,0,28891.0
103716,Volkswagen,Diesel,Automatic,Second,2017,86826,1600,0,18909.0
103717,Toyota,Diesel,Automatic,Second,2018,67340,2200,0,26324.0
103718,Nissan,Petrol,Automatic,Second,2023,60774,3000,0,31778.0
103719,Mercedes,Diesel,Automatic,First,2019,53230,1000,1,29645.0
103720,Volkswagen,Petrol,Automatic,Second,2012,89500,1400,1,13235.0
103721,Toyota,Diesel,Automatic,Second,2021,44888,1800,1,25899.0
103722,BMW,Petrol,Manual,Second,2022,30689,2200,0,37332.0
103723,BMW,Diesel,Automatic,Second,2014,59947,1800,0,26800.0
103724,Volkswagen,Petrol,Automatic,Second,2017,90149,1000,1,12202.0
103725,Audi,Petrol,Automatic,First,2012,47216,1000,0,21132.0
103726,Audi,Electric,Automatic,Second,2025,71441,1000,0,41634.0
103727,Mercedes,Petrol,Automatic,Second,2016,36934,2500,0,37720.0
103728,Toyota,Petrol,Manual,First,2016,42456,2200,0,24947.0
103729,Toyota,Diesel,Automatic,Second,2021,108251,1400,1,23820.0
103730,Volkswagen,Hybrid,Manual,Second,2020,3000,1600,0,26605.0
103731,Ford,Petrol,Automatic,Second,2022,42682,2500,0,29798.0
103732,BMW,Diesel,Automatic,First,2013,12856,2200,0,32210.0
103733,Toyota,Hybrid,Manual,First,2018,41235,2200,0,29605.0
103734,Volkswagen,Petrol,Manual,First,2020,89393,2000,0,23255.0
103735,Kia,Petrol,Automatic,Second,2019,110066,3000,0,18186.0
103736,Honda,Petrol,Manual,First,2012,27461,2000,1,18584.0
103737,Kia,Hybrid,Automatic,First,2025,86507,1000,0,26040.0
103738,Hyundai,Petrol,Manual,Third,2025,25238,1800,0,25349.0
103739,Mercedes,Petrol,Automatic,First,2012,45269,2500,0,33268.0
103740,Toyota,Diesel,Manual,Second,2023,72895,2000,0,30420.0
103741,Hyundai,Diesel,Automatic,Third,2013,11759,1800,0,13508.0
103742,Nissan,Petrol,Automatic,Second,2012,44447,3000,0,23432.0
103743,Hyundai,Diesel,Manual,Second,2019,62450,2200,0,20398.0
103744,Volkswagen,Petrol,Automatic,Third,2018,3000,2200,0,23234.0
103745,Toyota,Petrol,Automatic,Second,2017,40121,1000,0,21248.0
103746,Honda,Diesel,Automatic,Second,2013,49486,1200,0,18416.0
103747,Volkswagen,Electric,Manual,First,2022,42984,3500,0,41657.0
103748,Volkswagen,Petrol,Manual,First,2020,49076,1800,0,22682.0
103749,Mercedes,Hybrid,Manual,Second,2024,74638,1400,0,38616.0
103750,Mercedes,Diesel,Manual,Second,2012,71099,2500,3,22629.0
103751,BMW,Petrol,Automatic,Second,2012,102974,1600,1,18937.0
103752,BMW,Diesel,Automatic,Second,2013,57298,2200,0,28243.0
103753,Audi,Petrol,Automatic,First,2018,19408,1800,2,34690.0
103754,Ford,Electric,Automatic,First,2021,3000,2000,0,33977.0
103755,Toyota,Hybrid,Automatic,First,2025,104958,2200,0,35498.0
103756,Toyota,Petrol,Automatic,Second,2023,63143,2500,0,37385.0
103757,Hyundai,Petrol,Automatic,First,2012,74000,1400,0,8883.0
103758,Toyota,Petrol,Manual,First,2025,89493,1400,1,25545.0
103759,Toyota,Petrol,Automatic,Second,2014,71062,1200,0,16678.0
103760,Ford,Petrol,Manual,First,2021,101190,2000,0,19785.0
103761,Nissan,Petrol,Manual,Third,2019,87295,1200,2,10612.0
103762,BMW,Diesel,Manual,First,2023,94621,1000,0,33751.0
103763,BMW,Petrol,Manual,Third,2018,40377,1000,2,20324.0
103764,Honda,Hybrid,Automatic,First,2019,88107,3000,1,30956.0
103765,Toyota,Hybrid,Manual,First,2024,77794,1000,0,25232.0
103766,Ford,Diesel,Manual,Second,2024,36052,2200,1,29966.0
103767,BMW,Hybrid,Automatic,Second,2023,112678,1800,1,35764.0
103768,Ford,Petrol,Manual,First,2017,61917,2000,0,19930.0
103769,Kia,Petrol,Automatic,Second,2019,12178,3500,0,27668.0
103770,Nissan,Diesel,Automatic,Third,2016,86575,3000,0,17925.0
103771,Toyota,Diesel,Automatic,First,2020,79920,1400,0,26029.0
103772,Honda,Diesel,Manual,Second,2021,56641,2000,2,23315.0
103773,Hyundai,Hybrid,Manual,First,2022,82268,2200,1,25763.0
103774,BMW,Electric,Manual,First,2024,39961,1200,1,43552.0
103775,Kia,Diesel,Manual,First,2012,79114,2000,0,10943.0
103776,Ford,Hybrid,Automatic,First,2018,87583,2000,1,24134.0
103777,Mercedes,Petrol,Automatic,First,2017,75373,1800,0,32335.0
103778,Volkswagen,Petrol,Manual,First,2019,65542,2200,0,21965.0
103779,Toyota,Diesel,Automatic,First,2013,60385,3000,1,24464.0
103780,Toyota,Petrol,Automatic,Second,2012,107774,2200,0,15874.0
103781,Kia,Petrol,Automatic,Second,2012,48584,1200,1,10185.0
103782,Ford,Petrol,Automatic,Second,2025,68011,1600,0,29514.0
103783,Audi,Diesel,Manual,First,2013,61992,1000,0,23479.0
103784,Toyota,Petrol,Automatic,Third,2016,75184,1200,0,18436.0
103785,Audi,Diesel,Manual,First,2018,102756,3000,1,33842.0
103786,Mercedes,Petrol,Manual,First,2024,101528,2200,0,39307.0
103787,Kia,Petrol,Automatic,Second,2020,84924,2500,0,25281.0
103788,Ford,Petrol,Automatic,Second,2015,72551,2500,0,16243.0
103789,Ford,Petrol,Automatic,First,2024,77243,1200,1,26395.0
103790,Nissan,Hybrid,Manual,First,2020,107568,1800,0,21034.0
103791,Volkswagen,Petrol,Automatic,Second,2025,32280,1000,0,28226.0
103792,BMW,Petrol,Automatic,First,2022,55997,3000,0,42526.0
103793,BMW,Diesel,Manual,First,2014,44427,1800,1,24623.0
103794,Hyundai,Diesel,Automatic,Third,2023,85160,1000,0,16742.0
103795,Honda,Petrol,Manual,First,2017,57992,2200,0,21082.0
103796,Kia,Petrol,Manual,Second,2020,17276,3000,0,23142.0
103797,Mercedes,Electric,Automatic,First,2022,46409,1000,0,38338.0
103798,Ford,Diesel,Manual,First,2025,69709,1000,0,23780.0
103799,Volkswagen,Petrol,Automatic,First,2024,79054,1000,0,24414.0
103800,Audi,Diesel,Manual,Second,2012,60072,2200,0,22031.0
103801,Kia,Petrol,Manual,First,2023,36690,3500,0,34432.0
103802,Hyundai,Petrol,Automatic,Second,2015,107898,1400,0,8866.0
103803,Kia,Diesel,Automatic,Third,2016,80359,3000,0,14982.0
103804,Hyundai,Hybrid,Manual,Second,2022,78288,3000,3,28991.0
103805,Ford,Petrol,Automatic,First,2017,73340,2200,0,24539.0
103806,Honda,Hybrid,Manual,First,2022,31462,1400,0,33243.0
103807,Hyundai,Petrol,Automatic,First,2019,68547,3500,0,26846.0
103808,Ford,Petrol,Automatic,First,2023,3000,2500,1,30392.0
103809,Ford,Petrol,Manual,Third,2013,77261,2000,0,7566.0
103810,Honda,Petrol,Automatic,Third,2017,3000,1600,1,18772.0
103811,BMW,Electric,Automatic,First,2018,41963,2500,1,43259.0
103812,Kia,Diesel,Automatic,First,2017,66174,1400,0,13688.0
103813,Toyota,Petrol,Automatic,Third,2025,72809,1000,1,26261.0
103814,Toyota,Electric,Manual,Second,2015,26981,1600,0,26572.0
103815,Audi,Hybrid,Automatic,First,2017,44662,3000,0,38299.0
103816,Audi,Hybrid,Manual,First,2015,26561,2200,0,33010.0
103817,Toyota,Electric,Manual,First,2020,99708,1000,0,25215.0
103818,Mercedes,Petrol,Manual,Third,2024,43801,1000,0,35026.0
103819,Toyota,Hybrid,Manual,First,2012,63044,1000,0,16693.0
103820,Audi,Diesel,Automatic,Second,2023,71388,2000,0,38738.0
103821,Volkswagen,Hybrid,Manual,First,2020,85050,3500,0,32752.0
103822,Audi,Hybrid,Automatic,Third,2022,80185,3500,0,45114.0
103823,Mercedes,Petrol,Automatic,First,2015,82567,3000,0,35331.0
103824,Kia,Hybrid,Automatic,First,2014,29865,1400,0,20260.0
103825,Toyota,Petrol,Automatic,First,2022,77402,1400,1,25883.0
103826,Honda,Petrol,Manual,Second,2016,23531,2200,1,19627.0
103827,Volkswagen,Petrol,Automatic,First,2014,76977,2000,2,14872.0
103828,Ford,Electric,Automatic,Second,2012,102807,3000,2,19259.0
103829,Mercedes,Petrol,Automatic,First,2019,32120,1400,0,38493.0
103830,Audi,Diesel,Automatic,First,2020,22224,2200,1,38910.0
103831,Honda,Petrol,Manual,First,2017,114850,2200,1,20212.0
103832,Hyundai,Electric,Automatic,Second,2013,47396,3000,0,23687.0
103833,BMW,Petrol,Automatic,First,2024,82308,2000,0,45097.0
103834,Toyota,Hybrid,Automatic,First,2017,16461,3000,0,32551.0
103835,BMW,Hybrid,Automatic,Second,2017,92438,2000,0,32566.0
103836,Mercedes,Petrol,Automatic,First,2017,97020,1200,0,31915.0
103837,Hyundai,Petrol,Automatic,First,2021,112492,2000,0,21724.0
103838,Hyundai,Diesel,Automatic,First,2022,118473,1800,0,25667.0
103839,Hyundai,Electric,Automatic,First,2025,37374,2000,2,33577.0
103840,Ford,Hybrid,Automatic,Second,2023,102153,3000,1,29771.0
103841,Mercedes,Petrol,Manual,First,2020,80139,2000,0,34680.0
103842,Kia,Hybrid,Automatic,First,2015,63383,1800,0,19695.0
103843,BMW,Petrol,Manual,Second,2013,72307,1800,0,20949.0
103844,Kia,Diesel,Manual,First,2019,126929,1400,0,12628.0
103845,Honda,Hybrid,Automatic,Second,2017,37705,1800,1,25793.0
103846,Nissan,Petrol,Manual,First,2021,70404,1800,0,22127.0
103847,Volkswagen,Hybrid,Manual,Second,2012,99725,3500,0,20465.0
103848,Volkswagen,Diesel,Manual,Second,2017,74493,1400,0,12934.0
103849,Kia,Hybrid,Automatic,Second,2013,25579,2200,0,17161.0
103850,Nissan,Petrol,Automatic,Second,2015,67881,2500,0,17285.0
103851,Nissan,Petrol,Automatic,Second,2013,13213,2200,2,17892.0
103852,Toyota,Hybrid,Automatic,Second,2015,52917,1200,0,22794.0
103853,Honda,Petrol,Manual,First,2018,27883,2200,1,28921.0
103854,Mercedes,Petrol,Manual,First,2019,46068,1000,0,31605.0
103855,Nissan,Electric,Automatic,Third,2025,95293,1400,0,30569.0
103856,Audi,Petrol,Manual,Third,2014,49360,3500,0,31539.0
103857,Volkswagen,Electric,Manual,First,2025,63209,1600,0,33932.0
103858,Audi,Petrol,Automatic,First,2024,113789,2000,0,38615.0
103859,Honda,Petrol,Automatic,Second,2012,73751,3000,0,22138.0
103860,Nissan,Hybrid,Automatic,First,2021,63289,3000,0,35419.0
103861,BMW,Diesel,Manual,First,2025,55929,2000,0,41033.0
103862,Volkswagen,Diesel,Manual,Second,2012,75988,3000,0,18471.0
103863,Toyota,Diesel,Automatic,First,2021,104743,2000,0,29148.0
103864,Toyota,Hybrid,Automatic,First,2022,36298,2200,1,36152.0
103865,Hyundai,Petrol,Manual,Second,2018,76254,2000,0,15100.0
103866,Ford,Petrol,Manual,First,2023,26740,1400,0,28114.0
103867,Nissan,Petrol,Automatic,Third,2012,10035,1000,2,12795.0
103868,Honda,Diesel,Automatic,Third,2014,74192,1600,0,16506.0
103869,Volkswagen,Petrol,Manual,Second,2022,69678,1000,0,22453.0
103870,Ford,Petrol,Automatic,Third,2016,7778,3500,0,25306.0
103871,Honda,Diesel,Automatic,First,2022,38004,1000,1,24782.0
103872,Kia,Petrol,Manual,Second,2016,48101,1800,0,15837.0
103873,Nissan,Petrol,Automatic,Second,2022,77878,2500,0,25811.0
103874,Mercedes,Diesel,Manual,First,2015,108055,1000,0,23369.0
103875,Mercedes,Petrol,Automatic,First,2019,26324,1800,0,38701.0
103876,Nissan,Hybrid,Automatic,Second,2014,57433,2500,0,20501.0
103877,Hyundai,Diesel,Automatic,Second,2019,116706,1400,0,16227.0
103878,Hyundai,Petrol,Automatic,Second,2017,102940,2000,0,16389.0
103879,Mercedes,Diesel,Automatic,Second,2015,3000,2200,0,36610.0
103880,BMW,Petrol,Manual,Second,2021,54024,3500,0,43995.0
103881,Volkswagen,Hybrid,Automatic,Second,2022,77161,2500,1,32202.0
103882,Mercedes,Electric,Manual,First,2014,86807,1400,1,31026.0
103883,BMW,Diesel,Automatic,First,2021,98739,1000,0,30408.0
103884,Ford,Diesel,Automatic,Second,2024,12871,3500,1,36781.0
103885,BMW,Petrol,Automatic,First,2023,71222,2500,0,41528.0
103886,Ford,Petrol,Manual,Third,2021,72197,1600,0,19752.0
103887,Honda,Hybrid,Automatic,Second,2013,98864,1200,0,16948.0
103888,Audi,Petrol,Automatic,Second,2017,80164,1000,0,25800.0
103889,Honda,Petrol,Manual,Third,2012,79229,2000,0,12874.0
103890,Mercedes,Petrol,Automatic,Second,2021,76091,1000,0,32478.0
103891,Ford,Diesel,Automatic,First,2019,65172,2000,0,24508.0
103892,Mercedes,Petrol,Automatic,Second,2024,100581,2500,1,42166.0
103893,Nissan,Electric,Manual,First,2016,35239,1400,0,24182.0
103894,Volkswagen,Petrol,Automatic,First,2024,102124,2000,0,29838.0
103895,Toyota,Petrol,Manual,First,2018,59241,2000,0,25915.0
103896,Mercedes,Diesel,Manual,Second,2023,48669,1800,1,40497.0
103897,Volkswagen,Petrol,Manual,First,2023,58830,1400,0,27107.0
103898,BMW,Diesel,Automatic,First,2018,59434,2000,1,33854.0
103899,Honda,Petrol,Manual,First,2022,119244,1000,1,22658.0
103900,BMW,Petrol,Automatic,First,2021,28262,1600,0,39147.0
103901,Toyota,Petrol,Automatic,First,2017,25978,2500,1,25099.0
103902,Ford,Electric,Automatic,First,2016,33037,2000,0,26813.0
103903,Nissan,Diesel,Manual,Second,2013,58151,1600,0,12384.0
103904,Volkswagen,Hybrid,Automatic,First,2014,41277,2000,0,22405.0
103905,Nissan,Petrol,Automatic,First,2014,3000,1000,0,17369.0
103906,Audi,Diesel,Manual,First,2016,44378,1400,0,29094.0
103907,Mercedes,Diesel,Automatic,Second,2013,29980,2200,0,31001.0
103908,Ford,Electric,Automatic,Second,2022,94770,1000,0,26572.0
103909,Audi,Diesel,Automatic,Third,2012,83760,1200,0,18869.0
103910,Kia,Diesel,Manual,Second,2015,75588,1400,1,9342.0
103911,Mercedes,Petrol,Automatic,First,2021,13216,1600,1,36306.0
103912,BMW,Diesel,Automatic,First,2024,107442,2000,1,38516.0
103913,Honda,Diesel,Manual,First,2014,40332,3000,0,26756.0
103914,Volkswagen,Electric,Automatic,Second,2022,89502,1000,0,30877.0
103915,Toyota,Petrol,Automatic,First,2014,83237,1600,0,16228.0
103916,Toyota,Petrol,Manual,Second,2023,40714,1600,0,30895.0
103917,BMW,Petrol,Automatic,First,2021,75073,2000,0,37148.0
103918,Hyundai,Petrol,Automatic,First,2022,67791,1000,0,21213.0
103919,Toyota,Petrol,Automatic,First,2017,96966,3000,1,26760.0
103920,Volkswagen,Hybrid,Automatic,Second,2023,45144,1000,0,28283.0
103921,BMW,Diesel,Manual,First,2020,69999,3500,0,38483.0
103922,Ford,Hybrid,Automatic,Second,2021,34684,1000,0,23566.0
103923,Toyota,Hybrid,Automatic,First,2024,102107,1400,0,33240.0
103924,Nissan,Petrol,Manual,First,2021,61356,1000,0,17277.0
103925,BMW,Diesel,Automatic,First,2022,37046,1600,0,38644.0
103926,Volkswagen,Petrol,Manual,First,2024,83436,2200,1,29485.0
103927,Nissan,Electric,Automatic,First,2025,96810,3000,0,37635.0
103928,Mercedes,Petrol,Automatic,First,2013,50817,1600,0,32007.0
103929,Mercedes,Petrol,Automatic,First,2016,127404,2000,0,29189.0
103930,Toyota,Petrol,Automatic,Second,2013,110467,1200,0,13537.0
103931,Nissan,Diesel,Automatic,First,2017,66302,2200,0,20998.0
103932,Honda,Petrol,Manual,First,2012,52007,2500,0,18458.0
103933,Mercedes,Petrol,Manual,Second,2012,25699,1400,0,26755.0
103934,Honda,Hybrid,Manual,Second,2020,32743,1000,2,22320.0
103935,Ford,Hybrid,Automatic,First,2021,8480,1200,0,28590.0
103936,BMW,Petrol,Automatic,Second,2016,82789,1200,0,23363.0
103937,Audi,Diesel,Manual,Second,2020,62764,2000,1,30115.0
103938,Volkswagen,Hybrid,Manual,First,2023,48883,2200,1,31199.0
103939,BMW,Petrol,Manual,First,2023,3000,1800,0,43735.0
103940,Volkswagen,Hybrid,Automatic,First,2019,80932,3500,1,34621.0
103941,Nissan,Petrol,Automatic,First,2020,63631,1000,0,18765.0
103942,Ford,Diesel,Automatic,Third,2020,65454,1800,1,21103.0
103943,Kia,Diesel,Automatic,First,2019,65017,2500,0,22003.0
103944,Toyota,Diesel,Manual,First,2014,95675,3500,1,22018.0
103945,Volkswagen,Hybrid,Manual,Third,2018,16215,1200,0,19945.0
103946,Volkswagen,Petrol,Automatic,Second,2015,135335,2500,0,16150.0
103947,Nissan,Petrol,Automatic,Second,2019,25280,2000,1,24034.0
103948,Honda,Diesel,Automatic,Second,2018,57965,1000,0,20439.0
103949,BMW,Hybrid,Manual,Second,2023,3000,3500,0,49483.0
103950,Kia,Petrol,Manual,Second,2020,69551,3000,0,21855.0
103951,Hyundai,Hybrid,Automatic,First,2019,55363,2500,0,26797.0
103952,Toyota,Petrol,Manual,First,2025,64368,1800,1,32617.0
103953,Audi,Petrol,Automatic,First,2014,75905,1600,0,26279.0
103954,Hyundai,Hybrid,Automatic,First,2016,49706,1000,1,18186.0
103955,BMW,Petrol,Manual,First,2014,111573,1200,1,21005.0
103956,Toyota,Diesel,Automatic,Second,2022,49490,1800,2,28401.0
103957,Volkswagen,Petrol,Manual,First,2023,80912,1800,0,28155.0
103958,Audi,Petrol,Automatic,First,2020,38597,2500,0,37681.0
103959,Honda,Diesel,Automatic,Second,2012,95467,1800,0,15682.0
103960,Kia,Diesel,Automatic,Second,2018,33677,1800,0,20588.0
103961,Honda,Petrol,Automatic,Second,2020,57384,1400,1,22455.0
103962,Ford,Petrol,Automatic,Second,2014,46082,2200,0,18131.0
103963,Nissan,Petrol,Automatic,Third,2018,74029,2000,0,21688.0
103964,Toyota,Diesel,Automatic,Second,2018,38490,1800,0,27475.0
103965,Honda,Electric,Automatic,Second,2022,44027,1200,0,32949.0
103966,Hyundai,Hybrid,Manual,Second,2025,59709,1600,0,27796.0
103967,Nissan,Petrol,Automatic,Second,2013,51666,1400,0,13881.0
103968,Honda,Petrol,Manual,Second,2016,65740,2200,0,21558.0
103969,Mercedes,Electric,Automatic,First,2021,41118,3000,0,50039.0
103970,Ford,Diesel,Automatic,First,2025,42386,1400,1,30759.0
103971,BMW,Diesel,Automatic,Second,2024,63844,2200,0,39220.0
103972,Kia,Hybrid,Automatic,Second,2018,106532,3000,0,26124.0
103973,Ford,Petrol,Automatic,Second,2013,55569,1800,0,15957.0
103974,Nissan,Diesel,Automatic,First,2021,86325,2500,0,26185.0
103975,Mercedes,Electric,Automatic,First,2021,76805,2500,0,46708.0
103976,Toyota,Diesel,Manual,First,2013,40646,2200,1,20358.0
103977,Hyundai,Petrol,Automatic,Second,2022,86631,1000,0,19779.0
103978,Kia,Petrol,Manual,Second,2024,62038,1800,0,24454.0
103979,Kia,Petrol,Automatic,First,2017,95028,3500,0,24873.0
103980,Ford,Hybrid,Manual,Second,2013,142700,3000,0,12296.0
103981,Nissan,Petrol,Manual,First,2021,66240,3000,1,22794.0
103982,Toyota,Petrol,Manual,First,2025,101201,2000,0,27308.0
103983,Volkswagen,Electric,Automatic,First,2012,96231,2500,0,25225.0
103984,Mercedes,Petrol,Automatic,Second,2014,51829,1600,1,28591.0
103985,Volkswagen,Petrol,Automatic,Second,2023,51222,3000,0,35228.0
103986,Hyundai,Petrol,Automatic,First,2012,25447,1200,0,13768.0
103987,Toyota,Petrol,Manual,First,2017,99377,1200,1,17225.0
103988,Toyota,Petrol,Manual,Second,2015,38189,2200,1,21942.0
103989,Mercedes,Electric,Manual,First,2013,47297,1600,0,36324.0
103990,Audi,Hybrid,Automatic,Third,2024,122033,1600,0,35453.0
103991,Volkswagen,Diesel,Manual,Second,2023,49594,1200,0,25495.0
103992,Honda,Petrol,Automatic,First,2018,114120,3000,0,26146.0
103993,Kia,Diesel,Automatic,First,2018,123491,1200,0,15385.0
103994,Audi,Petrol,Manual,First,2019,38723,3000,1,33956.0
103995,Honda,Petrol,Automatic,First,2023,87163,1800,0,27723.0
103996,Nissan,Electric,Automatic,Second,2023,79240,1800,1,29502.0
103997,Mercedes,Petrol,Automatic,First,2018,88765,2200,0,35217.0
103998,Nissan,Petrol,Automatic,Second,2024,100079,1800,2,20344.0
103999,Kia,Diesel,Automatic,Second,2012,10528,2000,0,18886.0
104000,BMW,Diesel,Automatic,Third,2014,82452,1400,0,26828.0
104001,Honda,Petrol,Manual,First,2024,85813,1400,0,26285.0
104002,Audi,Petrol,Manual,Second,2012,50514,1400,0,20336.0
104003,Honda,Petrol,Manual,Second,2013,93256,1000,0,9801.0
104004,Honda,Diesel,Automatic,First,2012,102127,1400,2,13027.0
104005,Mercedes,Petrol,Manual,First,2023,50452,1600,1,34839.0
104006,Nissan,Petrol,Manual,Second,2020,25946,2000,0,25487.0
104007,Volkswagen,Diesel,Automatic,First,2018,120750,1600,1,20756.0
104008,BMW,Hybrid,Automatic,First,2020,40288,1400,0,39807.0
104009,Mercedes,Petrol,Automatic,Third,2019,24987,2500,0,38173.0
104010,Hyundai,Petrol,Automatic,First,2021,70948,1800,0,20115.0
104011,Mercedes,Diesel,Automatic,First,2013,3000,1400,0,27813.0
104012,Kia,Diesel,Automatic,Second,2012,67421,1600,0,7749.0
104013,BMW,Petrol,Automatic,Second,2016,90098,1600,1,27630.0
104014,Toyota,Petrol,Automatic,First,2018,48260,1400,1,25160.0
104015,Hyundai,Petrol,Automatic,Second,2013,80887,3000,0,15136.0
104016,Ford,Petrol,Manual,Second,2015,79400,1600,0,15687.0
104017,Mercedes,Diesel,Manual,Second,2018,80172,2500,0,34552.0
104018,Honda,Petrol,Automatic,Second,2024,52891,3000,1,31011.0
104019,Volkswagen,Hybrid,Automatic,First,2025,66134,2200,0,35579.0
104020,Toyota,Diesel,Automatic,Second,2020,70552,1400,0,23264.0
104021,Mercedes,Diesel,Automatic,First,2017,67207,1000,0,31656.0
104022,Mercedes,Petrol,Automatic,Third,2018,60059,3000,0,38108.0
104023,Audi,Diesel,Manual,First,2019,119185,1600,0,29786.0
104024,Audi,Petrol,Automatic,First,2023,74738,1400,0,38024.0
104025,Toyota,Hybrid,Manual,First,2023,77464,2200,0,35615.0
104026,Nissan,Electric,Manual,Second,2019,28272,3500,0,34422.0
104027,Audi,Petrol,Automatic,First,2024,134016,3000,0,40186.0
104028,Honda,Petrol,Automatic,Second,2020,91393,2200,0,26662.0
104029,Hyundai,Petrol,Automatic,Second,2023,75021,3000,0,27679.0
104030,Ford,Diesel,Automatic,First,2025,116613,2200,0,24064.0
104031,BMW,Diesel,Automatic,First,2025,29649,2500,0,47366.0
104032,Ford,Hybrid,Manual,Second,2021,32019,2500,0,31103.0
104033,Ford,Hybrid,Manual,First,2013,96692,2500,1,20190.0
104034,BMW,Petrol,Manual,First,2024,102727,1200,0,31710.0
104035,Audi,Diesel,Automatic,First,2018,9381,1200,0,30752.0
104036,Toyota,Diesel,Automatic,First,2013,35380,1200,1,20876.0
104037,BMW,Diesel,Automatic,First,2018,19575,2200,0,34362.0
104038,Kia,Diesel,Automatic,Second,2022,94050,2500,0,21329.0
104039,Nissan,Diesel,Automatic,First,2020,67871,3500,1,29952.0
104040,Hyundai,Diesel,Manual,Second,2015,78786,1000,0,5408.0
104041,Volkswagen,Diesel,Automatic,First,2023,33816,2500,0,31839.0
104042,Audi,Diesel,Manual,First,2016,72884,2500,1,29843.0
104043,Nissan,Diesel,Manual,First,2016,18706,1800,1,17070.0
104044,BMW,Diesel,Automatic,Third,2023,89752,1400,1,31638.0
104045,Kia,Diesel,Manual,First,2013,118972,1000,1,4285.0
104046,Volkswagen,Diesel,Automatic,First,2024,3000,1600,0,34339.0
104047,Hyundai,Petrol,Automatic,First,2014,106354,2200,0,15623.0
104048,Hyundai,Petrol,Manual,First,2024,62053,2200,0,26534.0
104049,Audi,Petrol,Automatic,First,2021,75647,1800,0,35099.0
104050,BMW,Diesel,Manual,First,2012,53474,2000,1,27369.0
104051,Nissan,Diesel,Manual,First,2014,32994,3000,0,22699.0
104052,Toyota,Electric,Manual,Third,2016,115227,2200,0,25807.0
104053,Nissan,Petrol,Manual,First,2020,46225,1200,0,20316.0
104054,Nissan,Petrol,Automatic,Second,2012,111262,1200,0,8690.0
104055,Hyundai,Petrol,Automatic,First,2017,88988,1200,0,15757.0
104056,Toyota,Petrol,Automatic,First,2023,58066,1200,1,26173.0
104057,Toyota,Hybrid,Automatic,Third,2013,116416,1800,1,16648.0
104058,Audi,Petrol,Automatic,Second,2023,63831,3500,0,40700.0
104059,Volkswagen,Diesel,Manual,Second,2017,104666,1800,0,19045.0
104060,Mercedes,Diesel,Automatic,Second,2021,102706,2500,0,33623.0
104061,Ford,Diesel,Manual,Third,2017,27176,1800,0,19578.0
104062,Ford,Hybrid,Manual,Second,2012,41946,2500,0,21436.0
104063,Hyundai,Petrol,Automatic,First,2016,59223,2000,2,13380.0
104064,Mercedes,Petrol,Automatic,First,2021,59854,3500,1,41979.0
104065,Volkswagen,Hybrid,Automatic,Second,2013,78864,1600,0,18354.0
104066,Mercedes,Hybrid,Automatic,Second,2012,13804,3500,2,34491.0
104067,Audi,Petrol,Automatic,Second,2022,63735,1600,1,33128.0
104068,Nissan,Petrol,Automatic,First,2020,81693,1400,2,21630.0
104069,Hyundai,Petrol,Manual,Third,2017,91041,3000,0,17725.0
104070,Toyota,Petrol,Automatic,Second,2012,47648,1800,0,20000.0
104071,Hyundai,Electric,Manual,Second,2021,34484,2500,0,31310.0
104072,Ford,Diesel,Manual,First,2020,55271,1600,1,22008.0
104073,Volkswagen,Petrol,Automatic,Third,2023,81442,1400,0,20913.0
104074,Mercedes,Hybrid,Automatic,Second,2020,29120,2000,0,41354.0
104075,Volkswagen,Diesel,Manual,Second,2024,56735,2000,0,29721.0
104076,Audi,Petrol,Manual,Third,2018,51545,2000,1,29973.0
104077,Hyundai,Electric,Automatic,Third,2020,18977,1200,1,27503.0
104078,BMW,Hybrid,Automatic,First,2012,17593,2000,1,30850.0
104079,Hyundai,Hybrid,Automatic,Third,2024,109727,1800,0,24289.0
104080,Toyota,Diesel,Automatic,Second,2014,89400,1800,1,15805.0
104081,Hyundai,Hybrid,Automatic,First,2019,95370,1400,1,18317.0
104082,Kia,Petrol,Automatic,First,2014,54830,1800,2,13144.0
104083,Audi,Diesel,Manual,First,2019,69435,3500,0,38488.0
104084,Honda,Electric,Automatic,Second,2014,82241,1000,0,22441.0
104085,Audi,Petrol,Automatic,Second,2015,112299,1000,0,17795.0
104086,Mercedes,Hybrid,Automatic,First,2024,76766,2200,0,44943.0
104087,Honda,Diesel,Manual,Second,2023,44944,3500,1,37306.0
104088,Mercedes,Petrol,Automatic,Second,2023,84879,2200,1,38490.0
104089,Mercedes,Hybrid,Manual,Second,2025,3000,3000,2,48309.0
104090,Toyota,Petrol,Automatic,Third,2015,38415,3000,0,27125.0
104091,Toyota,Diesel,Automatic,Second,2016,68167,2200,0,21200.0
104092,Nissan,Petrol,Automatic,First,2021,84347,3500,1,31606.0
104093,Ford,Electric,Manual,Second,2021,85852,3000,0,31959.0
104094,Nissan,Petrol,Automatic,Third,2022,53034,3500,0,27616.0
104095,Nissan,Petrol,Automatic,First,2015,61044,3000,0,25190.0
104096,Ford,Petrol,Manual,Third,2018,55177,1400,0,18671.0
104097,BMW,Electric,Manual,First,2022,85685,1600,0,39749.0
104098,Honda,Diesel,Automatic,First,2015,80941,1000,0,19249.0
104099,Volkswagen,Diesel,Manual,Second,2022,62168,1200,0,24009.0
104100,Nissan,Diesel,Automatic,Second,2012,45981,2500,1,18067.0
104101,Hyundai,Diesel,Automatic,Second,2016,76671,3000,0,19840.0
104102,Hyundai,Petrol,Automatic,First,2023,67885,3000,0,30372.0
104103,Mercedes,Diesel,Automatic,Second,2019,110243,3000,0,39680.0
104104,Ford,Petrol,Automatic,Second,2017,63569,1000,0,11582.0
104105,Mercedes,Electric,Automatic,First,2015,58546,2500,2,37987.0
104106,Kia,Hybrid,Automatic,Second,2015,40098,1800,0,20853.0
104107,Kia,Petrol,Automatic,Second,2024,110823,1400,0,18109.0
104108,Volkswagen,Petrol,Automatic,First,2012,67486,2000,1,16479.0
104109,Toyota,Hybrid,Automatic,First,2021,72205,1600,0,30312.0
104110,Toyota,Petrol,Automatic,First,2024,116319,1000,0,23886.0
104111,Ford,Petrol,Automatic,Second,2012,99860,1400,0,9274.0
104112,Ford,Petrol,Manual,First,2014,23469,1200,0,15718.0
104113,Nissan,Diesel,Automatic,First,2015,101023,1000,0,13778.0
104114,Kia,Hybrid,Automatic,First,2015,99792,3500,0,27747.0
104115,Nissan,Petrol,Automatic,First,2013,12611,3000,0,22189.0
104116,Toyota,Petrol,Manual,First,2022,110379,1400,1,23822.0
104117,Honda,Diesel,Automatic,First,2020,47646,1000,0,27072.0
104118,Honda,Diesel,Automatic,First,2019,87734,1400,0,23757.0
104119,Ford,Petrol,Automatic,First,2014,49590,1000,0,13163.0
104120,Mercedes,Petrol,Manual,Third,2022,133209,1000,0,29852.0
104121,Toyota,Electric,Automatic,First,2013,71254,3000,0,33426.0
104122,Honda,Electric,Automatic,Second,2012,92130,1000,1,18232.0
104123,Toyota,Electric,Automatic,Second,2021,69666,1800,1,31673.0
104124,Audi,Hybrid,Automatic,First,2020,33466,1800,1,38069.0
104125,Hyundai,Petrol,Automatic,First,2016,62417,1000,0,10278.0
104126,Kia,Petrol,Manual,Third,2019,22848,3000,0,23668.0
104127,Nissan,Petrol,Automatic,Second,2024,73907,1800,0,27796.0
104128,Toyota,Petrol,Manual,First,2015,58784,1200,0,15883.0
104129,Hyundai,Electric,Automatic,First,2013,23343,2200,0,24222.0
104130,Audi,Hybrid,Automatic,First,2016,51411,3000,0,37817.0
104131,Nissan,Diesel,Automatic,Second,2019,32497,1600,0,24039.0
104132,Toyota,Petrol,Automatic,Third,2017,51269,1800,1,22866.0
104133,Ford,Electric,Manual,First,2019,60472,3000,0,35074.0
104134,Hyundai,Hybrid,Automatic,First,2022,86777,1200,2,21509.0
104135,Nissan,Petrol,Automatic,First,2014,38666,1800,0,18722.0
104136,Toyota,Hybrid,Manual,Third,2016,40298,2000,0,22529.0
104137,Hyundai,Petrol,Automatic,Second,2013,75217,1400,0,9978.0
104138,Audi,Petrol,Manual,Second,2023,66831,3500,0,39932.0
104139,Toyota,Diesel,Automatic,First,2022,87538,3000,0,32298.0
104140,Toyota,Diesel,Automatic,Second,2023,58835,3500,0,35149.0
104141,Toyota,Petrol,Automatic,First,2014,81532,2500,0,20477.0
104142,Volkswagen,Petrol,Automatic,Third,2018,3000,1600,0,22595.0
104143,Ford,Electric,Automatic,First,2012,42978,1800,0,23409.0
104144,Audi,Diesel,Manual,Second,2019,66004,2500,0,32534.0
104145,Nissan,Diesel,Manual,First,2016,61724,3500,1,26197.0
104146,Volkswagen,Petrol,Automatic,Second,2013,69357,3500,1,24164.0
104147,Mercedes,Petrol,Manual,First,2014,91406,1000,0,24433.0
104148,Volkswagen,Petrol,Automatic,First,2024,49198,2500,0,34998.0
104149,Kia,Petrol,Manual,First,2015,74014,2000,0,13133.0
104150,Kia,Petrol,Automatic,Second,2013,57998,2200,0,15696.0
104151,Toyota,Petrol,Manual,First,2021,78964,1600,0,24645.0
104152,Volkswagen,Diesel,Automatic,First,2024,79674,2000,1,30192.0
104153,Mercedes,Petrol,Manual,First,2016,31979,3500,0,42394.0
104154,Volkswagen,Hybrid,Manual,First,2018,75315,3500,1,28906.0
104155,Ford,Petrol,Automatic,First,2024,82789,1600,0,25789.0
104156,Ford,Diesel,Automatic,First,2020,69390,3500,0,28922.0
104157,Mercedes,Petrol,Manual,First,2012,76264,3500,0,29389.0
104158,Volkswagen,Diesel,Automatic,First,2021,69980,1200,0,24361.0
104159,Hyundai,Petrol,Automatic,Second,2024,41594,1000,0,24168.0
104160,Ford,Electric,Automatic,First,2017,51002,1600,0,28923.0
104161,Ford,Hybrid,Manual,Second,2017,70089,2200,0,21463.0
104162,Honda,Diesel,Automatic,First,2012,62620,2500,0,22357.0
104163,Volkswagen,Petrol,Automatic,Third,2013,45205,1400,1,15992.0
104164,Ford,Diesel,Manual,First,2022,44311,1400,0,26400.0
104165,Audi,Hybrid,Automatic,Second,2019,62931,1800,0,32865.0
104166,Volkswagen,Petrol,Automatic,First,2017,23207,3500,0,30965.0
104167,Kia,Diesel,Automatic,First,2024,50109,3500,0,33894.0
104168,Honda,Hybrid,Manual,First,2012,102355,2200,0,18413.0
104169,Ford,Hybrid,Automatic,First,2021,73139,1600,0,26047.0
104170,Honda,Hybrid,Manual,First,2024,51450,2200,0,38523.0
104171,Kia,Hybrid,Manual,First,2021,51304,1200,0,21482.0
104172,Mercedes,Electric,Automatic,Third,2022,137147,1000,0,35137.0
104173,Mercedes,Petrol,Manual,First,2017,63973,2000,0,33913.0
104174,Volkswagen,Diesel,Automatic,First,2021,81121,1600,0,24131.0
104175,Kia,Hybrid,Manual,Second,2018,43337,2200,1,20367.0
104176,BMW,Diesel,Automatic,Second,2013,79751,1000,2,17291.0
104177,BMW,Electric,Manual,First,2022,23760,1000,1,41930.0
104178,Volkswagen,Petrol,Automatic,Second,2015,53037,1800,1,18831.0
104179,Toyota,Petrol,Automatic,First,2018,56361,1000,0,26124.0
104180,Honda,Petrol,Manual,First,2024,3000,1200,1,29896.0
104181,Honda,Petrol,Automatic,First,2022,78992,1400,3,26345.0
104182,Mercedes,Petrol,Manual,First,2017,49971,1000,1,27922.0
104183,BMW,Diesel,Automatic,First,2022,89637,2500,0,40558.0
104184,Nissan,Petrol,Automatic,First,2019,57298,1200,0,21224.0
104185,Ford,Diesel,Manual,First,2025,35712,1200,1,27582.0
104186,Ford,Diesel,Automatic,Second,2024,80817,2500,0,30571.0
104187,Ford,Petrol,Manual,Second,2017,60882,2200,0,20128.0
104188,Mercedes,Petrol,Automatic,Second,2013,66226,1400,1,24839.0
104189,Kia,Diesel,Automatic,Second,2012,80559,1800,0,11425.0
104190,Hyundai,Hybrid,Manual,Second,2016,71485,1400,0,15116.0
104191,BMW,Hybrid,Automatic,Second,2022,45974,1800,0,40454.0
104192,BMW,Hybrid,Automatic,Second,2021,13907,3000,0,45361.0
104193,Nissan,Electric,Manual,First,2025,36440,1400,0,33334.0
104194,Honda,Diesel,Automatic,First,2023,59449,1400,0,30585.0
104195,Toyota,Electric,Automatic,First,2021,64278,1000,1,31106.0
104196,Volkswagen,Hybrid,Manual,First,2020,108369,1800,0,27153.0
104197,Honda,Hybrid,Manual,First,2013,127433,1400,0,14929.0
104198,Kia,Petrol,Automatic,First,2018,61453,1400,1,15735.0
104199,Volkswagen,Electric,Automatic,Third,2020,78053,1600,1,25382.0
104200,BMW,Diesel,Manual,First,2015,51154,1200,0,27479.0
104201,Kia,Hybrid,Automatic,First,2015,44789,1200,0,14148.0
104202,Volkswagen,Petrol,Automatic,First,2021,58551,2500,1,31529.0
104203,Nissan,Petrol,Manual,Second,2016,46947,1400,0,16635.0
104204,Nissan,Petrol,Automatic,First,2024,42379,1600,1,29800.0
104205,Audi,Petrol,Automatic,First,2024,48557,1200,0,37810.0
104206,Hyundai,Petrol,Manual,Third,2025,44456,1800,1,27581.0
104207,Nissan,Hybrid,Manual,Second,2017,65336,3000,1,25857.0
104208,BMW,Petrol,Manual,Second,2023,69415,3000,1,41017.0
104209,Toyota,Petrol,Automatic,Third,2018,30684,2500,0,28610.0
104210,Ford,Petrol,Automatic,First,2020,75576,3000,0,26360.0
104211,Audi,Diesel,Manual,Second,2017,62436,3000,0,32636.0
104212,Ford,Petrol,Automatic,First,2025,58835,3000,0,34852.0
104213,Hyundai,Petrol,Manual,Second,2014,74841,3500,0,17816.0
104214,Volkswagen,Diesel,Automatic,First,2013,110171,1200,0,12701.0
104215,Mercedes,Diesel,Manual,First,2017,60791,1400,1,30255.0
104216,Nissan,Petrol,Automatic,First,2025,37046,1600,0,29923.0
104217,Toyota,Petrol,Automatic,First,2020,80487,1000,1,20298.0
104218,Hyundai,Petrol,Automatic,First,2014,81305,2000,0,12167.0
104219,Ford,Electric,Manual,First,2015,72877,1200,2,19148.0
104220,Audi,Petrol,Automatic,Second,2014,64113,1600,1,22281.0
104221,Nissan,Diesel,Manual,First,2018,32013,1800,0,17751.0
104222,BMW,Petrol,Automatic,First,2015,30614,1600,1,29675.0
104223,Nissan,Diesel,Automatic,Second,2023,53511,2000,1,26475.0
104224,Audi,Petrol,Manual,Second,2025,34336,3500,0,45594.0
104225,Audi,Petrol,Automatic,First,2017,89221,3500,2,33020.0
104226,Mercedes,Diesel,Automatic,First,2017,17808,2000,0,39946.0
104227,Nissan,Petrol,Automatic,Second,2020,63199,3000,0,24797.0
104228,Nissan,Petrol,Manual,First,2016,60640,3000,1,21774.0
104229,Mercedes,Diesel,Manual,First,2018,81819,1000,0,29391.0
104230,Kia,Electric,Automatic,First,2024,86565,3500,0,38680.0
104231,Kia,Petrol,Automatic,Third,2012,41844,2500,0,14620.0
104232,Volkswagen,Diesel,Automatic,First,2019,103624,1800,0,24404.0
104233,Kia,Electric,Manual,First,2013,33394,1000,0,15130.0
104234,Honda,Hybrid,Automatic,Second,2015,90865,1800,0,22883.0
104235,Nissan,Diesel,Manual,First,2021,82863,2000,1,21008.0
104236,Toyota,Diesel,Automatic,First,2018,10510,2200,0,28625.0
104237,Nissan,Petrol,Manual,First,2023,33188,1400,0,23082.0
104238,Honda,Diesel,Automatic,Third,2017,92106,3000,1,23138.0
104239,Honda,Petrol,Manual,Second,2015,69997,1400,0,16916.0
104240,Ford,Petrol,Automatic,Second,2019,66937,1000,0,17811.0
104241,Nissan,Petrol,Automatic,First,2025,3000,1400,1,30574.0
104242,Hyundai,Petrol,Manual,First,2024,59850,2200,0,27652.0
104243,Honda,Diesel,Automatic,First,2024,44937,3500,0,39683.0
104244,Toyota,Diesel,Automatic,First,2023,27691,1000,2,28319.0
104245,Mercedes,Diesel,Manual,Second,2018,85431,1600,0,33464.0
104246,Volkswagen,Petrol,Automatic,Second,2017,66326,2200,2,21979.0
104247,Ford,Petrol,Automatic,Second,2016,39286,1400,0,14880.0
104248,Mercedes,Diesel,Automatic,First,2016,42090,2200,1,37291.0
104249,Ford,Electric,Automatic,Second,2025,68191,1600,0,35344.0
104250,Toyota,Petrol,Manual,Second,2022,78884,2200,0,26077.0
104251,Audi,Petrol,Automatic,First,2018,87415,3000,2,32445.0
104252,Nissan,Hybrid,Automatic,Second,2022,80996,3500,0,36028.0
104253,BMW,Petrol,Automatic,First,2017,64081,1800,0,33116.0
104254,Hyundai,Hybrid,Automatic,Second,2015,39705,1400,1,17699.0
104255,Mercedes,Diesel,Manual,Third,2018,75225,1000,1,23579.0
104256,Nissan,Petrol,Manual,First,2016,35399,1400,0,16423.0
104257,Hyundai,Petrol,Automatic,First,2018,68054,1600,0,17597.0
104258,Audi,Petrol,Automatic,First,2018,60152,1200,0,31088.0
104259,BMW,Petrol,Manual,Second,2022,88963,1600,0,32461.0
104260,Hyundai,Hybrid,Automatic,Second,2013,86662,1800,1,13486.0
104261,Hyundai,Diesel,Automatic,First,2023,82529,2500,0,27403.0
104262,Mercedes,Diesel,Automatic,Second,2015,79372,1800,0,28217.0
104263,Kia,Hybrid,Automatic,Second,2021,62194,1200,0,19797.0
104264,BMW,Petrol,Manual,Third,2015,111537,1000,0,20992.0
104265,Nissan,Diesel,Automatic,First,2024,82708,3000,0,32878.0
104266,Audi,Diesel,Manual,First,2018,109532,1600,0,26712.0
104267,BMW,Hybrid,Automatic,Second,2019,96686,3000,0,39590.0
104268,Toyota,Petrol,Automatic,First,2022,52434,3000,0,35055.0
104269,Kia,Diesel,Manual,Second,2012,48265,1000,0,8105.0
104270,Toyota,Hybrid,Manual,Second,2018,79763,2200,0,26877.0
104271,Audi,Petrol,Manual,First,2022,29207,2000,0,36448.0
104272,Mercedes,Petrol,Automatic,First,2017,54423,1200,0,31933.0
104273,Mercedes,Diesel,Manual,First,2021,44497,3500,0,42740.0
104274,Audi,Petrol,Automatic,First,2012,64244,1600,0,23644.0
104275,Ford,Diesel,Automatic,First,2025,3000,1800,1,32619.0
104276,Audi,Electric,Automatic,Second,2025,129185,1800,0,42202.0
104277,Kia,Diesel,Automatic,First,2019,86023,2200,0,19476.0
104278,Honda,Diesel,Manual,First,2016,96052,3500,0,25442.0
104279,Mercedes,Diesel,Manual,First,2024,69641,1200,0,36869.0
104280,Volkswagen,Petrol,Automatic,First,2018,100994,1400,0,17988.0
104281,Kia,Petrol,Automatic,First,2019,81824,1200,0,14909.0
104282,Kia,Electric,Manual,First,2018,89754,2200,0,23410.0
104283,Kia,Diesel,Automatic,First,2022,79671,2200,0,22291.0
104284,Hyundai,Petrol,Automatic,First,2023,105730,3000,0,27652.0
104285,Kia,Petrol,Automatic,First,2025,44033,1600,0,27531.0
104286,Mercedes,Diesel,Automatic,Second,2023,111842,1600,0,33328.0
104287,Honda,Hybrid,Manual,First,2021,60176,2000,0,31276.0
104288,Honda,Hybrid,Automatic,First,2023,40998,1400,0,30902.0
104289,Kia,Petrol,Automatic,Third,2024,78129,1400,0,20915.0
104290,Toyota,Electric,Manual,Second,2012,31858,3000,0,28428.0
104291,Mercedes,Diesel,Automatic,First,2017,50429,2200,0,35583.0
104292,Mercedes,Diesel,Manual,First,2022,56704,3000,0,45278.0
104293,BMW,Diesel,Automatic,Second,2022,58443,1200,1,35167.0
104294,Nissan,Petrol,Manual,First,2022,94160,1600,0,19023.0
104295,Ford,Electric,Automatic,First,2023,89804,2500,0,36348.0
104296,Ford,Petrol,Automatic,First,2012,55718,3000,0,19593.0
104297,Toyota,Petrol,Automatic,Third,2015,78258,1400,1,17356.0
104298,Ford,Hybrid,Automatic,Second,2015,128239,2500,1,18031.0
104299,BMW,Diesel,Manual,First,2019,28822,2500,0,38580.0
104300,Audi,Hybrid,Automatic,First,2017,34861,1400,0,34875.0
104301,Ford,Diesel,Manual,First,2024,66427,2500,0,29326.0
104302,Mercedes,Petrol,Automatic,First,2025,146344,2000,0,38327.0
104303,Audi,Electric,Manual,Third,2018,40263,3000,0,41369.0
104304,Ford,Petrol,Manual,First,2024,47462,1000,0,25103.0
104305,Mercedes,Hybrid,Automatic,Third,2025,81791,3000,1,44343.0
104306,Mercedes,Petrol,Automatic,First,2025,93441,2500,1,46100.0
104307,Kia,Hybrid,Manual,First,2023,65219,3500,0,34595.0
104308,Honda,Petrol,Automatic,First,2025,71835,2500,0,35824.0
104309,Toyota,Diesel,Automatic,Second,2021,64572,2500,0,31611.0
104310,BMW,Hybrid,Manual,First,2018,70402,3500,0,39766.0
104311,Hyundai,Diesel,Manual,Second,2018,21448,2200,1,16802.0
104312,Nissan,Diesel,Manual,First,2021,70234,1400,0,18008.0
104313,Ford,Hybrid,Automatic,First,2013,66079,2000,0,17074.0
104314,Ford,Diesel,Automatic,Second,2017,75918,3500,0,26158.0
104315,Audi,Electric,Manual,First,2019,48790,2500,0,40922.0
104316,Audi,Petrol,Automatic,First,2019,80023,2500,0,35508.0
104317,Nissan,Petrol,Automatic,First,2015,89380,1600,0,15197.0
104318,Ford,Petrol,Manual,First,2018,140739,2500,0,21085.0
104319,Volkswagen,Petrol,Automatic,Second,2020,50963,2500,0,27986.0
104320,BMW,Petrol,Automatic,First,2019,35635,1000,0,29821.0
104321,Ford,Diesel,Manual,Third,2013,70284,1800,1,9512.0
104322,Honda,Petrol,Automatic,Second,2024,80576,2200,0,35416.0
104323,Nissan,Petrol,Automatic,First,2022,68569,2500,1,25509.0
104324,Volkswagen,Petrol,Automatic,First,2019,68829,3000,0,30513.0
104325,BMW,Hybrid,Automatic,Second,2014,48371,2000,0,34299.0
104326,Ford,Diesel,Manual,Second,2015,18215,3500,0,25502.0
104327,Hyundai,Petrol,Automatic,First,2014,102360,1800,0,10264.0
104328,Kia,Hybrid,Automatic,Third,2019,113407,2500,0,21208.0
104329,Honda,Petrol,Automatic,Third,2015,42974,2000,0,18256.0
104330,Hyundai,Electric,Automatic,First,2022,46796,1200,1,29308.0
104331,Audi,Diesel,Manual,Second,2012,17540,3000,0,29364.0
104332,Audi,Petrol,Automatic,First,2020,53089,3000,0,43191.0
104333,Ford,Diesel,Automatic,Second,2020,75259,1000,0,19941.0
104334,Audi,Hybrid,Manual,First,2012,45660,3000,0,28463.0
104335,Honda,Petrol,Automatic,First,2019,87561,1800,1,22906.0
104336,BMW,Hybrid,Automatic,Second,2013,36801,3000,0,32631.0
104337,Mercedes,Petrol,Automatic,First,2018,83854,1800,0,36126.0
104338,Toyota,Petrol,Automatic,Second,2024,74282,3500,0,35142.0
104339,Nissan,Petrol,Manual,Second,2012,54707,2000,0,13838.0
104340,BMW,Petrol,Manual,First,2017,57404,3000,0,37071.0
104341,Mercedes,Petrol,Manual,First,2021,86339,2200,0,35551.0
104342,Volkswagen,Electric,Manual,Second,2023,146676,1600,0,29313.0
104343,Honda,Petrol,Manual,First,2022,61216,2000,1,27750.0
104344,Hyundai,Petrol,Manual,Second,2022,94844,2500,0,26354.0
104345,Mercedes,Diesel,Automatic,First,2021,113916,1800,2,30374.0
104346,Honda,Hybrid,Automatic,Second,2025,45236,1600,0,37532.0
104347,Kia,Electric,Manual,First,2025,38437,2200,0,35877.0
104348,Hyundai,Hybrid,Automatic,First,2019,65318,1400,2,18454.0
104349,Audi,Electric,Automatic,First,2022,70322,1600,0,44415.0
104350,Audi,Hybrid,Automatic,First,2017,80152,2200,0,33735.0
104351,Hyundai,Electric,Automatic,First,2020,41095,1800,0,32098.0
104352,Volkswagen,Diesel,Automatic,Second,2022,87364,1000,0,20180.0
104353,Volkswagen,Petrol,Automatic,First,2012,31521,2000,0,20024.0
104354,Volkswagen,Petrol,Automatic,First,2020,64454,3000,0,31234.0
104355,Mercedes,Diesel,Manual,First,2014,74457,3500,0,38497.0
104356,Nissan,Petrol,Manual,Second,2013,23837,1400,1,11273.0
104357,Mercedes,Petrol,Manual,Second,2023,77826,1600,0,32407.0
104358,Ford,Diesel,Manual,First,2019,58233,3500,0,28366.0
104359,Toyota,Electric,Automatic,Second,2021,51355,1200,0,29814.0
104360,Hyundai,Petrol,Automatic,Third,2016,74191,1400,0,16120.0
104361,BMW,Hybrid,Automatic,First,2024,21161,1800,0,45778.0
104362,Toyota,Diesel,Manual,Second,2012,77049,2000,0,13729.0
104363,Kia,Electric,Automatic,First,2012,28948,1200,0,17236.0
104364,Mercedes,Electric,Manual,Third,2013,75616,1200,0,31315.0
104365,Mercedes,Hybrid,Automatic,First,2018,68238,2000,0,41721.0
104366,Honda,Diesel,Manual,Third,2013,110092,1000,1,8923.0
104367,Toyota,Petrol,Automatic,First,2020,110130,1200,1,19815.0
104368,Honda,Diesel,Manual,First,2017,88102,1600,0,19837.0
104369,BMW,Hybrid,Automatic,Second,2015,62819,1000,1,25557.0
104370,Honda,Hybrid,Automatic,Second,2023,64629,1800,0,33728.0
104371,Toyota,Hybrid,Automatic,Second,2024,30723,1400,0,32717.0
104372,Hyundai,Petrol,Manual,Second,2025,11098,3500,0,36241.0
104373,Kia,Diesel,Automatic,Second,2015,97339,1000,0,7482.0
104374,Mercedes,Petrol,Manual,Second,2014,52001,1600,0,26571.0
104375,BMW,Petrol,Manual,First,2020,38457,1000,0,32504.0
104376,Mercedes,Petrol,Manual,First,2013,11811,1200,0,26978.0
104377,Ford,Petrol,Automatic,First,2020,68950,3500,0,32843.0
104378,Kia,Hybrid,Automatic,Second,2014,57016,2200,0,18503.0
104379,Nissan,Petrol,Automatic,First,2015,44498,1000,0,15091.0
104380,Honda,Petrol,Manual,First,2020,42983,2000,0,27794.0
104381,Audi,Electric,Manual,First,2014,72828,1600,0,31199.0
104382,Toyota,Petrol,Manual,Third,2017,66406,2000,2,19646.0
104383,Mercedes,Petrol,Automatic,First,2023,13314,1800,0,38995.0
104384,Honda,Petrol,Automatic,First,2016,38130,2000,0,26784.0
104385,BMW,Petrol,Manual,First,2017,90767,1800,1,26545.0
104386,Mercedes,Petrol,Automatic,First,2016,42121,1200,0,28286.0
104387,Nissan,Petrol,Manual,First,2024,92371,3500,1,28243.0
104388,Kia,Diesel,Automatic,First,2025,64879,1600,0,28632.0
104389,Kia,Petrol,Automatic,First,2022,50241,2200,0,27098.0
104390,Mercedes,Petrol,Manual,Second,2014,52658,1600,0,22682.0
104391,BMW,Hybrid,Automatic,Second,2013,82152,1800,0,28712.0
104392,Kia,Petrol,Automatic,First,2021,36585,1200,0,20483.0
104393,Kia,Electric,Manual,Second,2024,24569,1400,0,29400.0
104394,Nissan,Diesel,Manual,Second,2020,43022,1800,1,16601.0
104395,Toyota,Petrol,Manual,Second,2015,27005,1600,0,20737.0
104396,BMW,Hybrid,Manual,First,2021,32697,1400,1,38191.0
104397,BMW,Petrol,Automatic,First,2023,32201,1200,0,37912.0
104398,Hyundai,Petrol,Automatic,Second,2017,68916,3000,1,20237.0
104399,Hyundai,Diesel,Automatic,First,2020,5795,1200,2,18435.0
104400,Kia,Diesel,Automatic,First,2016,67743,3000,1,19764.0
104401,Audi,Hybrid,Automatic,First,2018,61173,1600,0,36987.0
104402,Hyundai,Electric,Manual,Second,2023,86178,3500,0,33868.0
104403,Kia,Petrol,Automatic,First,2025,73949,3000,1,32090.0
104404,Volkswagen,Diesel,Manual,First,2016,72824,3000,0,23057.0
104405,Ford,Diesel,Automatic,Second,2023,34669,3500,1,34227.0
104406,Ford,Electric,Automatic,Second,2020,52137,1800,0,30383.0
104407,BMW,Hybrid,Automatic,First,2013,18935,2200,1,33390.0
104408,Audi,Electric,Manual,First,2014,99808,1600,0,31944.0
104409,Nissan,Petrol,Automatic,Second,2016,105110,3500,0,22896.0
104410,Toyota,Hybrid,Automatic,First,2013,78335,1600,0,23243.0
104411,Hyundai,Petrol,Manual,Second,2023,28008,1000,0,19019.0
104412,Volkswagen,Petrol,Automatic,Second,2025,83758,3500,0,39253.0
104413,Kia,Electric,Automatic,First,2017,50614,3000,0,29562.0
104414,Audi,Petrol,Manual,First,2021,14556,3500,0,45049.0
104415,BMW,Electric,Automatic,First,2014,53410,2500,1,36668.0
104416,Hyundai,Petrol,Automatic,Second,2016,95334,3000,0,17465.0
104417,Audi,Hybrid,Manual,First,2016,58108,1000,0,30927.0
104418,Hyundai,Petrol,Automatic,First,2021,67852,1200,1,17953.0
104419,Toyota,Petrol,Automatic,First,2019,28568,2500,1,30730.0
104420,Toyota,Petrol,Automatic,First,2020,57347,2500,1,28669.0
104421,Nissan,Diesel,Automatic,First,2015,56537,1000,0,11029.0
104422,Ford,Petrol,Automatic,First,2021,33851,3500,0,34547.0
104423,Honda,Diesel,Automatic,Second,2012,70028,1800,0,19036.0
104424,Honda,Petrol,Automatic,First,2016,56447,2000,1,21167.0
104425,Hyundai,Petrol,Automatic,First,2015,80922,1800,0,13831.0
104426,Nissan,Petrol,Manual,Second,2016,48853,2000,1,16188.0
104427,Honda,Petrol,Automatic,Second,2022,68867,2200,0,29965.0
104428,BMW,Hybrid,Manual,Second,2025,42421,3500,0,48766.0
104429,Honda,Hybrid,Automatic,First,2020,16634,2000,0,31789.0
104430,Mercedes,Petrol,Automatic,First,2019,96590,1400,0,32987.0
104431,Kia,Diesel,Automatic,Second,2022,50341,2000,1,21389.0
104432,Nissan,Hybrid,Manual,Second,2022,37059,3000,0,33912.0
104433,BMW,Petrol,Automatic,Second,2022,80146,2000,0,34654.0
104434,Audi,Petrol,Automatic,Second,2019,64855,2000,2,29236.0
104435,BMW,Diesel,Automatic,First,2019,24815,1800,1,33680.0
104436,Ford,Petrol,Automatic,Second,2012,58136,1000,0,10583.0
104437,Audi,Petrol,Automatic,Second,2023,14684,1800,1,36272.0
104438,Volkswagen,Petrol,Automatic,First,2018,44433,1000,0,22406.0
104439,Kia,Diesel,Automatic,First,2024,105113,2500,1,25019.0
104440,Kia,Petrol,Manual,First,2015,32739,1000,0,12482.0
104441,Kia,Petrol,Automatic,First,2017,43175,2500,1,21024.0
104442,Kia,Petrol,Manual,First,2015,70694,1600,3,7042.0
104443,Hyundai,Petrol,Automatic,Second,2023,32417,1400,0,26853.0
104444,Kia,Petrol,Automatic,Second,2016,43020,1600,1,16546.0
104445,Kia,Electric,Automatic,Third,2016,95634,1200,1,13861.0
104446,Kia,Petrol,Automatic,First,2012,36865,1400,0,9333.0
104447,Nissan,Diesel,Automatic,First,2017,57081,1600,2,16709.0
104448,Hyundai,Petrol,Automatic,Second,2021,43297,3000,0,25962.0
104449,Toyota,Diesel,Automatic,First,2019,49261,3500,0,33848.0
104450,BMW,Diesel,Automatic,First,2024,68898,1200,1,35541.0
104451,BMW,Petrol,Automatic,Second,2016,64943,1400,0,24920.0
104452,Audi,Hybrid,Automatic,First,2025,46726,1600,1,40302.0
104453,Nissan,Diesel,Automatic,First,2021,61201,1400,1,19396.0
104454,Mercedes,Hybrid,Automatic,First,2024,92503,1400,0,42891.0
104455,BMW,Petrol,Manual,Third,2023,61945,3000,1,37961.0
104456,Honda,Electric,Automatic,First,2017,64418,1800,0,31710.0
104457,Mercedes,Hybrid,Automatic,First,2016,42847,3000,0,39256.0
104458,Kia,Electric,Manual,Third,2012,80347,2000,0,14715.0
104459,Kia,Diesel,Manual,First,2016,34667,3500,0,24208.0
104460,Hyundai,Diesel,Manual,First,2013,104744,2500,1,11652.0
104461,Mercedes,Hybrid,Manual,Second,2015,61484,1000,0,29216.0
104462,Honda,Hybrid,Manual,First,2013,55705,2500,0,22883.0
104463,Hyundai,Electric,Manual,First,2019,100393,1000,1,20058.0
104464,Audi,Petrol,Automatic,Second,2025,86045,3000,0,40865.0
104465,Mercedes,Hybrid,Automatic,First,2024,106931,1400,1,38837.0
104466,Nissan,Petrol,Manual,Second,2024,91928,3000,0,29118.0
104467,Kia,Diesel,Manual,First,2018,46812,2500,0,23347.0
104468,Kia,Petrol,Manual,First,2020,49944,2200,0,18961.0
104469,Ford,Petrol,Automatic,First,2015,71885,1000,0,12843.0
104470,Hyundai,Electric,Automatic,First,2016,55056,2200,0,26148.0
104471,Toyota,Petrol,Manual,First,2020,93779,1200,0,23767.0
104472,Toyota,Diesel,Automatic,First,2020,36684,1200,0,22321.0
104473,Hyundai,Diesel,Manual,First,2013,60866,3000,0,13575.0
104474,Nissan,Petrol,Automatic,Second,2023,53728,3000,0,33942.0
104475,Volkswagen,Petrol,Manual,First,2022,53106,1000,1,26985.0
104476,Hyundai,Diesel,Manual,First,2025,64122,2200,0,27723.0
104477,Nissan,Petrol,Automatic,Second,2012,52516,1800,0,12373.0
104478,Audi,Hybrid,Automatic,First,2014,52970,2000,0,31976.0
104479,Kia,Electric,Automatic,Second,2021,31721,1000,0,22740.0
104480,Honda,Petrol,Manual,Second,2012,63313,2000,0,15538.0
104481,Volkswagen,Petrol,Manual,Third,2017,43491,1000,0,12928.0
104482,Mercedes,Diesel,Automatic,First,2019,42691,1600,0,34359.0
104483,Volkswagen,Diesel,Automatic,Third,2015,61563,1200,0,14906.0
104484,Honda,Petrol,Manual,Second,2022,72672,1200,0,23630.0
104485,Ford,Petrol,Manual,Second,2015,116430,1000,2,8517.0
104486,Kia,Diesel,Automatic,Third,2022,45419,2200,2,18521.0
104487,Toyota,Electric,Automatic,Second,2021,86455,1200,0,35183.0
104488,Nissan,Petrol,Manual,Second,2012,56686,2200,1,11714.0
104489,Hyundai,Petrol,Automatic,First,2020,109283,1200,0,14100.0
104490,Hyundai,Electric,Manual,Second,2021,123641,2200,0,26273.0
104491,Toyota,Diesel,Automatic,First,2019,35647,1600,1,26991.0
104492,Volkswagen,Diesel,Manual,First,2025,69108,3000,0,32692.0
104493,Kia,Diesel,Automatic,Second,2025,75359,1000,0,19692.0
104494,BMW,Electric,Manual,Third,2024,106720,1400,1,38689.0
104495,Nissan,Diesel,Automatic,Second,2014,37083,1800,0,15260.0
104496,Audi,Hybrid,Automatic,Second,2025,95343,2200,1,38997.0
104497,Honda,Diesel,Automatic,Second,2025,66218,2200,0,33198.0
104498,Volkswagen,Diesel,Manual,First,2014,9743,2000,1,17540.0
104499,Mercedes,Petrol,Automatic,First,2024,62550,1800,0,44552.0
104500,Ford,Petrol,Automatic,First,2021,85284,1800,0,24779.0
104501,Hyundai,Hybrid,Automatic,First,2015,105929,1600,0,16824.0
104502,Volkswagen,Petrol,Automatic,Second,2015,69832,3000,3,17319.0
104503,Ford,Diesel,Automatic,Second,2013,62994,2500,0,16544.0
104504,Honda,Petrol,Automatic,First,2015,11056,3000,0,31386.0
104505,Hyundai,Hybrid,Automatic,First,2013,75033,2200,0,17069.0
104506,Hyundai,Petrol,Manual,First,2022,45671,1800,0,21581.0
104507,BMW,Hybrid,Manual,First,2022,56287,3500,0,45383.0
104508,Volkswagen,Diesel,Manual,First,2018,91555,1200,1,14905.0
104509,Kia,Petrol,Automatic,First,2016,81092,1600,0,14856.0
104510,Toyota,Diesel,Manual,First,2018,79179,2000,0,22308.0
104511,Toyota,Petrol,Automatic,Third,2017,38290,2500,0,25631.0
104512,Audi,Petrol,Automatic,First,2013,22609,1800,0,30061.0
104513,Mercedes,Petrol,Automatic,Second,2025,43910,3000,0,47218.0
104514,Ford,Petrol,Automatic,Second,2023,27322,1600,0,30286.0
104515,Volkswagen,Electric,Automatic,First,2013,97566,2000,0,22015.0
104516,Nissan,Petrol,Automatic,Second,2012,70538,1600,2,6644.0
104517,Mercedes,Diesel,Manual,Second,2024,120505,2000,0,37953.0
104518,BMW,Petrol,Automatic,First,2012,78315,3500,0,33125.0
104519,Hyundai,Diesel,Automatic,First,2024,107655,1400,1,21022.0
104520,Kia,Petrol,Automatic,Second,2016,77864,2500,0,16846.0
104521,Volkswagen,Diesel,Automatic,First,2016,98207,1600,1,15757.0
104522,Mercedes,Diesel,Automatic,First,2018,65394,2200,1,30625.0
104523,Mercedes,Diesel,Automatic,First,2012,102637,3500,0,34242.0
104524,Kia,Petrol,Automatic,First,2016,91004,2500,0,19738.0
104525,Audi,Diesel,Automatic,Second,2013,23398,3000,0,30131.0
104526,Ford,Petrol,Manual,Second,2021,91895,1200,0,15570.0
104527,Ford,Petrol,Automatic,Second,2012,85407,1400,0,9620.0
104528,Mercedes,Petrol,Automatic,First,2018,7099,3000,0,40087.0
104529,Honda,Petrol,Manual,Third,2014,60989,2200,1,19034.0
104530,Mercedes,Diesel,Automatic,Second,2022,96618,2200,0,35311.0
104531,Mercedes,Diesel,Automatic,Second,2020,3000,1600,0,39341.0
104532,Kia,Petrol,Automatic,First,2016,85206,1000,0,10489.0
104533,Hyundai,Petrol,Manual,First,2016,76127,2500,0,19044.0
104534,Kia,Petrol,Automatic,Second,2016,66534,3500,0,23062.0
104535,Volkswagen,Diesel,Manual,First,2020,159968,3000,1,25540.0
104536,Mercedes,Diesel,Automatic,Second,2024,86649,1600,0,35693.0
104537,Ford,Petrol,Automatic,Second,2021,48959,1000,0,19183.0
104538,Nissan,Diesel,Automatic,First,2024,56277,3000,1,31000.0
104539,Ford,Diesel,Manual,Second,2012,92098,1800,0,14474.0
104540,Toyota,Diesel,Manual,First,2016,83237,2000,0,19744.0
104541,Audi,Diesel,Automatic,Second,2021,57193,1200,0,31631.0
104542,BMW,Diesel,Automatic,Third,2017,95152,1800,0,28315.0
104543,Volkswagen,Diesel,Automatic,Third,2020,33796,1000,1,20010.0
104544,Volkswagen,Petrol,Automatic,Second,2014,91767,1400,1,15119.0
104545,Audi,Petrol,Automatic,First,2012,51268,1000,0,22311.0
104546,Nissan,Petrol,Automatic,Second,2023,84683,1000,0,22718.0
104547,BMW,Diesel,Manual,Second,2022,119330,3000,0,39439.0
104548,Hyundai,Hybrid,Automatic,First,2022,9305,2000,0,31778.0
104549,Mercedes,Petrol,Automatic,First,2019,54401,2500,0,38531.0
104550,BMW,Petrol,Automatic,Second,2020,3000,1800,0,38412.0
104551,Nissan,Hybrid,Automatic,First,2023,84052,3000,0,36342.0
104552,Honda,Hybrid,Automatic,Third,2022,99884,1600,0,26722.0
104553,Toyota,Hybrid,Manual,First,2017,45082,3500,0,35535.0
104554,BMW,Diesel,Automatic,First,2016,78229,2500,0,33373.0
104555,BMW,Hybrid,Manual,First,2023,74853,2000,2,38600.0
104556,Toyota,Petrol,Automatic,Second,2019,75542,3500,0,25789.0
104557,Mercedes,Petrol,Automatic,Third,2023,84593,1800,0,38330.0
104558,BMW,Petrol,Automatic,First,2017,81571,1800,1,30156.0
104559,Toyota,Diesel,Manual,Second,2017,51414,1400,0,20034.0
104560,Toyota,Petrol,Automatic,Second,2020,54184,1600,0,24661.0
104561,Toyota,Diesel,Automatic,Second,2020,20303,3500,0,33107.0
104562,Kia,Diesel,Automatic,Second,2012,3000,1800,0,12189.0
104563,Nissan,Petrol,Manual,First,2023,63937,3000,1,27120.0
104564,Kia,Hybrid,Automatic,First,2013,116242,3500,0,23216.0
104565,Honda,Petrol,Automatic,First,2012,35740,1400,1,15122.0
104566,Hyundai,Petrol,Automatic,First,2013,47397,1800,1,12395.0
104567,Kia,Hybrid,Automatic,First,2014,66870,3000,0,23730.0
104568,Kia,Petrol,Automatic,First,2024,54819,1000,1,24297.0
104569,Nissan,Diesel,Automatic,Second,2025,64078,1800,1,27106.0
104570,Hyundai,Hybrid,Manual,First,2024,75532,1600,1,28795.0
104571,Audi,Electric,Automatic,Second,2013,71205,1000,0,29512.0
104572,Toyota,Hybrid,Manual,Second,2017,36265,1000,0,24416.0
104573,Volkswagen,Petrol,Manual,Third,2015,33309,2200,0,20715.0
104574,Hyundai,Diesel,Automatic,Second,2016,71386,2000,1,16181.0
104575,Honda,Petrol,Automatic,Third,2021,24313,1000,0,23128.0
104576,Mercedes,Petrol,Manual,First,2020,97501,1600,0,30908.0
104577,Honda,Petrol,Manual,Second,2013,73606,2200,0,17108.0
104578,Toyota,Petrol,Automatic,First,2014,98819,2000,0,22982.0
104579,Hyundai,Hybrid,Manual,Second,2025,80236,3500,0,32595.0
104580,Honda,Petrol,Automatic,First,2021,62795,1200,0,25195.0
104581,Honda,Diesel,Manual,Second,2012,95301,3000,2,14216.0
104582,Audi,Petrol,Automatic,First,2013,64313,3500,1,32393.0
104583,Audi,Diesel,Automatic,First,2012,52769,1400,0,24666.0
104584,Hyundai,Electric,Automatic,Second,2025,15489,1200,0,31687.0
104585,Toyota,Petrol,Manual,Third,2020,60529,1000,0,21453.0
104586,Kia,Diesel,Automatic,First,2014,40913,1400,0,14525.0
104587,Ford,Petrol,Manual,Third,2014,42692,2000,2,11313.0
104588,BMW,Petrol,Manual,First,2024,49970,3500,0,48768.0
104589,Volkswagen,Diesel,Manual,Second,2018,80544,1000,1,15246.0
104590,BMW,Hybrid,Manual,Third,2012,34133,1200,2,26845.0
104591,Nissan,Petrol,Automatic,First,2020,25726,3000,0,32812.0
104592,Audi,Petrol,Manual,First,2018,11202,1000,0,29834.0
104593,Hyundai,Petrol,Automatic,First,2020,77789,1000,0,17176.0
104594,BMW,Hybrid,Automatic,First,2019,85344,3000,1,43413.0
104595,Toyota,Diesel,Manual,Second,2016,48780,1400,1,16661.0
104596,Volkswagen,Diesel,Automatic,Second,2023,50663,2000,0,27039.0
104597,BMW,Diesel,Automatic,Third,2014,91061,1400,0,22841.0
104598,Volkswagen,Hybrid,Automatic,First,2022,60486,1200,1,24553.0
104599,Mercedes,Hybrid,Manual,First,2020,76195,1400,0,36658.0
104600,Toyota,Hybrid,Automatic,First,2016,71932,3500,0,33563.0
104601,Ford,Hybrid,Manual,Third,2020,35012,1600,0,22385.0
104602,Honda,Diesel,Automatic,First,2014,77690,1000,0,17547.0
104603,Volkswagen,Diesel,Automatic,Third,2017,69958,1400,1,18349.0
104604,Toyota,Hybrid,Manual,First,2024,47851,2200,0,33793.0
104605,Volkswagen,Electric,Automatic,Second,2013,54762,1200,1,21446.0
104606,Volkswagen,Petrol,Manual,First,2014,23743,2200,1,21481.0
104607,Kia,Petrol,Manual,Second,2013,88954,1600,0,7932.0
104608,Kia,Electric,Automatic,Second,2023,70673,2200,2,27229.0
104609,Toyota,Petrol,Automatic,Second,2013,68888,1400,0,15389.0
104610,Kia,Hybrid,Automatic,Second,2016,67435,2200,0,21015.0
104611,Nissan,Petrol,Manual,First,2021,76618,3500,0,27843.0
104612,Ford,Petrol,Automatic,First,2015,19959,2200,0,25681.0
104613,Hyundai,Petrol,Automatic,Second,2022,147420,1400,1,16443.0
104614,Toyota,Petrol,Automatic,First,2015,86515,2000,0,25111.0
104615,Toyota,Petrol,Automatic,Second,2024,75871,3000,1,33002.0
104616,Nissan,Diesel,Manual,Second,2019,120464,2200,0,16530.0
104617,Audi,Diesel,Manual,First,2025,75526,1800,0,35918.0
104618,Audi,Electric,Automatic,Second,2017,122771,1000,0,30240.0
104619,Kia,Petrol,Manual,Second,2021,128617,2500,0,20183.0
104620,Hyundai,Diesel,Manual,Second,2013,105908,1600,2,4490.0
104621,Kia,Diesel,Automatic,Second,2024,64872,1200,0,20457.0
104622,Mercedes,Diesel,Automatic,First,2012,62957,3000,1,30704.0
104623,Mercedes,Diesel,Manual,Third,2016,54146,1400,0,30671.0
104624,Honda,Petrol,Manual,First,2018,89306,2000,0,23374.0
104625,Mercedes,Petrol,Manual,Second,2016,34130,1400,0,34430.0
104626,Audi,Petrol,Automatic,First,2023,60493,2200,0,39113.0
104627,Ford,Petrol,Manual,First,2015,3000,1200,0,16545.0
104628,Mercedes,Diesel,Automatic,Second,2016,33703,1600,0,29920.0
104629,Kia,Petrol,Manual,First,2022,67980,3500,0,30604.0
104630,Volkswagen,Hybrid,Manual,Third,2021,82602,3000,0,31395.0
104631,Toyota,Electric,Manual,First,2019,95228,2500,0,34998.0
104632,Ford,Electric,Manual,First,2016,67319,2500,0,25565.0
104633,Ford,Electric,Automatic,First,2020,48350,2500,2,31132.0
104634,Kia,Petrol,Manual,First,2021,47320,2200,0,21502.0
104635,Toyota,Diesel,Automatic,Second,2018,45393,2000,2,22988.0
104636,Audi,Petrol,Manual,First,2022,126022,2500,0,34530.0
104637,Ford,Hybrid,Automatic,First,2024,52130,2200,0,35180.0
104638,Honda,Hybrid,Automatic,First,2025,76589,1000,0,31244.0
104639,Kia,Hybrid,Automatic,First,2022,58005,2000,0,30997.0
104640,Ford,Petrol,Manual,First,2025,82863,2500,0,30216.0
104641,Hyundai,Hybrid,Automatic,Second,2013,35755,1800,2,16958.0
104642,Toyota,Petrol,Automatic,Second,2020,48924,2000,0,24231.0
104643,Mercedes,Petrol,Manual,Second,2013,78590,1200,0,21274.0
104644,Ford,Hybrid,Manual,Third,2017,44931,1200,0,23166.0
104645,Kia,Petrol,Automatic,Second,2025,85209,1200,0,21873.0
104646,Mercedes,Electric,Automatic,First,2019,80815,2000,0,40967.0
104647,Honda,Petrol,Automatic,First,2013,65101,1800,0,20491.0
104648,Mercedes,Hybrid,Manual,Third,2017,58549,2000,0,33729.0
104649,Hyundai,Diesel,Manual,Second,2016,59468,2000,0,18026.0
104650,Audi,Hybrid,Manual,First,2018,89566,1600,0,28992.0
104651,Ford,Hybrid,Automatic,Second,2021,80544,2200,2,23226.0
104652,BMW,Electric,Automatic,Third,2024,112131,3000,0,44197.0
104653,BMW,Petrol,Manual,Second,2016,27624,2200,1,31392.0
104654,Mercedes,Electric,Automatic,First,2025,21849,2000,0,51489.0
104655,Nissan,Petrol,Automatic,Third,2025,54378,1400,0,25677.0
104656,Toyota,Petrol,Automatic,Third,2014,58200,2000,1,18530.0
104657,BMW,Petrol,Manual,First,2017,62564,2500,0,35282.0
104658,Nissan,Hybrid,Manual,Second,2018,110632,2500,0,24464.0
104659,BMW,Diesel,Automatic,Second,2012,75086,1600,0,25948.0
104660,Nissan,Hybrid,Manual,First,2019,71598,1800,0,23255.0
104661,Toyota,Diesel,Automatic,Second,2019,48439,1600,0,25459.0
104662,Volkswagen,Petrol,Automatic,First,2024,60618,1200,0,31393.0
104663,BMW,Electric,Automatic,Second,2015,69314,1800,0,37106.0
104664,Hyundai,Petrol,Automatic,Third,2025,60663,1000,0,21449.0
104665,Ford,Hybrid,Automatic,First,2025,69998,1200,0,32767.0
104666,Nissan,Petrol,Manual,First,2019,77470,2200,1,18482.0
104667,Ford,Diesel,Automatic,Third,2014,92567,1800,0,10430.0
104668,Kia,Petrol,Automatic,Third,2024,92607,3500,1,24917.0
104669,Kia,Petrol,Automatic,First,2016,76058,2500,0,17685.0
104670,Toyota,Petrol,Automatic,Third,2014,102825,2000,0,16961.0
104671,Nissan,Petrol,Automatic,First,2013,74675,2500,0,19112.0
104672,Honda,Petrol,Automatic,First,2016,41527,1200,2,21525.0
104673,Kia,Petrol,Manual,Second,2019,16838,2500,0,19777.0
104674,Toyota,Diesel,Manual,Second,2020,106393,3000,0,27406.0
104675,Kia,Hybrid,Manual,Second,2016,47985,2500,1,21385.0
104676,Kia,Diesel,Automatic,First,2014,92667,2200,0,15658.0
104677,Honda,Hybrid,Manual,First,2023,109736,2500,0,30200.0
104678,BMW,Diesel,Automatic,Third,2014,37222,1200,0,24998.0
104679,Mercedes,Diesel,Automatic,First,2019,39985,2000,0,36015.0
104680,Volkswagen,Diesel,Automatic,First,2014,92843,2200,0,19678.0
104681,Kia,Petrol,Automatic,Second,2020,78070,3000,1,25332.0
104682,Kia,Diesel,Manual,Second,2021,57358,1400,0,15028.0
104683,Hyundai,Petrol,Automatic,First,2012,74133,2000,1,11937.0
104684,Volkswagen,Hybrid,Automatic,First,2012,87369,2500,2,20270.0
104685,Honda,Hybrid,Automatic,Second,2016,90627,1600,0,24803.0
104686,Ford,Petrol,Manual,Third,2015,109239,1800,0,13408.0
104687,Nissan,Hybrid,Manual,First,2014,45907,1200,0,17551.0
104688,Kia,Petrol,Automatic,Second,2012,100823,3500,0,14314.0
104689,Mercedes,Petrol,Manual,First,2018,123985,2200,0,32575.0
104690,Nissan,Petrol,Manual,Second,2012,81143,2500,0,11278.0
104691,Volkswagen,Hybrid,Automatic,First,2017,111155,2000,0,24281.0
104692,Nissan,Hybrid,Automatic,Second,2021,59656,3000,0,33517.0
104693,BMW,Hybrid,Automatic,First,2013,70927,1400,1,27746.0
104694,Kia,Petrol,Automatic,First,2025,80654,3000,0,31031.0
104695,Nissan,Diesel,Manual,Second,2015,70412,3000,0,20133.0
104696,Ford,Diesel,Automatic,First,2019,44120,3000,0,25721.0
104697,Ford,Petrol,Automatic,Second,2014,32431,2000,0,21769.0
104698,Kia,Diesel,Manual,First,2020,94498,3000,0,21161.0
104699,Audi,Petrol,Automatic,First,2016,91941,2200,0,27981.0
104700,Ford,Petrol,Automatic,First,2017,14658,2500,1,22663.0
104701,Nissan,Diesel,Automatic,First,2013,86084,2500,0,18302.0
104702,Toyota,Diesel,Automatic,First,2012,76757,2500,0,18383.0
104703,Ford,Petrol,Automatic,Second,2016,49247,1400,0,18461.0
104704,Volkswagen,Petrol,Manual,Second,2012,76298,2000,0,12457.0
104705,Audi,Petrol,Automatic,Second,2015,36522,2200,1,29345.0
104706,Nissan,Petrol,Manual,First,2019,52683,1600,0,19971.0
104707,Honda,Petrol,Automatic,First,2025,40630,1600,0,31056.0
104708,Hyundai,Petrol,Automatic,First,2023,91810,2200,0,25505.0
104709,Honda,Diesel,Manual,Second,2024,55627,1200,0,24990.0
104710,BMW,Petrol,Automatic,First,2013,50712,2500,0,32030.0
104711,Hyundai,Hybrid,Manual,First,2017,44163,2000,0,21636.0
104712,BMW,Diesel,Manual,First,2023,87433,3000,0,41660.0
104713,Hyundai,Petrol,Automatic,First,2021,83766,1800,2,17945.0
104714,Hyundai,Petrol,Automatic,First,2024,54223,3500,0,33410.0
104715,Toyota,Hybrid,Manual,First,2025,78303,3500,0,42661.0
104716,Mercedes,Petrol,Manual,First,2016,3000,1000,0,32917.0
104717,Volkswagen,Petrol,Automatic,First,2012,40005,2200,1,17703.0
104718,Honda,Petrol,Automatic,Second,2019,101111,1600,0,22395.0
104719,Ford,Diesel,Automatic,Second,2016,58085,3500,0,23454.0
104720,Nissan,Diesel,Automatic,Second,2020,30961,1600,1,20626.0
104721,Audi,Electric,Manual,First,2013,117932,1400,0,23907.0
104722,Volkswagen,Hybrid,Automatic,First,2017,16187,1800,0,28340.0
104723,BMW,Petrol,Automatic,Second,2018,28309,2000,0,35458.0
104724,Toyota,Petrol,Automatic,First,2012,38812,1400,0,19208.0
104725,BMW,Petrol,Automatic,First,2025,43196,2500,1,46686.0
104726,Mercedes,Petrol,Automatic,Third,2021,105704,1200,0,29291.0
104727,Audi,Petrol,Automatic,Third,2015,59206,2200,0,25017.0
104728,Toyota,Petrol,Automatic,Second,2013,134738,1000,0,9893.0
104729,BMW,Petrol,Automatic,Third,2018,6770,3000,0,38888.0
104730,Mercedes,Petrol,Automatic,Second,2014,95186,3000,2,26148.0
104731,Nissan,Petrol,Automatic,Second,2020,53122,1800,0,20588.0
104732,Nissan,Electric,Manual,First,2019,53153,1200,0,24385.0
104733,BMW,Diesel,Manual,Third,2023,51024,2000,0,38709.0
104734,Volkswagen,Electric,Automatic,Second,2021,56346,3500,0,40886.0
104735,Audi,Petrol,Automatic,First,2024,91733,1800,1,38977.0
104736,Kia,Diesel,Manual,First,2018,45316,1600,1,13983.0
104737,Volkswagen,Petrol,Automatic,First,2019,65097,1200,0,22873.0
104738,Nissan,Petrol,Manual,Third,2012,97810,1800,0,8177.0
104739,Audi,Petrol,Manual,Second,2021,3000,2500,0,34851.0
104740,Mercedes,Electric,Automatic,First,2023,126467,1200,0,39398.0
104741,Toyota,Electric,Automatic,First,2017,101815,2200,0,30023.0
104742,Hyundai,Petrol,Automatic,Third,2018,79961,1400,1,14940.0
104743,BMW,Petrol,Automatic,Second,2018,77314,2000,2,27682.0
104744,Honda,Petrol,Manual,First,2024,72671,1600,0,29353.0
104745,Audi,Petrol,Manual,First,2025,47274,2000,0,38291.0
104746,Ford,Petrol,Automatic,First,2020,91173,1200,1,21523.0
104747,Mercedes,Petrol,Automatic,First,2018,59663,3500,1,39872.0
104748,Kia,Diesel,Automatic,Second,2023,35478,1800,0,24115.0
104749,Hyundai,Petrol,Automatic,First,2018,103733,1200,0,14887.0
104750,Ford,Petrol,Manual,First,2024,39296,2500,0,28397.0
104751,Kia,Petrol,Manual,Second,2017,92241,3000,0,17454.0
104752,Honda,Petrol,Automatic,First,2014,60493,2500,1,23117.0
104753,Nissan,Electric,Automatic,Third,2024,82467,1000,0,26935.0
104754,Volkswagen,Petrol,Automatic,First,2017,36583,1800,0,23316.0
104755,BMW,Hybrid,Automatic,First,2020,35799,1600,0,36819.0
104756,Toyota,Hybrid,Automatic,First,2022,88151,1600,0,30921.0
104757,Kia,Electric,Automatic,First,2021,111444,2200,1,27960.0
104758,Hyundai,Hybrid,Automatic,First,2014,101376,3500,0,25966.0
104759,Audi,Diesel,Manual,First,2014,74988,3500,1,29009.0
104760,Nissan,Hybrid,Automatic,Second,2022,31922,1600,0,31268.0
104761,Audi,Petrol,Automatic,First,2018,3000,1000,0,35584.0
104762,Hyundai,Diesel,Manual,First,2018,121957,1400,0,12772.0
104763,Audi,Electric,Manual,Third,2016,48885,2500,0,34267.0
104764,Kia,Hybrid,Automatic,First,2019,104951,3500,0,28571.0
104765,Mercedes,Electric,Automatic,Second,2019,82604,2200,0,41815.0
104766,Audi,Hybrid,Manual,First,2022,3000,1200,1,37738.0
104767,Volkswagen,Hybrid,Automatic,First,2022,60122,2200,1,27692.0
104768,Honda,Diesel,Automatic,First,2013,78913,1200,0,15903.0
104769,Toyota,Hybrid,Automatic,First,2022,14947,2000,1,36451.0
104770,Kia,Diesel,Automatic,Third,2017,53290,2500,1,19082.0
104771,Ford,Electric,Automatic,First,2016,32669,1400,1,28501.0
104772,Hyundai,Hybrid,Automatic,Second,2015,107726,1400,0,11289.0
104773,Nissan,Hybrid,Manual,Second,2018,40565,2500,0,27384.0
104774,Kia,Diesel,Manual,First,2015,78290,2500,1,13603.0
104775,Mercedes,Petrol,Manual,Second,2016,40147,3500,0,35728.0
104776,Nissan,Petrol,Automatic,First,2019,45009,2000,0,25331.0
104777,Volkswagen,Electric,Automatic,Second,2016,60213,1000,1,24041.0
104778,Hyundai,Diesel,Manual,Second,2022,68235,1400,0,19279.0
104779,Nissan,Petrol,Automatic,First,2024,66495,3500,0,34254.0
104780,Audi,Petrol,Automatic,First,2022,14804,2200,0,40326.0
104781,Kia,Hybrid,Automatic,First,2020,92592,1200,0,24645.0
104782,Honda,Hybrid,Automatic,First,2021,111434,3000,0,33708.0
104783,Hyundai,Hybrid,Automatic,First,2013,70561,3000,0,23208.0
104784,BMW,Diesel,Automatic,Third,2013,61158,1200,0,22473.0
104785,Volkswagen,Petrol,Manual,First,2020,98177,2000,1,21975.0
104786,Toyota,Petrol,Automatic,First,2013,81613,1200,0,18472.0
104787,Hyundai,Petrol,Manual,First,2014,64921,1000,0,13010.0
104788,Mercedes,Hybrid,Manual,First,2017,52073,3500,0,41918.0
104789,Kia,Petrol,Automatic,First,2015,66062,3000,0,19327.0
104790,Audi,Diesel,Manual,First,2019,11889,1800,1,33384.0
104791,Toyota,Diesel,Manual,First,2019,73560,1000,0,20053.0
104792,Toyota,Diesel,Automatic,First,2013,110020,2200,0,15778.0
104793,Volkswagen,Electric,Automatic,Second,2013,3216,1400,0,22128.0
104794,Nissan,Petrol,Automatic,Third,2014,3000,2000,0,18689.0
104795,Mercedes,Hybrid,Manual,First,2025,90630,1600,0,42072.0
104796,Nissan,Petrol,Automatic,Second,2022,130835,1400,0,15128.0
104797,Audi,Petrol,Automatic,First,2013,125328,2000,0,23242.0
104798,Toyota,Petrol,Automatic,Second,2016,59022,2500,0,26339.0
104799,Mercedes,Petrol,Automatic,First,2012,85289,2000,0,28709.0
104800,Mercedes,Hybrid,Automatic,Second,2018,102608,2000,1,33242.0
104801,Ford,Diesel,Automatic,Second,2019,22878,1800,1,23741.0
104802,Kia,Petrol,Manual,Second,2023,11601,1800,0,21779.0
104803,Toyota,Petrol,Manual,Second,2015,59451,1000,2,14690.0
104804,Toyota,Diesel,Manual,Second,2018,38931,1600,0,22358.0
104805,Mercedes,Hybrid,Automatic,First,2020,75480,2500,0,43906.0
104806,Nissan,Petrol,Manual,Second,2018,55074,2000,0,19657.0
104807,Toyota,Diesel,Automatic,First,2013,120730,2200,1,18392.0
104808,Mercedes,Hybrid,Automatic,First,2013,87119,3000,0,39527.0
104809,Toyota,Diesel,Manual,First,2021,61188,2500,0,33451.0
104810,Mercedes,Petrol,Automatic,Second,2021,4274,1600,1,35317.0
104811,Ford,Diesel,Automatic,First,2021,79577,2200,0,25725.0
104812,Kia,Diesel,Automatic,Second,2017,75140,1400,0,16539.0
104813,Mercedes,Diesel,Automatic,Second,2019,59101,1800,0,32964.0
104814,Toyota,Diesel,Manual,First,2023,48712,1400,0,32212.0
104815,Audi,Electric,Automatic,First,2021,49902,2200,0,44590.0
104816,Kia,Petrol,Manual,Third,2022,110801,1400,1,12285.0
104817,Ford,Electric,Automatic,Second,2024,106763,2500,0,34814.0
104818,Mercedes,Diesel,Automatic,First,2021,55971,3500,0,44380.0
104819,Audi,Diesel,Automatic,First,2025,78760,2500,0,41647.0
104820,Mercedes,Petrol,Automatic,First,2022,80744,2000,0,39523.0
104821,Nissan,Petrol,Manual,First,2023,28217,3000,0,30854.0
104822,Toyota,Hybrid,Automatic,First,2014,45339,1200,0,23092.0
104823,Hyundai,Diesel,Automatic,Third,2012,106371,2000,0,7558.0
104824,Volkswagen,Petrol,Manual,Third,2012,35981,1600,1,11341.0
104825,Honda,Diesel,Automatic,Second,2022,49478,2200,0,28502.0
104826,Nissan,Petrol,Automatic,First,2013,60277,1000,0,11599.0
104827,Audi,Electric,Automatic,First,2021,59572,1600,0,42684.0
104828,Nissan,Hybrid,Automatic,Second,2017,38348,3500,0,30889.0
104829,BMW,Petrol,Automatic,Second,2013,55368,1600,1,26751.0
104830,Mercedes,Hybrid,Automatic,First,2017,7983,2000,0,40822.0
104831,Mercedes,Electric,Manual,Second,2022,85014,3500,1,47984.0
104832,Honda,Petrol,Automatic,Second,2012,62742,2000,0,18606.0
104833,Honda,Diesel,Manual,Second,2020,22779,2000,0,26574.0
104834,BMW,Petrol,Automatic,First,2023,48036,1600,0,35864.0
104835,Toyota,Diesel,Automatic,Second,2025,3000,1800,1,32161.0
104836,Volkswagen,Petrol,Manual,First,2018,31233,2500,1,29076.0
104837,Hyundai,Petrol,Manual,Second,2012,14029,1400,0,11527.0
104838,Hyundai,Petrol,Automatic,First,2020,134382,2000,0,17354.0
104839,Ford,Petrol,Automatic,First,2024,73826,1000,1,27494.0
104840,Ford,Hybrid,Manual,First,2020,66726,3500,0,31510.0
104841,Toyota,Petrol,Manual,First,2022,37670,2000,0,27005.0
104842,Ford,Petrol,Manual,Third,2025,74046,3000,0,31008.0
104843,Ford,Hybrid,Manual,First,2021,70290,2500,0,30064.0
104844,BMW,Diesel,Automatic,Third,2022,89037,1800,2,30009.0
104845,BMW,Diesel,Automatic,First,2017,51178,2200,0,34543.0
104846,Ford,Electric,Manual,First,2013,47466,1800,0,21024.0
104847,Nissan,Hybrid,Automatic,Second,2013,46696,1400,0,16764.0
104848,Kia,Petrol,Automatic,First,2023,57906,3000,0,29590.0
104849,Kia,Diesel,Manual,Second,2025,70249,2200,0,27883.0
104850,Toyota,Electric,Automatic,First,2019,104733,2500,0,35010.0
104851,Hyundai,Petrol,Manual,Second,2020,102884,2200,0,20862.0
104852,Honda,Petrol,Manual,First,2015,59447,2200,0,22370.0
104853,Toyota,Petrol,Automatic,Second,2013,140247,2500,0,14344.0
104854,Ford,Petrol,Automatic,First,2016,80255,2500,0,19798.0
104855,BMW,Diesel,Automatic,Second,2024,82654,2000,1,41801.0
104856,Mercedes,Hybrid,Automatic,Second,2018,90197,1600,0,28448.0
104857,Nissan,Electric,Automatic,First,2025,103412,1800,0,33298.0
104858,Audi,Hybrid,Automatic,First,2015,94926,2000,0,27298.0
104859,BMW,Petrol,Manual,Second,2023,48478,3000,0,42682.0
104860,Kia,Petrol,Automatic,Third,2020,54768,1800,0,17259.0
104861,BMW,Electric,Automatic,First,2023,26071,3000,0,52760.0
104862,Nissan,Petrol,Automatic,Second,2015,82303,3000,0,20752.0
104863,Honda,Petrol,Automatic,First,2019,94162,2500,1,27794.0
104864,Ford,Electric,Manual,First,2014,95819,3500,0,27448.0
104865,Mercedes,Diesel,Automatic,Third,2023,73573,2000,0,35895.0
104866,Kia,Petrol,Automatic,Second,2025,84730,1000,0,22797.0
104867,Kia,Hybrid,Manual,Second,2023,16133,1800,1,28831.0
104868,Volkswagen,Electric,Manual,First,2017,52702,1400,1,26142.0
104869,Hyundai,Petrol,Automatic,First,2017,49948,3000,0,25397.0
104870,Honda,Hybrid,Manual,Second,2014,109183,1600,0,18324.0
104871,Kia,Petrol,Manual,Third,2013,75639,2200,0,10586.0
104872,Hyundai,Diesel,Automatic,Second,2017,74546,2000,0,16555.0
104873,Kia,Electric,Manual,First,2018,25097,2000,1,26919.0
104874,Ford,Electric,Manual,First,2018,27075,1800,0,31450.0
104875,Hyundai,Petrol,Automatic,First,2021,59220,1000,0,18450.0
104876,Nissan,Petrol,Manual,Second,2022,88270,1400,0,20791.0
104877,Volkswagen,Petrol,Manual,First,2012,38868,1800,0,16779.0
104878,Ford,Diesel,Manual,First,2023,109231,1200,0,15936.0
104879,Nissan,Petrol,Automatic,Second,2017,41879,1200,0,16668.0
104880,Mercedes,Petrol,Automatic,Second,2020,81383,1600,2,29581.0
104881,Honda,Petrol,Automatic,Second,2024,44969,2200,3,30409.0
104882,Honda,Petrol,Automatic,Third,2020,102791,1000,0,18729.0
104883,Audi,Petrol,Manual,First,2023,122926,3000,1,34252.0
104884,Audi,Hybrid,Automatic,Second,2013,83855,1000,0,24237.0
104885,Hyundai,Petrol,Automatic,Second,2015,46520,2500,0,17357.0
104886,Honda,Petrol,Manual,Third,2017,38856,2000,0,21759.0
104887,Hyundai,Hybrid,Automatic,First,2015,43898,1000,0,18898.0
104888,Audi,Diesel,Automatic,First,2023,51365,2200,1,38656.0
104889,Mercedes,Petrol,Automatic,Second,2020,48114,1200,0,30997.0
104890,Kia,Petrol,Automatic,Third,2013,103867,1000,1,4224.0
104891,Nissan,Diesel,Manual,Second,2021,68750,2500,1,21219.0
104892,BMW,Petrol,Manual,Second,2017,81920,1200,1,23099.0
104893,Hyundai,Hybrid,Automatic,First,2012,27970,3000,0,23344.0
104894,Mercedes,Petrol,Automatic,Second,2020,55228,2000,1,35068.0
104895,Nissan,Petrol,Manual,Second,2012,83834,1000,0,8091.0
104896,Honda,Diesel,Manual,Second,2024,52104,2500,0,33498.0
104897,Kia,Diesel,Automatic,Second,2024,74757,2200,0,27386.0
104898,Nissan,Electric,Manual,First,2023,53223,1000,0,24872.0
104899,Volkswagen,Petrol,Automatic,Second,2025,101172,2500,0,30240.0
104900,Audi,Diesel,Automatic,First,2019,65734,1200,0,25756.0
104901,Nissan,Petrol,Manual,Third,2024,47002,2500,0,25040.0
104902,BMW,Diesel,Automatic,Second,2020,74558,3000,0,39039.0
104903,Mercedes,Hybrid,Automatic,Second,2012,74635,1800,0,28177.0
104904,Kia,Petrol,Automatic,Third,2012,94061,1800,2,6874.0
104905,Ford,Electric,Automatic,First,2021,28560,2200,1,34985.0
104906,Nissan,Diesel,Manual,First,2025,37347,1000,0,21882.0
104907,Toyota,Electric,Automatic,Second,2018,72259,1800,0,30169.0
104908,BMW,Hybrid,Automatic,First,2021,48747,1000,0,39042.0
104909,BMW,Petrol,Automatic,First,2016,69530,2500,0,33256.0
104910,Toyota,Petrol,Manual,Second,2022,72357,2500,0,31904.0
104911,Volkswagen,Petrol,Automatic,Second,2014,37884,1000,0,11547.0
104912,Ford,Petrol,Manual,First,2020,73491,1200,1,17386.0
104913,Audi,Diesel,Manual,First,2013,49109,2200,2,23240.0
104914,Mercedes,Diesel,Manual,First,2017,17671,2200,0,35777.0
104915,Kia,Electric,Manual,Second,2015,64654,3000,0,24497.0
104916,Mercedes,Petrol,Automatic,First,2016,52711,1400,0,32753.0
104917,Ford,Hybrid,Automatic,Second,2013,46007,1200,0,15753.0
104918,Mercedes,Electric,Manual,Second,2012,68268,3500,0,36644.0
104919,Toyota,Hybrid,Automatic,First,2020,79870,2500,0,33393.0
104920,BMW,Petrol,Automatic,First,2014,48417,2200,0,31051.0
104921,Mercedes,Diesel,Automatic,Second,2017,90595,1400,1,27988.0
104922,Hyundai,Petrol,Automatic,First,2025,36815,1400,0,28832.0
104923,Nissan,Petrol,Manual,First,2020,48377,2200,0,23457.0
104924,Ford,Petrol,Manual,Third,2012,109693,1800,0,6576.0
104925,Volkswagen,Hybrid,Automatic,First,2023,41453,3000,0,38620.0
104926,Hyundai,Diesel,Automatic,First,2016,64589,3500,0,22418.0
104927,Toyota,Diesel,Automatic,Second,2015,42133,2200,0,26669.0
104928,Honda,Electric,Automatic,First,2014,108454,1000,1,19331.0
104929,Toyota,Petrol,Manual,First,2013,39621,1000,0,14868.0
104930,Volkswagen,Diesel,Manual,First,2025,115651,2000,0,27073.0
104931,Volkswagen,Hybrid,Automatic,Third,2014,97510,1800,0,19961.0
104932,Hyundai,Petrol,Automatic,Third,2025,77528,1800,0,26256.0
104933,Nissan,Diesel,Automatic,First,2012,90902,2500,0,16010.0
104934,Ford,Petrol,Manual,Second,2024,123765,2500,0,24820.0
104935,Audi,Hybrid,Automatic,First,2012,49036,3000,0,33707.0
104936,BMW,Petrol,Automatic,Second,2024,69951,1600,0,33689.0
104937,Hyundai,Petrol,Manual,First,2024,64837,1800,1,24959.0
104938,Volkswagen,Diesel,Manual,First,2019,41720,2200,0,28739.0
104939,Honda,Petrol,Manual,Second,2016,52794,1400,0,16879.0
104940,Kia,Petrol,Automatic,First,2013,73691,2000,0,14096.0
104941,Volkswagen,Petrol,Automatic,First,2014,132738,1400,0,15139.0
104942,Nissan,Petrol,Automatic,Second,2025,32949,1600,0,27366.0
104943,Nissan,Diesel,Manual,Second,2025,64460,3500,0,32628.0
104944,Volkswagen,Diesel,Manual,Second,2013,53974,2500,0,19338.0
104945,Nissan,Diesel,Manual,Third,2021,82050,3500,0,27222.0
104946,Hyundai,Diesel,Automatic,First,2013,82477,1600,1,11782.0
104947,Volkswagen,Petrol,Manual,First,2015,25328,1600,1,15806.0
104948,Volkswagen,Petrol,Automatic,First,2023,70223,2200,0,30992.0
104949,Ford,Hybrid,Automatic,First,2015,3000,1400,1,21356.0
104950,BMW,Hybrid,Automatic,First,2018,98950,1400,0,32246.0
104951,Honda,Petrol,Manual,First,2013,13418,1000,0,18006.0
104952,Nissan,Petrol,Automatic,First,2020,37638,2200,2,21365.0
104953,Ford,Diesel,Manual,First,2018,78175,1600,0,20124.0
104954,Audi,Diesel,Manual,First,2015,45340,2200,0,28416.0
104955,Audi,Diesel,Automatic,First,2023,76159,1200,0,36791.0
104956,Mercedes,Petrol,Manual,Second,2018,119315,1800,0,27869.0
104957,Hyundai,Diesel,Automatic,First,2021,97172,2200,1,25430.0
104958,Hyundai,Petrol,Automatic,First,2022,50523,3000,0,26291.0
104959,Toyota,Diesel,Manual,Third,2012,58131,3500,0,18315.0
104960,Honda,Hybrid,Manual,Second,2024,29297,1600,0,35275.0
104961,Volkswagen,Diesel,Automatic,First,2018,96521,2000,1,23614.0
104962,Nissan,Petrol,Manual,Second,2024,80051,1400,1,18261.0
104963,Honda,Electric,Manual,Second,2017,40190,1200,0,24278.0
104964,Mercedes,Hybrid,Automatic,First,2020,74709,3500,0,46311.0
104965,Toyota,Hybrid,Automatic,First,2019,18300,1200,0,30536.0
104966,Ford,Petrol,Manual,Second,2013,75896,1800,1,13052.0
104967,Honda,Petrol,Automatic,First,2022,103599,1400,0,25501.0
104968,Ford,Electric,Manual,First,2014,86596,1200,0,20717.0
104969,Audi,Diesel,Manual,First,2024,73474,1200,0,35180.0
104970,Nissan,Hybrid,Automatic,First,2014,96773,1400,0,16841.0
104971,Mercedes,Petrol,Manual,Third,2024,51858,1000,0,33182.0
104972,Volkswagen,Petrol,Automatic,First,2025,3000,2500,0,40243.0
104973,Nissan,Electric,Manual,First,2023,106750,3000,0,32004.0
104974,BMW,Diesel,Automatic,Second,2017,91687,1000,0,24082.0
104975,Hyundai,Petrol,Manual,First,2013,75298,1800,2,10381.0
104976,Mercedes,Petrol,Automatic,Second,2022,68229,2500,1,39062.0
104977,Honda,Diesel,Manual,First,2013,89937,1200,0,15416.0
104978,Nissan,Petrol,Automatic,First,2015,89896,1000,1,10638.0
104979,Kia,Diesel,Automatic,Second,2012,60111,1800,0,13780.0
104980,Hyundai,Petrol,Automatic,First,2012,104465,1000,0,6073.0
104981,Hyundai,Hybrid,Manual,First,2012,88392,2000,0,13562.0
104982,Kia,Petrol,Automatic,Third,2016,47540,3000,0,22419.0
104983,Toyota,Electric,Manual,First,2024,134397,2500,0,35660.0
104984,Toyota,Petrol,Manual,First,2020,41806,2000,0,28242.0
104985,Kia,Diesel,Manual,First,2015,6603,1600,1,12936.0
104986,BMW,Petrol,Automatic,First,2025,25443,2200,0,42962.0
104987,Audi,Diesel,Manual,First,2019,100901,2000,0,34009.0
104988,Kia,Electric,Automatic,First,2018,102185,2200,0,24370.0
104989,Audi,Hybrid,Manual,First,2024,36313,1200,1,40532.0
104990,Nissan,Diesel,Manual,First,2017,47385,2200,1,19273.0
104991,BMW,Diesel,Automatic,First,2025,47699,3500,0,48234.0
104992,Mercedes,Hybrid,Automatic,Second,2020,90703,1600,0,35808.0
104993,Audi,Electric,Automatic,Second,2021,29757,1800,0,39884.0
104994,Hyundai,Electric,Automatic,First,2012,94600,2200,0,17859.0
104995,Nissan,Petrol,Manual,Third,2018,70749,3500,0,26197.0
104996,Hyundai,Electric,Automatic,Second,2020,48770,1200,0,28546.0
104997,BMW,Petrol,Manual,Second,2021,51850,1000,0,32211.0
104998,Audi,Petrol,Automatic,First,2025,58145,1800,0,41564.0
104999,Ford,Petrol,Manual,Second,2024,58753,3500,0,32375.0
105000,BMW,Petrol,Manual,Third,2025,44507,1000,0,33160.0
105001,BMW,Hybrid,Manual,First,2013,127980,2000,2,24529.0
105002,Ford,Hybrid,Automatic,Second,2024,82364,1200,1,25250.0
105003,Nissan,Hybrid,Automatic,Second,2015,92370,1200,0,15713.0
105004,Audi,Diesel,Automatic,First,2016,69644,1600,0,29263.0
105005,Audi,Diesel,Automatic,First,2022,73807,3500,0,41663.0
105006,Hyundai,Diesel,Manual,First,2016,55726,1200,0,14509.0
105007,BMW,Petrol,Manual,First,2022,99042,3000,0,35960.0
105008,BMW,Hybrid,Automatic,First,2024,67665,1400,0,43325.0
105009,Volkswagen,Diesel,Automatic,Second,2018,45134,2500,1,24855.0
105010,Mercedes,Diesel,Automatic,Second,2021,3000,2200,0,39741.0
105011,BMW,Diesel,Automatic,Third,2019,38906,2200,1,32562.0
105012,Honda,Hybrid,Automatic,First,2024,59977,1600,0,34465.0
105013,Mercedes,Petrol,Manual,First,2020,66729,1600,0,35230.0
105014,Honda,Petrol,Automatic,First,2016,29991,1000,1,20086.0
105015,Audi,Hybrid,Manual,Second,2013,3000,2500,0,34145.0
105016,Mercedes,Diesel,Automatic,First,2013,131457,1000,1,19309.0
105017,BMW,Hybrid,Manual,Second,2016,65111,1600,0,30007.0
105018,Ford,Petrol,Automatic,First,2016,55333,1400,1,18353.0
105019,Hyundai,Petrol,Manual,First,2016,70811,1000,1,12365.0
105020,Honda,Hybrid,Automatic,First,2025,32930,2200,0,37890.0
105021,Mercedes,Diesel,Automatic,First,2017,97771,2200,0,29061.0
105022,BMW,Diesel,Automatic,Second,2023,50622,1200,0,34809.0
105023,Mercedes,Petrol,Manual,First,2019,43251,3500,0,40887.0
105024,BMW,Petrol,Manual,First,2022,47181,1800,0,38334.0
105025,BMW,Diesel,Automatic,Second,2016,44782,2500,0,31761.0
105026,BMW,Petrol,Automatic,First,2024,31210,1000,0,41390.0
105027,Volkswagen,Hybrid,Automatic,First,2014,78232,3000,0,27159.0
105028,Hyundai,Hybrid,Automatic,Third,2020,82488,2200,1,22112.0
105029,Ford,Petrol,Manual,First,2015,25547,2200,0,19470.0
105030,Ford,Diesel,Manual,Second,2023,56832,1200,2,17455.0
105031,Mercedes,Diesel,Manual,Second,2019,69008,2500,0,33993.0
105032,Mercedes,Petrol,Manual,First,2020,49742,1400,0,34437.0
105033,BMW,Petrol,Manual,First,2022,88985,3500,0,42275.0
105034,Volkswagen,Petrol,Automatic,First,2018,111720,2200,0,21228.0
105035,BMW,Diesel,Automatic,First,2014,79173,1400,0,29185.0
105036,Volkswagen,Diesel,Automatic,Second,2021,65038,2000,0,29071.0
105037,BMW,Diesel,Automatic,First,2022,42028,1000,0,37781.0
105038,Honda,Hybrid,Automatic,First,2017,21027,1600,0,29376.0
105039,Honda,Hybrid,Manual,First,2018,41032,3000,0,31142.0
105040,Audi,Diesel,Manual,First,2023,87181,2200,0,35364.0
105041,BMW,Hybrid,Automatic,Second,2018,35489,2200,0,38737.0
105042,Hyundai,Petrol,Automatic,Second,2025,101984,1600,0,24745.0
105043,Audi,Hybrid,Manual,Second,2019,53367,3500,0,39936.0
105044,Mercedes,Diesel,Manual,Second,2021,30862,1000,0,34164.0
105045,Nissan,Hybrid,Automatic,First,2016,71609,1000,1,15396.0
105046,BMW,Diesel,Manual,Second,2016,38776,1400,0,27172.0
105047,Honda,Petrol,Manual,First,2024,90834,2200,0,30035.0
105048,Nissan,Diesel,Automatic,Third,2013,40529,2200,0,14186.0
105049,Volkswagen,Petrol,Automatic,First,2023,4065,1800,0,33945.0
105050,Nissan,Diesel,Manual,Third,2022,49228,3000,0,27557.0
105051,Hyundai,Diesel,Manual,Second,2013,17481,1200,1,9000.0
105052,BMW,Hybrid,Automatic,Second,2015,88339,3000,1,33412.0
105053,Ford,Diesel,Manual,First,2018,96189,3000,3,18352.0
105054,Nissan,Diesel,Manual,First,2019,47563,2000,0,24043.0
105055,Ford,Petrol,Manual,First,2014,111774,1600,0,9486.0
105056,Volkswagen,Electric,Automatic,First,2012,39715,1800,1,24317.0
105057,Audi,Hybrid,Manual,Third,2015,55576,2000,0,26145.0
105058,Ford,Hybrid,Automatic,Second,2017,32473,1600,0,25230.0
105059,Audi,Petrol,Automatic,Second,2017,14606,3000,0,37888.0
105060,Honda,Diesel,Manual,First,2020,76244,1200,0,21276.0
105061,BMW,Petrol,Automatic,First,2024,109902,2500,0,42215.0
105062,Nissan,Diesel,Automatic,Second,2018,51451,3000,0,26023.0
105063,Honda,Petrol,Manual,First,2024,65083,1600,0,28505.0
105064,Honda,Diesel,Manual,Second,2023,27526,3000,0,36015.0
105065,Kia,Diesel,Automatic,Second,2025,47618,1200,0,23738.0
105066,Toyota,Petrol,Automatic,First,2020,18870,1400,0,26739.0
105067,Hyundai,Diesel,Automatic,Second,2021,109905,3500,0,28371.0
105068,Audi,Hybrid,Automatic,Second,2022,28978,1800,0,37907.0
105069,Kia,Petrol,Manual,Second,2016,64953,1600,0,13084.0
105070,Toyota,Hybrid,Manual,First,2016,112500,1400,2,20049.0
105071,Hyundai,Petrol,Manual,First,2016,68428,1600,0,13582.0
105072,Audi,Petrol,Automatic,First,2016,61899,3000,0,33391.0
105073,BMW,Petrol,Manual,Second,2025,74604,3000,0,42479.0
105074,Hyundai,Hybrid,Automatic,First,2015,26585,1800,0,18654.0
105075,Nissan,Petrol,Manual,Second,2017,10337,2200,0,24127.0
105076,Honda,Hybrid,Automatic,First,2023,71995,2500,0,35933.0
105077,Toyota,Diesel,Automatic,Third,2012,68650,1200,0,12837.0
105078,Toyota,Petrol,Automatic,Third,2013,74358,3000,1,22235.0
105079,Toyota,Diesel,Automatic,Second,2020,3000,3000,0,36605.0
105080,Audi,Petrol,Manual,First,2017,24643,1200,1,27694.0
105081,Nissan,Hybrid,Manual,First,2017,68463,2000,1,18731.0
105082,Hyundai,Petrol,Manual,First,2021,59971,1600,0,21205.0
105083,Honda,Petrol,Manual,First,2015,92188,1000,0,15531.0
105084,Nissan,Hybrid,Automatic,Second,2016,74034,1800,0,20332.0
105085,Kia,Electric,Automatic,Second,2020,100793,1400,0,23632.0
105086,BMW,Petrol,Manual,First,2013,98869,1000,0,21049.0
105087,Ford,Hybrid,Automatic,First,2014,83357,1200,0,14227.0
105088,Nissan,Petrol,Automatic,Second,2021,61624,2200,0,22995.0
105089,Kia,Hybrid,Manual,Third,2019,74778,1000,0,15671.0
105090,Honda,Diesel,Automatic,First,2020,77829,1400,1,23289.0
105091,Ford,Petrol,Automatic,First,2023,100981,1000,1,21154.0
105092,Ford,Petrol,Automatic,Third,2016,54336,1000,0,14121.0
105093,Nissan,Petrol,Automatic,First,2014,77680,2500,1,17006.0
105094,Toyota,Petrol,Automatic,Second,2012,23180,2000,0,18856.0
105095,Mercedes,Petrol,Automatic,Second,2023,53608,1600,0,37825.0
105096,Honda,Diesel,Automatic,First,2013,71874,2500,1,21095.0
105097,Toyota,Electric,Automatic,First,2015,76357,2200,0,27190.0
105098,Honda,Petrol,Automatic,Second,2015,83693,3000,1,21333.0
105099,Mercedes,Diesel,Manual,First,2016,43393,1000,0,27544.0
105100,BMW,Diesel,Automatic,First,2020,66643,3500,0,42443.0
105101,Mercedes,Electric,Automatic,First,2025,50031,1800,0,50364.0
105102,Volkswagen,Diesel,Automatic,First,2023,120199,2000,0,30730.0
105103,Nissan,Diesel,Automatic,Second,2013,19809,2000,0,16189.0
105104,Nissan,Diesel,Automatic,Third,2013,128769,3500,0,18444.0
105105,Kia,Petrol,Automatic,Third,2016,85261,2200,0,12164.0
105106,Toyota,Petrol,Manual,First,2023,3000,1800,1,37136.0
105107,Kia,Petrol,Automatic,First,2013,50053,1800,3,11426.0
105108,Volkswagen,Petrol,Manual,First,2025,72370,1000,1,21815.0
105109,Mercedes,Diesel,Automatic,Third,2021,63539,3500,1,40541.0
105110,Nissan,Petrol,Automatic,First,2016,16559,1800,2,17987.0
105111,Audi,Diesel,Automatic,First,2023,30224,3500,0,43882.0
105112,Mercedes,Petrol,Manual,Second,2016,68579,1000,0,26044.0
105113,Mercedes,Electric,Automatic,First,2018,23307,3500,0,50279.0
105114,Volkswagen,Hybrid,Automatic,First,2015,90059,1200,0,20430.0
105115,BMW,Petrol,Automatic,First,2013,57005,1000,2,22166.0
105116,Honda,Petrol,Manual,Second,2019,82756,2500,0,22866.0
105117,Volkswagen,Diesel,Manual,Second,2025,31914,2500,0,36687.0
105118,Honda,Petrol,Manual,Second,2012,24335,2500,0,17846.0
105119,Nissan,Petrol,Automatic,First,2021,95989,3500,0,28026.0
105120,Volkswagen,Petrol,Automatic,First,2012,63036,3500,1,25072.0
105121,Honda,Electric,Manual,Second,2023,15410,1000,0,32614.0
105122,Kia,Hybrid,Automatic,Second,2023,39989,1600,1,23808.0
105123,Volkswagen,Diesel,Automatic,First,2022,70994,1000,0,18635.0
105124,Nissan,Diesel,Manual,First,2023,20683,1600,0,27361.0
105125,Volkswagen,Electric,Automatic,Second,2018,3000,2200,0,31333.0
105126,Nissan,Electric,Manual,First,2015,19781,3500,1,28883.0
105127,Volkswagen,Electric,Automatic,First,2014,88308,2200,0,26582.0
105128,Honda,Petrol,Automatic,First,2012,12716,1000,0,14995.0
105129,BMW,Petrol,Automatic,Third,2023,93681,3500,0,39404.0
105130,Hyundai,Diesel,Manual,Second,2024,73251,1200,0,23502.0
105131,Honda,Diesel,Automatic,First,2019,42517,2000,0,27692.0
105132,Toyota,Petrol,Manual,Second,2019,99549,2000,0,22324.0
105133,Ford,Petrol,Manual,First,2023,24425,1000,0,23692.0
105134,BMW,Hybrid,Automatic,First,2015,46237,1600,0,34835.0
105135,Kia,Hybrid,Automatic,First,2013,62545,3000,1,23609.0
105136,Mercedes,Petrol,Manual,First,2015,51104,2500,0,32556.0
105137,Honda,Hybrid,Manual,Third,2018,66417,1600,0,23719.0
105138,Volkswagen,Diesel,Automatic,First,2015,82110,1400,0,16944.0
105139,Honda,Hybrid,Automatic,First,2024,46281,2500,0,37183.0
105140,Audi,Petrol,Manual,Third,2022,109320,3000,0,34268.0
105141,BMW,Petrol,Automatic,First,2022,36749,1000,0,36685.0
105142,Hyundai,Petrol,Manual,First,2014,56287,3500,1,20547.0
105143,Kia,Diesel,Automatic,First,2021,77786,2500,0,25840.0
105144,Audi,Diesel,Manual,Third,2023,59030,1800,0,31689.0
105145,Nissan,Petrol,Automatic,First,2012,21556,1400,2,10270.0
105146,Audi,Electric,Automatic,First,2020,63560,3500,0,48196.0
105147,Honda,Petrol,Automatic,Second,2016,35415,1800,0,23016.0
105148,Kia,Petrol,Automatic,Third,2013,116238,3500,1,12770.0
105149,Honda,Diesel,Automatic,Second,2017,107492,1600,0,15205.0
105150,Nissan,Diesel,Automatic,First,2013,68076,1000,0,11608.0
105151,Mercedes,Petrol,Manual,Second,2023,55687,2500,0,42023.0
105152,Kia,Hybrid,Automatic,Second,2017,96786,2200,0,20804.0
105153,Mercedes,Diesel,Manual,Second,2020,100412,1600,0,32696.0
105154,BMW,Diesel,Manual,Second,2013,78857,1600,0,24065.0
105155,BMW,Diesel,Manual,First,2024,106639,1800,0,34360.0
105156,Mercedes,Petrol,Automatic,Second,2012,75581,1000,0,23107.0
105157,BMW,Diesel,Automatic,Second,2018,68906,1600,0,31484.0
105158,Kia,Hybrid,Automatic,First,2019,73140,1800,0,25199.0
105159,Volkswagen,Petrol,Manual,First,2013,47137,2500,0,22839.0
105160,Toyota,Petrol,Manual,First,2015,88071,1000,0,13576.0
105161,BMW,Electric,Automatic,Second,2019,57947,1600,0,37472.0
105162,BMW,Petrol,Automatic,Second,2023,73711,3500,1,42282.0
105163,Honda,Diesel,Automatic,First,2025,55808,3500,2,39098.0
105164,Mercedes,Electric,Automatic,Second,2015,78112,2200,1,33368.0
105165,Ford,Petrol,Automatic,Second,2023,71791,1800,0,23723.0
105166,Hyundai,Petrol,Manual,Third,2020,94359,1000,0,18759.0
105167,Audi,Hybrid,Automatic,First,2012,47708,2200,0,30272.0
105168,BMW,Hybrid,Manual,First,2021,46570,1000,2,33197.0
105169,Audi,Diesel,Manual,Second,2024,85483,1200,0,33762.0
105170,Kia,Diesel,Manual,First,2018,115311,2500,0,15263.0
105171,Ford,Hybrid,Automatic,First,2014,56310,3000,0,23827.0
105172,Hyundai,Diesel,Automatic,First,2022,83142,2500,0,27365.0
105173,Mercedes,Petrol,Automatic,Second,2023,38363,2500,1,43377.0
105174,Toyota,Petrol,Manual,First,2021,50246,2000,1,26246.0
105175,Hyundai,Diesel,Automatic,First,2022,66181,2200,0,25939.0
105176,Hyundai,Hybrid,Automatic,First,2022,74097,1600,0,28815.0
105177,Toyota,Hybrid,Automatic,First,2014,72020,1800,0,23724.0
105178,Volkswagen,Electric,Automatic,Third,2022,57660,1200,0,29268.0
105179,Mercedes,Hybrid,Manual,First,2018,21316,3500,0,42598.0
105180,Honda,Diesel,Automatic,Second,2017,26268,1600,1,25771.0
105181,Audi,Petrol,Automatic,First,2014,104113,2200,0,24930.0
105182,BMW,Hybrid,Automatic,First,2025,52692,1600,0,45951.0
105183,Hyundai,Diesel,Automatic,Third,2025,63842,2000,0,24343.0
105184,Kia,Diesel,Manual,Third,2013,70570,2500,1,8904.0
105185,Toyota,Petrol,Automatic,First,2022,134397,1800,0,27884.0
105186,Audi,Electric,Automatic,First,2022,56897,2500,1,45228.0
105187,Ford,Diesel,Manual,First,2017,94995,1600,0,15345.0
105188,Toyota,Petrol,Manual,First,2021,35568,1200,1,24513.0
105189,Ford,Diesel,Automatic,Second,2018,49596,3000,1,27683.0
105190,Mercedes,Diesel,Automatic,First,2020,79349,1200,0,33601.0
105191,Hyundai,Petrol,Automatic,Second,2020,83596,2200,0,22187.0
105192,Kia,Hybrid,Automatic,Second,2020,76594,2000,0,23592.0
105193,BMW,Petrol,Automatic,First,2022,66088,1200,0,33760.0
105194,Ford,Petrol,Automatic,Second,2021,62610,1400,0,24500.0
105195,Audi,Petrol,Manual,Second,2012,102977,2200,1,21841.0
105196,Volkswagen,Diesel,Automatic,Second,2015,109831,2000,0,20624.0
105197,Mercedes,Electric,Manual,Third,2015,61834,2000,0,34036.0
105198,Volkswagen,Hybrid,Manual,Second,2021,63574,2200,1,29248.0
105199,Mercedes,Electric,Manual,Second,2019,56614,1800,1,38508.0
105200,Honda,Petrol,Automatic,Third,2014,50173,1000,0,15247.0
105201,Audi,Petrol,Manual,Second,2025,88000,1800,0,37910.0
105202,Volkswagen,Diesel,Manual,First,2012,59839,3000,0,21438.0
105203,Kia,Petrol,Automatic,First,2014,71440,1200,0,11577.0
105204,Hyundai,Hybrid,Automatic,Second,2017,77266,3500,1,25992.0
105205,Toyota,Diesel,Automatic,First,2018,3000,1400,0,24892.0
105206,BMW,Electric,Manual,First,2020,46011,1200,0,39437.0
105207,Hyundai,Petrol,Automatic,First,2016,67545,1800,0,18147.0
105208,Hyundai,Diesel,Automatic,Second,2016,87048,1800,0,13738.0
105209,Mercedes,Diesel,Manual,Second,2014,111441,1800,0,26061.0
105210,Kia,Petrol,Automatic,First,2023,65469,2000,1,24292.0
105211,Mercedes,Diesel,Manual,First,2014,20553,1400,0,28858.0
105212,Nissan,Petrol,Automatic,Second,2020,81480,2500,1,21954.0
105213,Ford,Petrol,Manual,Second,2014,61638,1400,0,10557.0
105214,BMW,Petrol,Automatic,Second,2014,124992,1200,1,18338.0
105215,Ford,Petrol,Automatic,First,2020,101816,3000,1,26375.0
105216,Toyota,Diesel,Manual,Second,2015,26483,2000,1,20665.0
105217,Nissan,Petrol,Automatic,Second,2024,45350,2200,0,28831.0
105218,Audi,Petrol,Automatic,First,2017,109365,1000,0,26588.0
105219,Toyota,Petrol,Manual,Second,2012,68140,1400,0,13204.0
105220,Toyota,Petrol,Automatic,First,2022,82275,2200,0,31044.0
105221,Honda,Petrol,Manual,Second,2013,57226,2500,2,18177.0
105222,BMW,Petrol,Automatic,Second,2022,119013,1200,0,31345.0
105223,Mercedes,Diesel,Automatic,First,2025,69359,1800,0,40265.0
105224,Kia,Diesel,Automatic,Second,2014,89174,1800,1,13593.0
105225,Ford,Diesel,Manual,First,2013,21698,3000,0,20161.0
105226,Toyota,Hybrid,Automatic,Second,2025,28499,1400,0,35100.0
105227,Ford,Diesel,Manual,First,2022,127195,1800,0,24034.0
105228,Ford,Diesel,Manual,First,2021,30435,2500,0,28319.0
105229,Audi,Hybrid,Automatic,First,2014,83499,1400,0,26073.0
105230,BMW,Petrol,Manual,First,2023,92886,2000,0,36200.0
105231,BMW,Diesel,Manual,Second,2025,73635,3000,1,41878.0
105232,Volkswagen,Petrol,Automatic,Second,2016,94385,3500,0,23906.0
105233,Hyundai,Petrol,Automatic,First,2023,10019,1600,0,29148.0
105234,BMW,Hybrid,Automatic,First,2012,101508,2200,0,34672.0
105235,Ford,Petrol,Manual,First,2012,3000,2500,0,20286.0
105236,Mercedes,Petrol,Manual,Second,2022,90855,2000,0,37556.0
105237,Ford,Petrol,Automatic,First,2018,145972,1000,0,15791.0
105238,Mercedes,Petrol,Automatic,First,2020,102945,2000,1,31090.0
105239,Volkswagen,Petrol,Manual,Second,2020,67465,1600,0,19779.0
105240,Mercedes,Diesel,Automatic,First,2018,58289,1400,0,34029.0
105241,BMW,Hybrid,Manual,First,2022,64527,1400,1,36129.0
105242,Audi,Hybrid,Automatic,First,2022,32698,1400,0,38069.0
105243,Mercedes,Petrol,Manual,First,2024,59520,1000,0,37753.0
105244,Ford,Electric,Manual,First,2013,21037,3500,0,32723.0
105245,Kia,Diesel,Automatic,Second,2022,39013,3500,2,27791.0
105246,BMW,Petrol,Automatic,First,2018,92037,1000,0,26256.0
105247,Kia,Hybrid,Automatic,First,2024,89219,1200,0,24080.0
105248,Nissan,Diesel,Automatic,First,2023,77358,1800,0,23886.0
105249,Nissan,Diesel,Automatic,Second,2020,70062,2200,0,22835.0
105250,Ford,Petrol,Manual,Second,2018,12562,1800,0,22129.0
105251,Nissan,Diesel,Automatic,Second,2013,53443,1400,1,12064.0
105252,Hyundai,Hybrid,Automatic,First,2018,62785,1800,0,18833.0
105253,Volkswagen,Diesel,Manual,Second,2025,17406,2000,1,26684.0
105254,BMW,Diesel,Manual,First,2015,23093,1600,0,28406.0
105255,Kia,Diesel,Automatic,First,2019,93936,1600,0,21249.0
105256,Ford,Hybrid,Manual,First,2014,74626,1000,1,13547.0
105257,Hyundai,Petrol,Manual,First,2023,30444,2200,1,28083.0
105258,Ford,Diesel,Automatic,First,2025,106068,2500,0,34114.0
105259,Hyundai,Petrol,Automatic,First,2016,94570,1600,0,13562.0
105260,Nissan,Diesel,Automatic,First,2014,61095,2000,1,13001.0
105261,Nissan,Diesel,Manual,Third,2018,27061,2000,0,20998.0
105262,Mercedes,Petrol,Manual,Second,2014,112873,1000,0,21282.0
105263,Honda,Diesel,Manual,Third,2021,115412,3500,1,27466.0
105264,Ford,Petrol,Automatic,First,2016,99985,1600,1,15544.0
105265,Mercedes,Petrol,Automatic,Second,2012,98501,2000,1,25057.0
105266,BMW,Petrol,Manual,Second,2015,63375,3000,2,30602.0
105267,Mercedes,Petrol,Automatic,Third,2017,68188,1600,0,34255.0
105268,Toyota,Petrol,Automatic,First,2013,105845,3000,0,19961.0
105269,Nissan,Petrol,Automatic,Second,2017,72491,1600,1,18734.0
105270,Toyota,Diesel,Manual,First,2021,40054,2200,0,24530.0
105271,Ford,Hybrid,Automatic,First,2018,37117,2200,0,28460.0
105272,Kia,Diesel,Automatic,First,2019,97877,2500,1,24301.0
105273,Kia,Petrol,Manual,Third,2014,128342,2200,1,10601.0
105274,BMW,Electric,Automatic,First,2023,81141,2000,0,46608.0
105275,Mercedes,Diesel,Manual,First,2021,131649,1400,0,32475.0
105276,Kia,Petrol,Manual,Third,2022,5936,3500,0,27885.0
105277,Hyundai,Hybrid,Automatic,First,2014,27773,2200,0,21773.0
105278,Hyundai,Petrol,Automatic,Second,2016,49678,2000,2,16312.0
105279,BMW,Diesel,Automatic,Second,2014,5306,3500,0,37229.0
105280,Volkswagen,Diesel,Automatic,First,2020,58464,2500,0,30605.0
105281,Nissan,Petrol,Manual,First,2018,100385,1600,0,17223.0
105282,Mercedes,Hybrid,Manual,First,2016,3945,2200,0,42056.0
105283,Ford,Petrol,Automatic,Third,2016,92687,2200,0,18967.0
105284,Audi,Petrol,Automatic,Second,2012,28152,1400,0,25698.0
105285,Audi,Electric,Automatic,First,2020,40518,2500,1,43615.0
105286,Audi,Electric,Automatic,First,2025,60981,3500,0,54067.0
105287,Kia,Diesel,Automatic,First,2013,63233,1200,0,10616.0
105288,Volkswagen,Diesel,Manual,Second,2018,95228,1400,1,18406.0
105289,Volkswagen,Petrol,Automatic,First,2025,59145,1000,0,27618.0
105290,Mercedes,Hybrid,Manual,First,2018,85746,1200,1,31366.0
105291,Mercedes,Petrol,Automatic,Second,2013,96827,1000,1,16698.0
105292,Volkswagen,Petrol,Automatic,First,2019,68633,2000,0,24840.0
105293,BMW,Diesel,Automatic,First,2025,130419,1800,0,35011.0
105294,Mercedes,Petrol,Manual,Second,2019,46433,2000,0,34417.0
105295,BMW,Petrol,Automatic,Second,2020,40693,1400,2,27843.0
105296,Toyota,Petrol,Automatic,First,2013,41523,2200,1,22999.0
105297,Hyundai,Petrol,Manual,Second,2012,131887,1600,0,3514.0
105298,Nissan,Petrol,Automatic,First,2020,90203,1000,1,16149.0
105299,Mercedes,Petrol,Automatic,Second,2025,100822,1400,0,38094.0
105300,Volkswagen,Petrol,Automatic,Second,2014,85772,1800,1,12937.0
105301,Hyundai,Diesel,Automatic,Second,2021,62213,2200,0,22770.0
105302,Hyundai,Hybrid,Automatic,Second,2024,69533,3000,1,33498.0
105303,Honda,Diesel,Automatic,Second,2024,35263,1800,0,30933.0
105304,Volkswagen,Diesel,Automatic,First,2013,127464,1000,0,12131.0
105305,Nissan,Petrol,Manual,First,2021,62060,1800,0,23166.0
105306,Volkswagen,Petrol,Manual,First,2013,38997,1000,0,17171.0
105307,Mercedes,Petrol,Manual,Second,2013,21156,2200,0,31411.0
105308,Ford,Diesel,Manual,First,2019,116785,3000,0,26939.0
105309,Toyota,Diesel,Automatic,First,2014,96482,2000,0,18469.0
105310,BMW,Diesel,Manual,Second,2012,80092,1600,0,21901.0
105311,Ford,Petrol,Automatic,First,2019,8884,2000,2,25737.0
105312,Toyota,Petrol,Manual,Second,2013,76921,1000,0,10465.0
105313,Ford,Hybrid,Automatic,First,2017,57177,1600,2,21039.0
105314,BMW,Petrol,Automatic,First,2019,49825,2000,0,40284.0
105315,Kia,Diesel,Manual,First,2021,106968,1200,0,17022.0
105316,Volkswagen,Diesel,Manual,First,2020,24793,1400,1,25265.0
105317,Ford,Diesel,Manual,First,2012,21517,1600,0,15165.0
105318,Mercedes,Electric,Automatic,First,2020,15104,2000,1,44789.0
105319,Nissan,Electric,Automatic,First,2019,37676,1400,0,27364.0
105320,Audi,Diesel,Automatic,Second,2017,23250,1000,1,22760.0
105321,Mercedes,Diesel,Automatic,First,2023,92258,2000,0,35838.0
105322,BMW,Petrol,Automatic,Second,2016,37760,2500,0,34354.0
105323,Nissan,Electric,Automatic,Second,2017,70996,2500,0,31136.0
105324,Mercedes,Diesel,Automatic,First,2013,45737,1600,0,25801.0
105325,Hyundai,Petrol,Automatic,First,2022,94605,2000,0,23414.0
105326,Volkswagen,Petrol,Manual,First,2014,86588,1000,1,10228.0
105327,Nissan,Petrol,Manual,Third,2020,66536,2000,0,21439.0
105328,Hyundai,Diesel,Automatic,Second,2014,113093,1000,0,3911.0
105329,Mercedes,Diesel,Automatic,First,2024,48089,1600,0,39118.0
105330,Toyota,Petrol,Automatic,Second,2021,54411,3000,0,32550.0
105331,Honda,Petrol,Automatic,Third,2018,69710,2000,2,23528.0
105332,Toyota,Electric,Manual,Second,2022,84031,1600,0,28699.0
105333,Volkswagen,Hybrid,Manual,First,2024,7627,3500,0,42155.0
105334,Nissan,Hybrid,Manual,First,2024,99513,1600,0,25400.0
105335,Nissan,Petrol,Automatic,First,2015,46627,1600,1,14191.0
105336,Volkswagen,Hybrid,Manual,Second,2023,84601,3500,0,35967.0
105337,Hyundai,Diesel,Automatic,Second,2022,41821,2200,1,24176.0
105338,Honda,Petrol,Automatic,First,2024,105221,3000,0,29938.0
105339,Mercedes,Petrol,Automatic,First,2020,95928,2000,1,32654.0
105340,BMW,Petrol,Manual,Third,2023,96132,2200,0,32093.0
105341,Toyota,Petrol,Automatic,Second,2024,78279,1600,1,26232.0
105342,Toyota,Electric,Automatic,First,2015,59352,1800,1,25657.0
105343,Audi,Petrol,Manual,First,2021,13970,3000,0,44542.0
105344,Honda,Petrol,Automatic,First,2024,66614,2500,0,33577.0
105345,BMW,Diesel,Automatic,First,2024,99654,3500,0,43742.0
105346,Toyota,Petrol,Automatic,First,2025,89008,1200,1,31487.0
105347,BMW,Diesel,Automatic,First,2021,42781,2500,0,39636.0
105348,Mercedes,Petrol,Manual,Third,2017,157209,1400,0,22710.0
105349,Nissan,Hybrid,Automatic,Second,2023,96762,1200,2,21459.0
105350,BMW,Petrol,Automatic,First,2013,42495,1200,0,28867.0
105351,Toyota,Diesel,Automatic,Second,2018,47476,1600,0,23595.0
105352,Hyundai,Diesel,Manual,Second,2014,33894,1000,2,6113.0
105353,Honda,Hybrid,Automatic,First,2012,60958,1800,0,20469.0
105354,Volkswagen,Hybrid,Manual,Second,2023,112334,2200,0,29266.0
105355,Ford,Diesel,Automatic,Second,2018,78515,1200,0,18295.0
105356,Kia,Petrol,Automatic,Second,2016,114718,1800,1,12743.0
105357,Kia,Diesel,Manual,First,2022,112481,1600,0,17189.0
105358,Ford,Hybrid,Automatic,First,2023,106202,2000,0,27795.0
105359,BMW,Hybrid,Automatic,First,2018,115713,1000,1,28919.0
105360,Honda,Petrol,Automatic,First,2012,64854,1000,0,15384.0
105361,BMW,Petrol,Automatic,Second,2016,70201,1200,0,28887.0
105362,Volkswagen,Hybrid,Automatic,Third,2013,23648,1600,0,19890.0
105363,Honda,Petrol,Manual,Second,2012,82728,1000,0,12045.0
105364,Ford,Petrol,Manual,First,2017,72187,1800,0,16381.0
105365,BMW,Petrol,Automatic,First,2023,124966,2000,0,36424.0
105366,Audi,Diesel,Automatic,Second,2016,54317,3500,0,33155.0
105367,Toyota,Electric,Manual,First,2015,34126,1600,0,26975.0
105368,Hyundai,Diesel,Automatic,First,2012,21465,2200,0,18582.0
105369,Nissan,Petrol,Automatic,Second,2016,106544,1800,1,15133.0
105370,Hyundai,Petrol,Manual,Third,2018,70412,3000,0,18303.0
105371,Volkswagen,Petrol,Manual,Second,2012,55983,3000,0,17807.0
105372,BMW,Diesel,Manual,First,2015,72068,1600,0,24424.0
105373,Mercedes,Diesel,Manual,First,2017,26981,3500,0,40094.0
105374,Honda,Petrol,Manual,Second,2024,25684,2000,1,31838.0
105375,BMW,Diesel,Automatic,Third,2019,116896,1200,1,22259.0
105376,Honda,Diesel,Manual,Third,2018,70826,1200,1,18187.0
105377,Nissan,Petrol,Automatic,First,2018,77412,1400,0,13881.0
105378,Audi,Petrol,Automatic,Second,2019,65253,3500,0,35248.0
105379,Hyundai,Electric,Automatic,First,2024,46050,1200,0,27279.0
105380,Toyota,Petrol,Manual,First,2018,46034,3000,0,28928.0
105381,Nissan,Hybrid,Automatic,First,2024,33993,1600,0,30612.0
105382,Nissan,Diesel,Manual,Third,2015,99196,1800,0,13727.0
105383,Hyundai,Hybrid,Manual,First,2022,79300,1200,0,22894.0
105384,Nissan,Hybrid,Automatic,First,2017,48942,2500,1,24086.0
105385,Mercedes,Diesel,Manual,Third,2023,87146,2500,2,35328.0
105386,Mercedes,Hybrid,Manual,First,2013,40642,2200,0,32349.0
105387,Kia,Electric,Manual,First,2019,95659,2200,0,24264.0
105388,Kia,Diesel,Automatic,Second,2014,39845,2200,0,15678.0
105389,Mercedes,Petrol,Manual,Second,2015,69633,2500,0,32429.0
105390,Ford,Petrol,Manual,First,2013,44651,1600,1,16897.0
105391,Audi,Hybrid,Automatic,Third,2020,109337,2000,0,35415.0
105392,Honda,Diesel,Automatic,First,2013,108376,2500,1,17028.0
105393,Audi,Petrol,Automatic,Third,2025,86924,2500,0,38964.0
105394,Volkswagen,Petrol,Manual,Second,2024,62790,1600,0,25614.0
105395,Nissan,Diesel,Automatic,First,2017,50734,1000,1,12690.0
105396,Toyota,Petrol,Automatic,Second,2014,71436,1200,1,15295.0
105397,Nissan,Diesel,Manual,First,2023,43974,1600,1,25310.0
105398,Audi,Diesel,Automatic,First,2017,91692,3000,0,31100.0
105399,Mercedes,Diesel,Manual,Third,2015,59120,1400,0,24029.0
105400,Hyundai,Petrol,Automatic,First,2024,67975,1800,0,24455.0
105401,Volkswagen,Petrol,Automatic,First,2019,72455,1000,1,20248.0
105402,Mercedes,Petrol,Automatic,First,2014,111491,1800,0,28216.0
105403,Audi,Petrol,Manual,First,2019,63589,1000,0,31361.0
105404,Hyundai,Diesel,Manual,Second,2014,119222,2000,1,8244.0
105405,Toyota,Diesel,Manual,Third,2025,91022,1000,0,25968.0
105406,Audi,Petrol,Manual,First,2016,90843,1200,1,22427.0
105407,Honda,Petrol,Automatic,First,2022,46588,3000,0,34790.0
105408,BMW,Petrol,Automatic,First,2024,29159,1400,0,39661.0
105409,Hyundai,Electric,Automatic,First,2013,67755,3000,0,25904.0
105410,Audi,Diesel,Automatic,First,2017,33140,1600,0,30980.0
105411,Mercedes,Hybrid,Manual,First,2018,11236,1800,1,35322.0
105412,Honda,Hybrid,Automatic,First,2019,51004,2200,1,30841.0
105413,Ford,Diesel,Manual,Second,2024,16376,1600,0,27924.0
105414,Hyundai,Diesel,Manual,Third,2015,94288,3500,0,17045.0
105415,Honda,Petrol,Automatic,Second,2020,31105,3500,0,34508.0
105416,Mercedes,Diesel,Manual,Second,2013,15648,2000,2,27173.0
105417,Audi,Petrol,Automatic,First,2025,48582,3000,0,45096.0
105418,Nissan,Hybrid,Manual,Second,2025,82669,2500,0,31876.0
105419,Toyota,Petrol,Automatic,Third,2019,51990,1000,0,21821.0
105420,Nissan,Hybrid,Automatic,Third,2017,89588,2000,0,20845.0
105421,BMW,Petrol,Automatic,First,2015,84028,3000,0,35492.0
105422,Honda,Hybrid,Manual,Second,2013,74480,1400,0,17941.0
105423,BMW,Petrol,Manual,Second,2015,46300,1400,0,22364.0
105424,Toyota,Diesel,Automatic,First,2014,77999,3500,0,28485.0
105425,Honda,Diesel,Manual,Third,2024,3000,1800,0,33196.0
105426,Kia,Petrol,Automatic,First,2015,61667,3000,0,22891.0
105427,Mercedes,Diesel,Manual,First,2015,100125,1400,0,28117.0
105428,Honda,Electric,Automatic,First,2022,46194,1800,0,37692.0
105429,Mercedes,Petrol,Automatic,First,2018,74847,1800,0,34220.0
105430,Nissan,Electric,Manual,Third,2012,10365,2500,0,21422.0
105431,Volkswagen,Diesel,Automatic,First,2020,87169,1200,1,18362.0
105432,Hyundai,Hybrid,Automatic,First,2016,55795,2500,0,24756.0
105433,Volkswagen,Petrol,Automatic,Second,2014,55414,1000,0,14518.0
105434,Audi,Diesel,Automatic,First,2018,54812,1800,0,30884.0
105435,Hyundai,Hybrid,Automatic,Second,2018,73734,1400,1,19530.0
105436,Hyundai,Petrol,Manual,Second,2019,51828,1800,0,16639.0
105437,Ford,Diesel,Automatic,First,2021,68625,3000,1,30111.0
105438,Hyundai,Petrol,Automatic,Third,2015,27933,1000,1,11013.0
105439,Toyota,Petrol,Automatic,Second,2024,52316,2000,1,33429.0
105440,Volkswagen,Diesel,Manual,Second,2020,73801,3500,0,32256.0
105441,Nissan,Diesel,Manual,Third,2013,59792,2000,1,12222.0
105442,Mercedes,Diesel,Manual,Second,2017,75381,2200,0,29483.0
105443,Audi,Petrol,Automatic,First,2014,83439,3500,0,32954.0
105444,Hyundai,Petrol,Automatic,First,2019,83361,3500,0,27700.0
105445,Audi,Petrol,Manual,Second,2019,85271,1800,0,28087.0
105446,Nissan,Diesel,Manual,Third,2017,4222,2200,2,20277.0
105447,Audi,Hybrid,Automatic,First,2015,29858,1200,0,31140.0
105448,Nissan,Hybrid,Automatic,First,2025,119447,1200,0,27931.0
105449,Hyundai,Petrol,Automatic,First,2019,94186,3500,0,27276.0
105450,Nissan,Hybrid,Automatic,Second,2017,53221,2500,0,26446.0
105451,Hyundai,Diesel,Manual,First,2023,82703,2000,0,21730.0
105452,Ford,Diesel,Automatic,Second,2020,47109,1800,0,26471.0
105453,Ford,Petrol,Automatic,Second,2025,84449,1400,0,26121.0
105454,Nissan,Diesel,Automatic,First,2018,36205,1600,0,21233.0
105455,Ford,Petrol,Automatic,First,2020,76599,2500,1,22744.0
105456,Mercedes,Petrol,Automatic,Second,2024,59236,3500,1,43498.0
105457,Mercedes,Petrol,Automatic,First,2025,87339,2200,0,41897.0
105458,Ford,Petrol,Manual,First,2019,135234,3000,0,21394.0
105459,Ford,Petrol,Automatic,First,2025,67395,1400,0,25956.0
105460,Kia,Petrol,Automatic,Second,2015,8394,2000,1,15742.0
105461,Kia,Petrol,Automatic,First,2023,71094,2200,0,27775.0
105462,Hyundai,Diesel,Automatic,Second,2017,62220,1200,1,13873.0
105463,Nissan,Petrol,Automatic,Second,2025,3000,1600,0,27965.0
105464,BMW,Diesel,Automatic,Third,2018,41961,1000,0,30552.0
105465,BMW,Petrol,Manual,First,2015,87046,1600,0,27703.0
105466,Ford,Electric,Automatic,First,2015,96023,1200,0,18039.0
105467,Audi,Electric,Manual,First,2021,96541,2200,0,42480.0
105468,Ford,Petrol,Automatic,First,2014,113925,1000,0,12531.0
105469,Kia,Diesel,Automatic,First,2021,56339,2000,0,25489.0
105470,Hyundai,Petrol,Manual,Second,2017,35713,1400,0,13137.0
105471,Ford,Electric,Automatic,Second,2022,18301,2500,0,36521.0
105472,Volkswagen,Diesel,Automatic,First,2013,64884,2500,0,19892.0
105473,Audi,Petrol,Manual,First,2024,47054,2200,0,38370.0
105474,Volkswagen,Petrol,Automatic,First,2022,39109,2200,0,30066.0
105475,Hyundai,Petrol,Automatic,First,2015,15476,1000,0,13668.0
105476,Hyundai,Petrol,Automatic,Second,2019,53466,3000,0,25831.0
105477,Mercedes,Diesel,Manual,First,2014,40241,1400,0,28109.0
105478,Honda,Diesel,Manual,First,2023,43321,2500,2,32536.0
105479,Volkswagen,Petrol,Automatic,First,2024,117387,1200,0,20738.0
105480,Mercedes,Petrol,Automatic,First,2019,64246,1000,0,33041.0
105481,Kia,Petrol,Automatic,Second,2018,60168,1000,1,11995.0
105482,Toyota,Petrol,Automatic,First,2025,89202,2500,0,34189.0
105483,Audi,Hybrid,Manual,Second,2018,50378,3000,0,37418.0
105484,Toyota,Petrol,Automatic,First,2022,79504,1400,1,30557.0
105485,Nissan,Diesel,Automatic,Second,2020,85443,2200,0,21001.0
105486,Kia,Petrol,Manual,Third,2015,35729,1200,0,11373.0
105487,Kia,Petrol,Manual,Second,2022,57421,2500,1,25543.0
105488,Toyota,Diesel,Manual,First,2019,21009,1400,0,23314.0
105489,Volkswagen,Diesel,Manual,Second,2013,31769,3500,0,23390.0
105490,Honda,Petrol,Manual,First,2014,42882,3500,0,24458.0
105491,Volkswagen,Diesel,Automatic,First,2015,75447,1800,0,18161.0
105492,Toyota,Diesel,Automatic,Second,2020,32726,2200,0,30469.0
105493,Nissan,Petrol,Automatic,Third,2012,68908,3000,0,16401.0
105494,Volkswagen,Diesel,Automatic,First,2018,56438,1000,1,16483.0
105495,BMW,Diesel,Manual,Second,2013,56060,1800,0,25635.0
105496,Volkswagen,Petrol,Automatic,First,2016,87545,1000,0,19895.0
105497,Hyundai,Diesel,Automatic,First,2012,115947,1200,0,8202.0
105498,Mercedes,Petrol,Automatic,Second,2017,16191,3500,0,40752.0
105499,Audi,Petrol,Automatic,First,2024,81124,1600,0,35257.0
105500,Volkswagen,Diesel,Manual,First,2023,124817,3500,0,31462.0
105501,Honda,Hybrid,Manual,First,2014,93952,1400,0,16788.0
105502,Honda,Hybrid,Automatic,Second,2024,82860,3500,1,40951.0
105503,Volkswagen,Petrol,Automatic,First,2017,10659,1800,0,25007.0
105504,Ford,Petrol,Manual,First,2019,102166,2000,0,17259.0
105505,Kia,Diesel,Manual,First,2019,114759,1000,0,11287.0
105506,Volkswagen,Petrol,Automatic,Third,2023,84692,3000,4,24990.0
105507,Kia,Hybrid,Manual,Second,2015,92915,3500,0,22687.0
105508,BMW,Diesel,Manual,Second,2018,96419,1200,1,25240.0
105509,Toyota,Electric,Manual,Second,2023,85486,2500,1,35196.0
105510,BMW,Petrol,Manual,First,2017,89166,3000,0,32775.0
105511,Volkswagen,Petrol,Manual,Second,2013,16385,1000,0,10757.0
105512,Honda,Hybrid,Automatic,First,2017,139790,1200,0,23054.0
105513,Ford,Diesel,Manual,First,2013,94072,1400,0,11173.0
105514,Nissan,Hybrid,Manual,First,2024,92563,3000,0,35792.0
105515,Kia,Petrol,Manual,Second,2015,75885,1400,0,10499.0
105516,Mercedes,Diesel,Manual,First,2016,6815,2000,0,32647.0
105517,Kia,Diesel,Automatic,First,2020,3000,3000,2,28147.0
105518,Hyundai,Petrol,Automatic,First,2024,80094,2200,0,24750.0
105519,Audi,Diesel,Automatic,First,2014,63757,3500,1,30021.0
105520,Volkswagen,Diesel,Manual,First,2023,87728,2000,0,28446.0
105521,BMW,Petrol,Automatic,Second,2016,55937,1200,0,26219.0
105522,Mercedes,Petrol,Automatic,First,2013,54324,2000,0,32526.0
105523,Honda,Diesel,Automatic,First,2014,57216,3500,0,25897.0
105524,Honda,Diesel,Automatic,Second,2024,51381,1000,0,30608.0
105525,Honda,Hybrid,Manual,Second,2016,33240,2200,0,28058.0
105526,Nissan,Petrol,Manual,Second,2018,27602,2000,0,21808.0
105527,Hyundai,Petrol,Manual,First,2024,79623,2500,0,26293.0
105528,Honda,Electric,Automatic,Second,2017,83517,1200,1,24297.0
105529,Honda,Electric,Manual,First,2025,3000,1000,0,39437.0
105530,Volkswagen,Petrol,Automatic,Second,2025,58805,3000,0,36065.0
105531,Hyundai,Hybrid,Automatic,First,2013,58209,3000,1,22946.0
105532,Ford,Petrol,Manual,First,2024,78671,3500,0,34027.0
105533,Ford,Petrol,Manual,Second,2025,79604,2200,0,26732.0
105534,Hyundai,Petrol,Manual,First,2020,85732,1000,0,18551.0
105535,Audi,Petrol,Automatic,First,2019,54721,1200,0,34433.0
105536,Nissan,Hybrid,Automatic,Second,2020,43778,3000,0,33710.0
105537,Mercedes,Diesel,Automatic,First,2020,13461,1800,2,37636.0
105538,Kia,Electric,Automatic,Second,2016,61675,1200,0,19142.0
105539,Volkswagen,Diesel,Automatic,Second,2022,17934,1800,0,31170.0
105540,Toyota,Petrol,Automatic,First,2018,43824,1000,0,23001.0
105541,Ford,Diesel,Automatic,First,2018,23237,3500,0,29264.0
105542,Hyundai,Electric,Manual,Third,2021,105678,1800,0,22573.0
105543,Mercedes,Diesel,Manual,First,2020,26548,2200,0,40325.0
105544,Hyundai,Hybrid,Manual,Second,2020,39127,2500,1,25512.0
105545,Kia,Electric,Manual,First,2017,81542,1400,0,19831.0
105546,Mercedes,Petrol,Automatic,Second,2014,99179,1600,0,24289.0
105547,Ford,Diesel,Manual,First,2019,43067,1200,0,17591.0
105548,Honda,Hybrid,Automatic,Second,2012,110663,1000,0,13246.0
105549,Hyundai,Electric,Automatic,First,2021,56416,3500,0,37596.0
105550,Toyota,Petrol,Automatic,Second,2022,99846,2500,0,28432.0
105551,Ford,Diesel,Automatic,First,2015,66303,2200,1,19153.0
105552,BMW,Diesel,Manual,Second,2021,25455,2500,0,39504.0
105553,Toyota,Petrol,Automatic,First,2013,38832,1800,1,21261.0
105554,Audi,Diesel,Manual,First,2016,61469,1800,1,27187.0
105555,Nissan,Petrol,Manual,Second,2023,96537,1000,1,14627.0
105556,Ford,Petrol,Automatic,First,2023,81443,3000,1,31306.0
105557,Honda,Petrol,Automatic,First,2018,102931,1400,0,20789.0
105558,Ford,Diesel,Manual,First,2022,43951,1000,1,17373.0
105559,Kia,Petrol,Automatic,Third,2012,17287,1600,0,10816.0
105560,Mercedes,Diesel,Automatic,First,2015,83045,1600,0,32516.0
105561,Hyundai,Petrol,Manual,First,2014,78440,2500,0,15432.0
105562,Mercedes,Petrol,Manual,Second,2015,60300,3500,0,36176.0
105563,Mercedes,Petrol,Manual,First,2017,49815,3500,0,42231.0
105564,Ford,Petrol,Automatic,First,2021,52601,1800,0,26547.0
105565,Kia,Diesel,Automatic,Second,2017,42177,3500,0,24700.0
105566,Hyundai,Hybrid,Automatic,First,2023,75248,1800,0,25471.0
105567,Hyundai,Petrol,Automatic,Second,2012,84056,1000,0,6525.0
105568,Mercedes,Petrol,Automatic,First,2014,104118,1600,2,23901.0
105569,Audi,Diesel,Automatic,Third,2012,65234,2500,1,25009.0
105570,Nissan,Petrol,Manual,Third,2024,74980,2500,0,25247.0
105571,Kia,Electric,Manual,First,2012,15336,1600,0,17510.0
105572,Audi,Diesel,Manual,Second,2012,68252,1400,0,15743.0
105573,Volkswagen,Petrol,Manual,Second,2014,83272,1600,0,15415.0
105574,Volkswagen,Petrol,Automatic,First,2025,40817,2000,1,30684.0
105575,Toyota,Diesel,Automatic,First,2013,107447,1400,0,16727.0
105576,Mercedes,Petrol,Manual,Third,2025,40911,1400,0,40128.0
105577,Hyundai,Petrol,Manual,First,2023,72792,3000,0,26539.0
105578,Ford,Petrol,Automatic,First,2015,70303,1400,0,19474.0
105579,Hyundai,Hybrid,Automatic,Second,2018,38792,1000,1,18467.0
105580,Hyundai,Diesel,Manual,Second,2022,60295,1400,1,18799.0
105581,Honda,Petrol,Automatic,First,2022,66668,2500,0,31590.0
105582,Hyundai,Diesel,Automatic,First,2025,67912,3000,0,31353.0
105583,Toyota,Petrol,Automatic,First,2013,18659,1600,1,16954.0
105584,Audi,Diesel,Manual,Third,2013,75527,2000,0,25682.0
105585,Volkswagen,Petrol,Automatic,Third,2024,94887,3500,0,29654.0
105586,Hyundai,Diesel,Manual,First,2023,91411,2500,0,22056.0
105587,Hyundai,Electric,Automatic,Second,2023,87724,2200,0,30294.0
105588,Honda,Petrol,Automatic,First,2024,35569,2500,0,36102.0
105589,Kia,Petrol,Manual,Second,2022,85541,1400,0,14412.0
105590,Ford,Petrol,Automatic,First,2018,19771,1600,1,21603.0
105591,Kia,Petrol,Automatic,First,2023,59506,1000,0,20399.0
105592,Ford,Petrol,Automatic,First,2020,31074,1600,1,23559.0
105593,Nissan,Hybrid,Manual,First,2022,94364,1800,1,26128.0
105594,Hyundai,Electric,Automatic,First,2014,67989,1200,0,21191.0
105595,Honda,Petrol,Automatic,First,2021,6308,1000,1,29970.0
105596,BMW,Diesel,Manual,Third,2019,54705,1800,0,31718.0
105597,Mercedes,Diesel,Automatic,Third,2017,21698,2500,1,32384.0
105598,Volkswagen,Diesel,Automatic,Second,2024,48231,2500,0,33723.0
105599,Audi,Petrol,Manual,First,2025,54633,3000,0,44545.0
105600,Volkswagen,Petrol,Automatic,First,2017,84556,2500,1,23806.0
105601,Audi,Diesel,Automatic,First,2014,92042,2200,1,27773.0
105602,Nissan,Petrol,Automatic,First,2021,22308,1000,0,22126.0
105603,Kia,Hybrid,Manual,First,2020,56136,3500,0,28189.0
105604,Toyota,Hybrid,Automatic,First,2020,53092,1000,0,26343.0
105605,Hyundai,Petrol,Automatic,First,2015,26552,2500,0,19778.0
105606,BMW,Petrol,Manual,Second,2024,56508,1800,0,36666.0
105607,Audi,Electric,Automatic,Second,2024,90984,2000,0,43757.0
105608,Mercedes,Diesel,Automatic,First,2021,33460,1600,0,37678.0
105609,Audi,Hybrid,Automatic,Second,2023,90706,1600,1,38663.0
105610,Toyota,Petrol,Manual,First,2017,23750,3500,0,31896.0
105611,Volkswagen,Diesel,Automatic,First,2016,112416,3000,0,22554.0
105612,Honda,Diesel,Manual,First,2015,64009,2500,0,24680.0
105613,Volkswagen,Hybrid,Manual,Second,2013,42316,1600,0,17689.0
105614,Nissan,Petrol,Automatic,First,2015,83804,2200,0,16949.0
105615,Honda,Petrol,Automatic,Second,2018,139368,2500,2,22321.0
105616,Volkswagen,Petrol,Manual,First,2014,105590,2200,0,16998.0
105617,Mercedes,Hybrid,Automatic,First,2014,63133,1800,0,37345.0
105618,Volkswagen,Electric,Automatic,First,2022,103742,3500,0,37453.0
105619,Mercedes,Electric,Manual,Second,2014,133326,1000,1,22155.0
105620,Mercedes,Electric,Automatic,First,2020,53709,2000,0,45237.0
105621,Honda,Petrol,Automatic,Second,2025,69908,2500,0,37546.0
105622,Kia,Petrol,Automatic,First,2012,40398,2000,1,11691.0
105623,Ford,Petrol,Automatic,First,2016,53394,2500,0,23508.0
105624,Hyundai,Petrol,Automatic,Second,2020,56640,2000,0,20506.0
105625,Audi,Hybrid,Manual,First,2025,51768,1200,0,39107.0
105626,Ford,Hybrid,Manual,First,2018,100314,2000,0,23524.0
105627,Toyota,Petrol,Automatic,First,2023,8592,3000,0,37570.0
105628,Kia,Diesel,Automatic,Second,2023,65769,1200,0,17633.0
105629,Ford,Electric,Automatic,Second,2012,63264,1400,1,17953.0
105630,Honda,Diesel,Automatic,First,2015,50867,3000,1,25535.0
105631,Toyota,Petrol,Automatic,Second,2017,89734,2200,0,24677.0
105632,BMW,Diesel,Automatic,Second,2016,88961,1000,0,26495.0
105633,Kia,Petrol,Manual,First,2013,66395,1600,0,8515.0
105634,Ford,Diesel,Automatic,First,2012,74396,1600,0,13374.0
105635,Toyota,Petrol,Automatic,Second,2022,63518,3500,1,35477.0
105636,BMW,Petrol,Automatic,Second,2015,83697,1800,0,28699.0
105637,Volkswagen,Electric,Automatic,First,2023,112240,2200,0,37516.0
105638,Toyota,Diesel,Manual,Second,2021,96990,1800,1,23704.0
105639,Honda,Diesel,Automatic,First,2016,132096,3500,0,27485.0
105640,Volkswagen,Electric,Manual,Second,2015,90241,2000,0,24312.0
105641,Honda,Petrol,Automatic,First,2014,9901,3000,0,31513.0
105642,Ford,Petrol,Automatic,First,2021,84308,1200,0,17636.0
105643,Hyundai,Hybrid,Manual,First,2019,42840,2000,1,26608.0
105644,Ford,Petrol,Automatic,First,2023,104361,2000,0,26717.0
105645,Volkswagen,Hybrid,Automatic,First,2025,56798,1000,0,27407.0
105646,Mercedes,Petrol,Manual,Second,2017,25235,2000,0,33481.0
105647,Ford,Petrol,Automatic,Second,2022,75147,2200,2,22918.0
105648,Volkswagen,Diesel,Manual,Second,2025,56692,2200,0,31177.0
105649,Toyota,Petrol,Automatic,First,2023,77724,1400,2,30176.0
105650,Nissan,Hybrid,Automatic,Second,2014,75536,2500,0,18336.0
105651,Ford,Diesel,Automatic,First,2017,75858,2200,0,23100.0
105652,Toyota,Electric,Manual,First,2021,76228,1600,0,32706.0
105653,Honda,Hybrid,Automatic,First,2019,91176,1600,1,25507.0
105654,Kia,Petrol,Automatic,First,2018,70302,3500,1,22443.0
105655,Hyundai,Hybrid,Automatic,First,2024,61293,2200,1,30971.0
105656,Honda,Diesel,Automatic,First,2012,57368,1200,0,13140.0
105657,Honda,Diesel,Automatic,Third,2017,54309,1800,0,20740.0
105658,Volkswagen,Hybrid,Automatic,Second,2012,56890,2000,0,18630.0
105659,Mercedes,Diesel,Manual,Second,2024,90828,1600,0,36137.0
105660,Audi,Diesel,Automatic,First,2015,104931,1000,0,21057.0
105661,Nissan,Diesel,Automatic,Second,2021,88905,1000,1,16482.0
105662,Mercedes,Petrol,Automatic,First,2014,74303,1400,0,28142.0
105663,Volkswagen,Petrol,Automatic,Second,2018,67848,3000,0,31749.0
105664,Hyundai,Diesel,Manual,First,2013,72213,1200,1,4694.0
105665,Nissan,Petrol,Automatic,First,2024,72538,1800,1,27660.0
105666,Nissan,Petrol,Automatic,First,2023,47294,2200,0,30839.0
105667,Volkswagen,Petrol,Automatic,Second,2015,43533,1200,1,16366.0
105668,BMW,Diesel,Manual,First,2016,67699,1000,1,22665.0
105669,Honda,Petrol,Manual,Second,2013,39499,2200,2,18840.0
105670,Kia,Hybrid,Automatic,Third,2020,41387,1800,0,23603.0
105671,BMW,Petrol,Automatic,First,2013,44781,2200,0,30883.0
105672,Volkswagen,Diesel,Automatic,First,2017,100635,1000,0,15446.0
105673,BMW,Petrol,Automatic,Second,2023,109883,2000,0,36032.0
105674,Kia,Diesel,Automatic,First,2019,65104,2000,0,22571.0
105675,Volkswagen,Petrol,Manual,Third,2023,66901,2200,1,26436.0
105676,Volkswagen,Electric,Automatic,Second,2018,86714,2500,0,29695.0
105677,Nissan,Electric,Manual,First,2025,38177,3000,0,41714.0
105678,BMW,Hybrid,Automatic,First,2017,68670,3500,0,43223.0
105679,Toyota,Electric,Manual,Third,2019,124548,1800,0,24247.0
105680,Ford,Petrol,Automatic,Third,2016,63185,1600,0,14015.0
105681,Volkswagen,Diesel,Automatic,First,2021,61890,1800,0,29774.0
105682,BMW,Diesel,Manual,First,2020,62512,3500,1,40810.0
105683,Audi,Diesel,Automatic,Second,2013,57955,1800,1,27726.0
105684,Hyundai,Hybrid,Automatic,First,2017,77857,3000,1,28276.0
105685,Audi,Diesel,Manual,Third,2023,74222,2200,0,34257.0
105686,BMW,Electric,Automatic,Second,2021,3701,1200,1,41826.0
105687,Honda,Petrol,Automatic,Second,2023,82455,1200,0,25520.0
105688,Honda,Hybrid,Manual,First,2023,36128,1000,0,28320.0
105689,BMW,Diesel,Manual,Second,2022,85105,1200,2,31426.0
105690,Nissan,Diesel,Manual,First,2018,66077,1200,1,16330.0
105691,Nissan,Petrol,Automatic,First,2020,69238,1800,0,24722.0
105692,Volkswagen,Hybrid,Manual,First,2016,71461,3000,0,25527.0
105693,Kia,Electric,Manual,First,2017,48827,2200,0,24954.0
105694,Ford,Petrol,Manual,Second,2020,47190,1800,0,19052.0
105695,Volkswagen,Diesel,Manual,Second,2021,87437,3500,0,29406.0
105696,Audi,Petrol,Automatic,First,2017,49453,1600,0,30197.0
105697,Ford,Electric,Automatic,First,2025,33257,2000,0,37458.0
105698,Audi,Diesel,Manual,First,2022,79476,1600,1,30921.0
105699,Nissan,Petrol,Manual,First,2023,78048,3500,0,33803.0
105700,BMW,Petrol,Automatic,Second,2012,63853,2200,0,27818.0
105701,Kia,Diesel,Manual,First,2015,71510,1400,1,10502.0
105702,Audi,Petrol,Manual,Third,2015,68481,2500,0,25199.0
105703,Nissan,Diesel,Manual,Second,2014,83321,2500,0,15727.0
105704,Kia,Electric,Manual,First,2025,90141,1400,0,25662.0
105705,Volkswagen,Hybrid,Manual,First,2019,80692,2200,0,24782.0
105706,BMW,Petrol,Manual,First,2017,91884,1000,1,26885.0
105707,Hyundai,Electric,Manual,First,2018,113684,1800,0,24272.0
105708,Honda,Diesel,Automatic,First,2020,78904,3000,1,26316.0
105709,Mercedes,Petrol,Automatic,First,2019,63324,1200,1,32456.0
105710,Kia,Petrol,Automatic,Third,2014,18031,1400,0,16455.0
105711,Hyundai,Petrol,Automatic,First,2015,25943,1600,0,16403.0
105712,Hyundai,Hybrid,Automatic,Second,2012,76205,1200,0,11867.0
105713,Kia,Petrol,Manual,First,2025,57339,3500,1,30399.0
105714,Hyundai,Petrol,Manual,First,2015,50284,2000,0,16828.0
105715,Audi,Hybrid,Automatic,First,2023,82152,1800,0,38343.0
105716,Hyundai,Diesel,Manual,First,2020,86397,1800,2,16948.0
105717,Nissan,Hybrid,Automatic,First,2016,75073,2500,0,28193.0
105718,Ford,Diesel,Automatic,Second,2014,53216,2000,0,17725.0
105719,Audi,Petrol,Manual,Second,2013,124248,1000,0,15447.0
105720,Hyundai,Hybrid,Automatic,Second,2017,62602,1000,0,14878.0
105721,Volkswagen,Petrol,Manual,Second,2015,92516,3500,0,22786.0
105722,Honda,Diesel,Automatic,Second,2017,58404,3500,2,25646.0
105723,BMW,Diesel,Automatic,Second,2014,33511,1800,0,26550.0
105724,Hyundai,Petrol,Manual,First,2014,67428,1400,0,8783.0
105725,Toyota,Electric,Automatic,Third,2012,139781,2500,0,18456.0
105726,Honda,Diesel,Manual,Third,2020,94389,1200,0,18349.0
105727,Volkswagen,Petrol,Automatic,Second,2018,62075,1800,1,23816.0
105728,Nissan,Electric,Automatic,First,2020,82010,2000,0,31569.0
105729,Hyundai,Diesel,Manual,First,2022,55470,1400,1,21318.0
105730,Nissan,Diesel,Manual,Second,2012,85806,2500,0,11209.0
105731,Hyundai,Diesel,Automatic,Second,2019,123257,2500,0,19032.0
105732,Mercedes,Hybrid,Automatic,Second,2013,49147,2000,1,30687.0
105733,Ford,Petrol,Manual,Second,2014,73188,3000,3,18693.0
105734,Nissan,Petrol,Automatic,First,2012,76515,1400,0,9823.0
105735,Ford,Diesel,Automatic,First,2018,53641,1400,1,16793.0
105736,Honda,Petrol,Manual,Second,2023,52223,2500,0,28490.0
105737,Mercedes,Diesel,Automatic,First,2022,70355,3500,0,46727.0
105738,BMW,Petrol,Automatic,Second,2016,45967,1600,0,28258.0
105739,Audi,Petrol,Automatic,Second,2024,95962,3500,1,40424.0
105740,Ford,Petrol,Manual,First,2022,60084,1000,1,17364.0
105741,Mercedes,Diesel,Automatic,First,2014,61274,2500,1,30425.0
105742,Ford,Hybrid,Manual,Second,2024,36984,2500,0,34929.0
105743,Kia,Petrol,Automatic,First,2015,40435,1800,0,13345.0
105744,Volkswagen,Diesel,Automatic,First,2023,50509,1200,0,26655.0
105745,BMW,Petrol,Automatic,Second,2023,50592,2200,1,38700.0
105746,Volkswagen,Diesel,Automatic,Second,2021,34275,1600,0,27526.0
105747,Hyundai,Petrol,Automatic,Second,2017,90450,2500,0,17288.0
105748,Ford,Diesel,Automatic,First,2017,108202,3500,1,23832.0
105749,Hyundai,Diesel,Manual,First,2013,60449,2000,0,14963.0
105750,Toyota,Electric,Manual,Second,2018,38052,2200,0,31116.0
105751,Ford,Petrol,Automatic,Second,2023,40229,3500,0,36736.0
105752,Mercedes,Hybrid,Manual,Second,2024,71631,1200,3,40294.0
105753,BMW,Diesel,Manual,First,2013,68216,1800,0,25904.0
105754,Hyundai,Electric,Automatic,First,2020,18494,1600,1,26701.0
105755,Ford,Petrol,Automatic,First,2025,3000,1400,1,31577.0
105756,Toyota,Petrol,Manual,First,2013,67917,2200,1,20195.0
105757,Volkswagen,Hybrid,Automatic,First,2016,87025,1000,2,16465.0
105758,Mercedes,Petrol,Automatic,Third,2019,101128,2000,0,33264.0
105759,Kia,Petrol,Automatic,First,2019,46564,1400,0,15747.0
105760,Ford,Petrol,Automatic,First,2024,99248,2200,0,30452.0
105761,Kia,Hybrid,Manual,First,2022,57722,3000,0,29126.0
105762,Honda,Petrol,Manual,Second,2024,30104,1400,0,25410.0
105763,BMW,Hybrid,Automatic,Third,2015,119540,1000,0,23504.0
105764,Ford,Diesel,Manual,Second,2018,16563,1400,0,21945.0
105765,Nissan,Petrol,Automatic,Second,2019,60016,3000,0,25821.0
105766,Toyota,Petrol,Manual,Second,2019,45827,3500,0,31043.0
105767,Hyundai,Petrol,Automatic,Third,2016,76638,1600,0,14794.0
105768,Nissan,Diesel,Automatic,First,2021,93748,1400,0,21891.0
105769,Honda,Diesel,Automatic,First,2013,10792,2200,1,21524.0
105770,BMW,Diesel,Automatic,First,2013,46344,2200,1,28867.0
105771,Volkswagen,Petrol,Automatic,First,2016,93733,1600,0,22361.0
105772,Mercedes,Diesel,Automatic,Second,2015,39529,3000,1,34832.0
105773,Kia,Hybrid,Automatic,First,2025,18785,3000,1,37111.0
105774,Honda,Diesel,Automatic,Second,2015,52012,1200,1,20774.0
105775,Hyundai,Hybrid,Manual,First,2014,47138,2200,0,16412.0
105776,Mercedes,Petrol,Automatic,First,2020,88831,2500,0,39684.0
105777,Volkswagen,Hybrid,Manual,First,2019,67392,2500,0,29780.0
105778,Hyundai,Petrol,Manual,Second,2015,43340,3500,0,20572.0
105779,Toyota,Petrol,Automatic,Second,2018,94201,1000,0,20730.0
105780,Kia,Hybrid,Automatic,Third,2019,65115,1200,2,14218.0
105781,Nissan,Electric,Manual,Second,2025,23865,2500,2,34505.0
105782,Ford,Diesel,Automatic,First,2017,45285,2200,0,21302.0
105783,Honda,Petrol,Manual,First,2013,49965,2200,1,17839.0
105784,Ford,Petrol,Manual,Second,2019,124471,1000,3,8258.0
105785,Mercedes,Diesel,Automatic,Second,2014,59883,1200,0,27757.0
105786,Ford,Hybrid,Automatic,First,2025,26688,1200,1,32493.0
105787,Nissan,Petrol,Automatic,First,2015,60676,1400,0,14249.0
105788,Audi,Hybrid,Manual,Second,2015,85911,1400,0,25980.0
105789,Mercedes,Petrol,Manual,First,2018,62833,1400,0,24495.0
105790,Kia,Hybrid,Manual,Third,2019,97683,1600,1,16258.0
105791,Hyundai,Electric,Automatic,Second,2020,87804,1600,0,20907.0
105792,Kia,Petrol,Automatic,First,2012,85554,3000,1,15901.0
105793,Ford,Petrol,Automatic,First,2012,85428,1400,0,11542.0
105794,BMW,Hybrid,Manual,Second,2023,103460,1400,0,38978.0
105795,Mercedes,Diesel,Automatic,Second,2025,97381,3000,1,39944.0
105796,Hyundai,Diesel,Automatic,Second,2018,32194,1600,0,20001.0
105797,Volkswagen,Diesel,Manual,Second,2015,32604,2000,0,22564.0
105798,Toyota,Petrol,Automatic,Second,2021,82811,3500,2,30220.0
105799,Kia,Hybrid,Automatic,First,2019,38245,1800,0,25229.0
105800,Kia,Petrol,Automatic,Third,2016,31787,3500,0,22861.0
105801,Mercedes,Electric,Automatic,First,2012,91684,1400,0,31631.0
105802,BMW,Petrol,Manual,First,2013,52318,2500,0,29160.0
105803,Ford,Diesel,Automatic,First,2021,86600,1800,1,21833.0
105804,Ford,Petrol,Automatic,First,2025,83064,2500,0,32089.0
105805,Mercedes,Petrol,Automatic,First,2014,65909,2000,0,36274.0
105806,Kia,Petrol,Automatic,Second,2013,91172,3000,0,17379.0
105807,Hyundai,Diesel,Automatic,First,2020,80193,1200,0,16615.0
105808,Toyota,Diesel,Automatic,Second,2024,91089,2200,0,31891.0
105809,Mercedes,Hybrid,Automatic,Second,2018,23532,3500,0,41636.0
105810,Hyundai,Petrol,Automatic,First,2013,60231,1600,0,12195.0
105811,Hyundai,Diesel,Manual,First,2018,23495,3500,0,26600.0
105812,Volkswagen,Hybrid,Automatic,First,2023,55137,2200,0,35913.0
105813,Nissan,Petrol,Manual,First,2023,34778,3000,1,30413.0
105814,Audi,Petrol,Automatic,First,2021,35288,3500,0,43416.0
105815,Toyota,Diesel,Automatic,First,2012,66442,1000,0,15235.0
105816,Honda,Petrol,Manual,First,2025,113334,1800,3,25473.0
105817,BMW,Petrol,Automatic,First,2025,75080,2000,0,43601.0
105818,Audi,Diesel,Automatic,First,2016,72829,1600,3,25345.0
105819,Volkswagen,Petrol,Automatic,Second,2016,22358,3500,0,28495.0
105820,Toyota,Diesel,Automatic,First,2020,116315,2000,0,23922.0
105821,Ford,Electric,Automatic,First,2015,71312,1000,0,20441.0
105822,Audi,Diesel,Automatic,First,2015,98344,2500,0,27257.0
105823,Ford,Diesel,Manual,First,2017,51920,2000,0,20390.0
105824,BMW,Petrol,Manual,Second,2025,84902,3500,1,41669.0
105825,Ford,Hybrid,Manual,First,2022,22598,1600,1,29232.0
105826,BMW,Petrol,Automatic,First,2013,74673,1800,0,25053.0
105827,Toyota,Diesel,Automatic,Second,2025,87022,2500,0,37391.0
105828,Kia,Electric,Manual,First,2021,115273,1200,1,20113.0
105829,BMW,Diesel,Automatic,First,2017,126080,1600,0,31531.0
105830,Hyundai,Diesel,Manual,First,2018,89588,2200,2,13822.0
105831,Honda,Petrol,Automatic,First,2015,29443,1200,0,21160.0
105832,Honda,Petrol,Automatic,First,2021,50617,2000,0,28991.0
105833,Mercedes,Hybrid,Manual,Third,2020,51221,3000,1,42484.0
105834,Honda,Petrol,Manual,First,2016,101515,1200,1,15437.0
105835,Mercedes,Diesel,Manual,Second,2025,64657,1600,1,34682.0
105836,Honda,Petrol,Manual,Second,2014,73816,3500,0,24382.0
105837,BMW,Hybrid,Manual,Second,2020,125865,3500,0,40740.0
105838,Hyundai,Petrol,Automatic,Second,2012,61582,1800,2,7256.0
105839,Kia,Diesel,Manual,Second,2019,34561,3500,0,25454.0
105840,Ford,Diesel,Manual,First,2012,80886,2500,1,16451.0
105841,Volkswagen,Diesel,Automatic,First,2021,37894,1800,0,27734.0
105842,Honda,Petrol,Automatic,Second,2019,42012,1800,1,25268.0
105843,Kia,Diesel,Manual,Second,2016,64352,3500,1,15985.0
105844,Kia,Petrol,Automatic,First,2018,131753,3000,1,23786.0
105845,BMW,Petrol,Automatic,First,2019,55508,3500,0,42362.0
105846,Toyota,Petrol,Automatic,Second,2022,83801,2000,2,24186.0
105847,Toyota,Diesel,Automatic,First,2023,58112,1800,0,30254.0
105848,Honda,Petrol,Automatic,Third,2012,69990,1400,0,9021.0
105849,Volkswagen,Electric,Manual,First,2012,106682,1000,0,16590.0
105850,Honda,Diesel,Manual,Second,2018,87494,2000,0,22885.0
105851,Honda,Petrol,Automatic,First,2012,66096,3500,0,30197.0
105852,Mercedes,Diesel,Manual,First,2015,57193,3000,2,32974.0
105853,Hyundai,Hybrid,Automatic,First,2017,110744,1600,1,17566.0
105854,Hyundai,Petrol,Automatic,First,2013,117769,2500,0,14079.0
105855,Volkswagen,Diesel,Automatic,First,2021,67715,1200,0,22931.0
105856,Mercedes,Diesel,Manual,Second,2016,91613,1200,0,24324.0
105857,Kia,Petrol,Automatic,First,2021,98090,1600,1,17636.0
105858,Mercedes,Hybrid,Automatic,First,2021,43457,1200,0,38478.0
105859,Honda,Petrol,Automatic,First,2022,59934,2000,0,30841.0
105860,Toyota,Petrol,Manual,Second,2022,87300,2500,0,30018.0
105861,Audi,Hybrid,Manual,First,2021,73814,1400,0,31883.0
105862,Volkswagen,Diesel,Automatic,Third,2022,46618,1400,0,25071.0
105863,Kia,Hybrid,Automatic,Second,2017,47213,1600,1,20029.0
105864,BMW,Diesel,Manual,Second,2016,89060,1800,1,25697.0
105865,Audi,Diesel,Manual,First,2021,37132,1400,1,33044.0
105866,Audi,Hybrid,Automatic,Second,2019,54123,2000,0,37593.0
105867,Mercedes,Petrol,Manual,First,2022,40272,1800,0,39456.0
105868,Ford,Hybrid,Manual,Second,2015,80906,2500,0,18087.0
105869,Audi,Diesel,Automatic,First,2019,99944,3500,0,39443.0
105870,Honda,Petrol,Automatic,Second,2022,3000,1600,1,28258.0
105871,Nissan,Diesel,Automatic,First,2014,33711,2000,0,18532.0
105872,Toyota,Petrol,Manual,First,2018,54508,3000,0,29972.0
105873,Toyota,Diesel,Automatic,First,2023,91785,2000,0,30392.0
105874,Nissan,Diesel,Automatic,First,2016,22596,3500,0,26270.0
105875,Hyundai,Electric,Manual,Second,2023,87263,1800,0,28824.0
105876,Honda,Petrol,Manual,Third,2016,109051,2500,0,17207.0
105877,BMW,Diesel,Automatic,Second,2017,67916,1600,1,27668.0
105878,Audi,Petrol,Automatic,First,2023,76952,2000,0,39445.0
105879,Hyundai,Diesel,Automatic,First,2016,63489,2200,0,17251.0
105880,Honda,Diesel,Manual,First,2024,18605,3500,0,42590.0
105881,Mercedes,Diesel,Manual,First,2012,50449,2000,0,25989.0
105882,Toyota,Hybrid,Automatic,Third,2020,93086,2500,0,29180.0
105883,Hyundai,Hybrid,Automatic,First,2022,90225,1200,0,23975.0
105884,Volkswagen,Petrol,Manual,Second,2015,85965,1800,1,11654.0
105885,Audi,Petrol,Automatic,Second,2016,60455,1400,0,24011.0
105886,Audi,Diesel,Automatic,Second,2012,84956,1600,1,23949.0
105887,BMW,Diesel,Automatic,Third,2014,66694,3500,0,33474.0
105888,Ford,Petrol,Manual,First,2014,13728,2500,0,23015.0
105889,Volkswagen,Diesel,Automatic,First,2019,38470,1200,0,25060.0
105890,Audi,Petrol,Automatic,Second,2022,46101,3000,0,41338.0
105891,Kia,Petrol,Automatic,Second,2019,27123,2200,0,22132.0
105892,Volkswagen,Hybrid,Manual,First,2020,62389,1000,0,22727.0
105893,Audi,Petrol,Automatic,First,2025,87318,1400,1,38278.0
105894,Nissan,Petrol,Automatic,Second,2021,120117,2500,0,21974.0
105895,Volkswagen,Petrol,Manual,First,2018,45919,1200,0,19334.0
105896,Honda,Hybrid,Manual,Third,2017,46491,3500,0,26422.0
105897,Volkswagen,Electric,Manual,First,2025,92687,2200,0,39091.0
105898,BMW,Diesel,Automatic,Second,2019,45614,1000,0,30285.0
105899,Mercedes,Petrol,Manual,Second,2014,98646,1400,0,21663.0
105900,Mercedes,Electric,Automatic,Second,2021,65742,3500,0,53317.0
105901,Mercedes,Diesel,Automatic,First,2021,55271,1200,0,32376.0
105902,Honda,Hybrid,Automatic,Second,2021,58183,1200,0,25912.0
105903,Hyundai,Hybrid,Automatic,Second,2019,117499,3500,0,24392.0
105904,Mercedes,Petrol,Automatic,Second,2014,63120,1200,1,25593.0
105905,Toyota,Diesel,Automatic,First,2024,26907,1600,1,32450.0
105906,Honda,Petrol,Manual,First,2013,120078,2000,0,15449.0
105907,Hyundai,Petrol,Automatic,First,2020,88617,1000,0,18852.0
105908,Toyota,Hybrid,Automatic,First,2012,71605,3500,1,27824.0
105909,Toyota,Hybrid,Automatic,Second,2021,3000,2200,0,36139.0
105910,Toyota,Diesel,Manual,First,2021,45738,2200,0,26055.0
105911,Kia,Diesel,Automatic,Second,2013,62736,1000,0,8948.0
105912,BMW,Petrol,Automatic,First,2018,25524,3500,0,40642.0
105913,BMW,Petrol,Automatic,First,2012,50714,3000,0,32594.0
105914,Honda,Petrol,Manual,Second,2023,34032,2500,0,32737.0
105915,Toyota,Diesel,Automatic,Third,2016,74353,1200,0,18987.0
105916,Nissan,Diesel,Automatic,Third,2023,90060,2200,0,29377.0
105917,Volkswagen,Petrol,Automatic,Second,2020,88036,1200,0,23558.0
105918,Hyundai,Electric,Manual,Second,2020,87863,1600,0,25165.0
105919,BMW,Petrol,Automatic,Third,2022,45123,1800,0,35256.0
105920,Mercedes,Hybrid,Manual,Second,2015,116633,3500,0,39694.0
105921,Honda,Diesel,Automatic,Third,2021,73030,1400,0,24482.0
105922,Hyundai,Petrol,Manual,First,2025,6002,2200,1,33530.0
105923,Honda,Hybrid,Automatic,Third,2013,81905,2200,0,22282.0
105924,Nissan,Diesel,Manual,Second,2020,40546,2000,2,15071.0
105925,Kia,Diesel,Automatic,First,2022,57719,2200,1,26064.0
105926,Kia,Diesel,Automatic,First,2015,72920,1400,0,13970.0
105927,Toyota,Petrol,Automatic,Second,2014,76989,2200,1,18257.0
105928,Kia,Diesel,Automatic,First,2024,96925,2200,0,26643.0
105929,Honda,Electric,Manual,Third,2014,70946,3000,1,25980.0
105930,Mercedes,Petrol,Automatic,First,2024,104801,1200,0,37486.0
105931,Toyota,Petrol,Manual,First,2018,52674,1400,0,21889.0
105932,Audi,Electric,Automatic,First,2023,97272,1600,0,41423.0
105933,Hyundai,Petrol,Manual,First,2013,26301,2500,0,16008.0
105934,Nissan,Diesel,Automatic,Second,2016,25967,1000,0,15009.0
105935,Toyota,Diesel,Automatic,Second,2013,79903,1200,1,13817.0
105936,Honda,Diesel,Automatic,First,2018,28539,1200,1,24329.0
105937,Hyundai,Petrol,Manual,First,2018,91685,1200,0,11450.0
105938,Mercedes,Petrol,Manual,First,2014,76982,1200,1,23139.0
105939,Ford,Petrol,Automatic,Second,2014,95497,2200,0,15568.0
105940,Nissan,Diesel,Automatic,First,2019,86190,2000,1,22514.0
105941,Honda,Diesel,Automatic,First,2018,98707,2200,1,23984.0
105942,Nissan,Diesel,Automatic,First,2015,97302,2000,1,13220.0
105943,BMW,Diesel,Automatic,Second,2013,72018,3500,1,32012.0
105944,Ford,Petrol,Automatic,First,2023,62598,1000,0,25348.0
105945,Hyundai,Petrol,Automatic,First,2024,98695,2000,0,26688.0
105946,Kia,Hybrid,Manual,Second,2014,118669,1600,0,9604.0
105947,Honda,Diesel,Manual,Third,2022,57241,3000,0,31319.0
105948,Nissan,Petrol,Automatic,Second,2022,99083,2000,1,22116.0
105949,Hyundai,Petrol,Manual,First,2025,58466,3000,0,31374.0
105950,Kia,Petrol,Automatic,First,2022,54850,2500,2,24664.0
105951,Mercedes,Petrol,Manual,Third,2014,83391,1800,0,28565.0
105952,Mercedes,Hybrid,Automatic,First,2016,89442,3500,0,45776.0
105953,Nissan,Electric,Manual,First,2024,82697,2200,0,35172.0
105954,Toyota,Hybrid,Automatic,First,2018,69918,2500,0,31198.0
105955,BMW,Electric,Automatic,Third,2015,70793,1800,0,34734.0
105956,Toyota,Electric,Manual,Second,2012,26583,2500,0,26413.0
105957,BMW,Diesel,Automatic,Second,2014,68757,3500,0,33877.0
105958,Honda,Petrol,Automatic,First,2014,105852,3000,0,22307.0
105959,Audi,Hybrid,Automatic,Second,2012,99862,1800,0,22174.0
105960,Nissan,Petrol,Manual,First,2019,47139,2500,0,19792.0
105961,Volkswagen,Petrol,Automatic,First,2015,83353,3000,0,23278.0
105962,Nissan,Petrol,Automatic,Second,2016,80062,1000,1,10490.0
105963,Ford,Diesel,Automatic,First,2014,115944,2200,1,13749.0
105964,Kia,Petrol,Manual,First,2015,93308,2200,0,16011.0
105965,Ford,Petrol,Automatic,Third,2012,75458,1200,1,6917.0
105966,Mercedes,Diesel,Manual,First,2024,86026,1200,0,33701.0
105967,BMW,Hybrid,Automatic,Second,2024,44832,2500,0,48136.0
105968,Kia,Diesel,Automatic,Second,2015,74344,2200,0,14754.0
105969,Mercedes,Hybrid,Automatic,Third,2013,126709,1400,0,23559.0
105970,Kia,Petrol,Automatic,Second,2021,67437,3500,0,27462.0
105971,Toyota,Petrol,Manual,Second,2025,54082,1600,0,31511.0
105972,Mercedes,Diesel,Automatic,First,2017,103669,1400,0,29343.0
105973,Toyota,Diesel,Manual,First,2013,55467,1600,0,17467.0
105974,Toyota,Diesel,Automatic,Third,2020,38251,3500,1,32606.0
105975,Kia,Hybrid,Automatic,First,2013,111633,1800,1,13287.0
105976,Hyundai,Hybrid,Automatic,Second,2015,51946,3500,0,24670.0
105977,Ford,Electric,Manual,First,2024,63426,1000,0,27291.0
105978,Mercedes,Petrol,Manual,First,2015,58381,2000,0,30780.0
105979,Volkswagen,Petrol,Automatic,First,2023,122832,1800,0,24677.0
105980,Hyundai,Diesel,Manual,First,2022,4859,1800,0,26029.0
105981,Ford,Petrol,Automatic,Third,2012,83115,3000,0,14513.0
105982,Mercedes,Petrol,Manual,Second,2024,27381,1400,0,39916.0
105983,BMW,Petrol,Manual,First,2022,97466,1400,0,31165.0
105984,Ford,Petrol,Manual,Second,2018,48959,3000,0,24062.0
105985,Volkswagen,Petrol,Manual,Second,2012,57141,2500,1,13844.0
105986,Nissan,Petrol,Manual,Second,2024,57728,3000,0,31830.0
105987,Honda,Diesel,Manual,Second,2019,68099,3500,0,30429.0
105988,Toyota,Diesel,Automatic,First,2014,36993,3500,0,27480.0
105989,Honda,Diesel,Automatic,First,2025,97234,2500,1,36953.0
105990,Hyundai,Diesel,Manual,Second,2019,46887,2200,0,18321.0
105991,Nissan,Petrol,Manual,Third,2019,52547,1200,0,14482.0
105992,Toyota,Petrol,Automatic,Second,2021,34863,1800,1,28520.0
105993,Mercedes,Petrol,Automatic,Second,2023,95771,3500,0,46454.0
105994,Hyundai,Hybrid,Manual,Second,2025,59741,2200,0,29803.0
105995,Volkswagen,Diesel,Manual,Second,2021,111418,1800,2,19299.0
105996,Kia,Petrol,Automatic,Second,2016,3000,1000,1,14256.0
105997,Mercedes,Petrol,Automatic,First,2025,89463,3500,0,47398.0
105998,Ford,Electric,Automatic,First,2025,29385,2000,0,39646.0
105999,Kia,Diesel,Automatic,Second,2014,43205,2000,1,15639.0
106000,Hyundai,Hybrid,Manual,First,2022,64907,2000,1,28195.0
106001,Ford,Petrol,Manual,First,2022,85029,1400,0,23178.0
106002,Volkswagen,Petrol,Automatic,Second,2023,149759,1000,2,19344.0
106003,Honda,Hybrid,Automatic,First,2022,42654,2200,0,37029.0
106004,Ford,Diesel,Manual,Third,2020,45101,2000,0,21369.0
106005,Honda,Diesel,Automatic,Third,2012,46039,1800,0,18250.0
106006,Toyota,Diesel,Automatic,First,2012,53261,1400,0,15173.0
106007,BMW,Diesel,Manual,First,2025,96289,2000,0,38220.0
106008,Audi,Diesel,Manual,Second,2013,67595,3500,0,33202.0
106009,Mercedes,Petrol,Automatic,First,2024,114706,3000,1,41953.0
106010,Audi,Petrol,Manual,First,2021,106047,2500,0,34373.0
106011,Toyota,Hybrid,Automatic,Second,2017,86005,2500,1,25504.0
106012,Ford,Petrol,Automatic,Second,2013,54671,2500,0,16355.0
106013,Toyota,Diesel,Automatic,First,2015,10865,1000,0,22038.0
106014,Audi,Diesel,Automatic,Second,2017,62092,2200,0,31365.0
106015,Audi,Electric,Automatic,Second,2013,42283,1000,0,31481.0
106016,Mercedes,Petrol,Automatic,First,2015,63138,2200,0,30086.0
106017,Kia,Petrol,Manual,Second,2018,55503,1200,2,12161.0
106018,Nissan,Hybrid,Manual,First,2012,53741,1400,0,15485.0
106019,Toyota,Hybrid,Automatic,First,2020,64621,3500,0,37409.0
106020,BMW,Diesel,Automatic,Second,2021,12576,1200,0,36918.0
106021,Nissan,Diesel,Automatic,Third,2021,49950,3500,0,27271.0
106022,Toyota,Petrol,Automatic,First,2018,103078,1000,0,17498.0
106023,Volkswagen,Diesel,Automatic,Third,2020,95256,1800,0,18484.0
106024,Hyundai,Hybrid,Manual,First,2018,64405,2500,0,23267.0
106025,Hyundai,Hybrid,Automatic,First,2022,15220,2000,0,31589.0
106026,Audi,Petrol,Automatic,First,2012,56001,1600,0,25108.0
106027,Hyundai,Petrol,Automatic,First,2018,48702,3500,1,25184.0
106028,Honda,Diesel,Automatic,First,2022,70292,1000,0,28837.0
106029,BMW,Electric,Manual,Third,2020,69644,3500,1,43724.0
106030,Hyundai,Diesel,Automatic,First,2024,79831,1200,0,19542.0
106031,Ford,Petrol,Automatic,First,2019,23183,1200,0,26510.0
106032,Honda,Petrol,Manual,Second,2023,8562,1400,0,31846.0
106033,Nissan,Diesel,Automatic,First,2015,51902,1200,0,17315.0
106034,Honda,Petrol,Automatic,Second,2016,33668,1600,0,22593.0
106035,Toyota,Hybrid,Manual,First,2014,70759,1600,0,21610.0
106036,Audi,Hybrid,Manual,First,2021,66988,1800,1,33793.0
106037,Mercedes,Diesel,Automatic,Second,2021,27550,3000,0,43758.0
106038,Mercedes,Petrol,Automatic,First,2023,73496,1400,2,35779.0
106039,Volkswagen,Hybrid,Manual,First,2013,85749,2000,0,19702.0
106040,BMW,Petrol,Automatic,First,2014,113221,3500,0,32205.0
106041,Toyota,Petrol,Automatic,First,2018,30964,1600,0,23183.0
106042,Mercedes,Electric,Automatic,Second,2019,58882,2200,1,43143.0
106043,Audi,Hybrid,Automatic,First,2013,47095,1600,0,29526.0
106044,Nissan,Hybrid,Automatic,Second,2020,121871,2200,0,23148.0
106045,Mercedes,Petrol,Automatic,Second,2024,12254,1000,0,40237.0
106046,Ford,Petrol,Manual,First,2015,87468,3000,0,22523.0
106047,Honda,Petrol,Automatic,Third,2013,52685,1000,0,12673.0
106048,Mercedes,Petrol,Automatic,Third,2018,34735,1800,0,34824.0
106049,Toyota,Hybrid,Automatic,Second,2022,59003,2500,0,36284.0
106050,Hyundai,Petrol,Manual,First,2013,71202,2500,1,14127.0
106051,Hyundai,Diesel,Automatic,First,2018,8821,2000,0,24025.0
106052,Nissan,Petrol,Automatic,First,2019,57015,2000,0,24462.0
106053,Hyundai,Petrol,Automatic,First,2024,55561,1200,1,23103.0
106054,Nissan,Electric,Automatic,First,2020,17349,1600,0,32969.0
106055,Toyota,Petrol,Manual,Second,2025,89798,2500,0,31758.0
106056,BMW,Petrol,Automatic,First,2023,34665,1200,2,38585.0
106057,Hyundai,Petrol,Automatic,Third,2023,102812,2000,0,23981.0
106058,Volkswagen,Petrol,Manual,First,2022,47612,1400,0,28002.0
106059,Audi,Diesel,Automatic,Second,2012,3000,2200,1,23647.0
106060,Honda,Petrol,Automatic,Third,2013,110182,3000,0,18058.0
106061,Hyundai,Diesel,Automatic,First,2013,27575,2500,0,22199.0
106062,Nissan,Hybrid,Manual,Third,2025,46808,2500,0,29452.0
106063,Toyota,Diesel,Automatic,First,2018,43426,3000,1,34352.0
106064,Hyundai,Petrol,Automatic,Third,2017,48505,1200,1,13796.0
106065,Mercedes,Diesel,Automatic,Third,2025,69774,2000,0,40616.0
106066,Hyundai,Petrol,Automatic,First,2022,99781,3000,1,24837.0
106067,Nissan,Diesel,Manual,Second,2020,4399,1200,0,20829.0
106068,Ford,Diesel,Manual,First,2014,59161,3000,0,20880.0
106069,Ford,Petrol,Manual,First,2019,95960,1200,2,13210.0
106070,Hyundai,Hybrid,Manual,First,2016,66365,3000,1,20277.0
106071,Honda,Electric,Manual,First,2016,73841,1000,0,21102.0
106072,Toyota,Hybrid,Automatic,Second,2021,96772,2000,0,32256.0
106073,Volkswagen,Petrol,Automatic,First,2024,19002,2000,0,35028.0
106074,Volkswagen,Diesel,Automatic,Second,2022,70025,1200,0,24626.0
106075,Hyundai,Electric,Automatic,First,2023,89518,2200,0,30151.0
106076,Hyundai,Petrol,Automatic,Third,2016,78388,3500,2,19440.0
106077,Ford,Hybrid,Automatic,First,2019,47148,1600,1,28628.0
106078,Nissan,Petrol,Automatic,First,2018,11186,1600,0,22427.0
106079,Honda,Petrol,Automatic,Second,2022,73706,3000,0,32230.0
106080,Hyundai,Hybrid,Manual,Second,2023,47859,1200,1,23390.0
106081,Volkswagen,Hybrid,Automatic,Second,2018,82834,3000,0,26931.0
106082,Toyota,Hybrid,Automatic,First,2015,41108,3000,0,34537.0
106083,BMW,Electric,Manual,First,2025,106378,2000,1,44863.0
106084,Mercedes,Petrol,Automatic,First,2017,96008,3500,0,39976.0
106085,Hyundai,Petrol,Automatic,First,2024,27329,2200,0,30198.0
106086,Nissan,Electric,Automatic,First,2012,114508,1600,0,14720.0
106087,Hyundai,Petrol,Manual,First,2017,24828,1000,1,15177.0
106088,Nissan,Diesel,Manual,Second,2016,83197,3000,0,19016.0
106089,Honda,Diesel,Automatic,Second,2024,57478,3000,0,37543.0
106090,BMW,Petrol,Automatic,Second,2012,61090,1000,0,21246.0
106091,Audi,Petrol,Automatic,First,2024,97786,1600,0,40254.0
106092,Toyota,Diesel,Automatic,Second,2022,75855,2200,0,28279.0
106093,Toyota,Hybrid,Manual,First,2012,27447,1400,0,19449.0
106094,Nissan,Diesel,Manual,First,2014,49331,1800,1,12781.0
106095,Ford,Diesel,Automatic,Second,2015,79301,1800,1,19351.0
106096,Nissan,Diesel,Manual,Second,2012,97141,2500,0,10100.0
106097,Ford,Petrol,Automatic,Second,2023,90477,3000,1,31352.0
106098,Kia,Petrol,Manual,First,2025,58720,1000,1,16111.0
106099,Volkswagen,Petrol,Manual,Third,2021,54346,1200,0,20794.0
106100,Toyota,Petrol,Automatic,First,2018,125018,1800,1,19393.0
106101,Honda,Petrol,Manual,Second,2013,92032,1000,0,11434.0
106102,Nissan,Petrol,Automatic,First,2022,59155,2000,0,29387.0
106103,Honda,Petrol,Automatic,First,2015,66025,2000,1,19593.0
106104,BMW,Petrol,Manual,First,2023,33451,1400,0,37117.0
106105,Honda,Diesel,Automatic,First,2020,54801,1600,0,26944.0
106106,Hyundai,Diesel,Automatic,First,2019,47550,1400,0,20516.0
106107,Volkswagen,Petrol,Manual,Third,2013,53639,1800,0,12843.0
106108,Hyundai,Electric,Manual,First,2022,98418,3000,0,31741.0
106109,Mercedes,Petrol,Automatic,Second,2022,26684,3500,0,45213.0
106110,Nissan,Hybrid,Automatic,Second,2020,59227,1400,0,25610.0
106111,Toyota,Petrol,Automatic,Second,2012,36606,1200,0,16414.0
106112,Nissan,Hybrid,Automatic,First,2017,72651,2000,0,22996.0
106113,Volkswagen,Petrol,Manual,Third,2014,105531,3500,0,18437.0
106114,Audi,Hybrid,Automatic,First,2012,86391,1000,1,22695.0
106115,Audi,Petrol,Automatic,First,2019,71689,3000,0,37392.0
106116,Mercedes,Diesel,Automatic,Second,2017,95310,3500,0,39403.0
106117,Volkswagen,Petrol,Automatic,First,2015,92018,1400,1,15012.0
106118,Kia,Petrol,Manual,Second,2014,52090,1400,1,7188.0
106119,Kia,Hybrid,Automatic,First,2024,13723,2500,0,34782.0
106120,Kia,Petrol,Automatic,First,2021,99925,2000,0,18362.0
106121,Toyota,Electric,Manual,First,2013,29726,1400,0,26153.0
106122,Toyota,Petrol,Automatic,Third,2024,30105,2000,0,35148.0
106123,Kia,Diesel,Automatic,Second,2016,57000,2000,0,19449.0
106124,Audi,Diesel,Automatic,First,2019,47523,1400,0,28435.0
106125,Volkswagen,Petrol,Automatic,First,2023,29749,2000,0,31386.0
106126,Honda,Petrol,Automatic,First,2019,62397,3500,0,34764.0
106127,Volkswagen,Hybrid,Automatic,Second,2014,56200,2500,0,24880.0
106128,Kia,Hybrid,Automatic,Second,2020,79515,3000,0,25929.0
106129,Volkswagen,Electric,Manual,Third,2021,65423,1400,1,26857.0
106130,BMW,Petrol,Automatic,Second,2016,74648,1200,0,27337.0
106131,Toyota,Diesel,Manual,Second,2018,60462,3500,0,29155.0
106132,Toyota,Petrol,Manual,First,2022,74970,3500,1,32432.0
106133,Audi,Petrol,Automatic,First,2020,52551,2200,0,34831.0
106134,Honda,Hybrid,Automatic,Second,2018,61166,2500,1,30272.0
106135,Kia,Petrol,Automatic,First,2021,39448,3000,0,30702.0
106136,Nissan,Petrol,Automatic,Second,2014,38804,1000,0,16203.0
106137,Audi,Petrol,Manual,First,2013,66467,1000,0,21361.0
106138,Audi,Diesel,Automatic,First,2023,119942,1000,2,28059.0
106139,Honda,Electric,Manual,First,2018,77831,1600,1,24662.0
106140,Hyundai,Diesel,Manual,Third,2021,50286,1400,0,17387.0
106141,Kia,Diesel,Automatic,Second,2019,20900,2200,0,22862.0
106142,Nissan,Hybrid,Automatic,First,2023,86240,2000,0,30273.0
106143,Toyota,Diesel,Automatic,Second,2023,99475,1400,0,25326.0
106144,Honda,Petrol,Manual,First,2015,80370,1400,0,20178.0
106145,Nissan,Petrol,Manual,First,2012,78688,1800,2,11514.0
106146,BMW,Petrol,Automatic,First,2017,22660,1600,0,35979.0
106147,Audi,Diesel,Automatic,Second,2020,68759,3000,0,36998.0
106148,Honda,Hybrid,Automatic,First,2015,47281,1000,0,22985.0
106149,Toyota,Petrol,Manual,Second,2014,83374,1000,0,12230.0
106150,Volkswagen,Petrol,Manual,Second,2017,32790,1800,0,20523.0
106151,Toyota,Electric,Automatic,First,2017,62851,2500,1,34887.0
106152,BMW,Hybrid,Automatic,First,2015,87484,1600,0,29613.0
106153,Honda,Diesel,Automatic,Second,2018,43358,3000,1,28399.0
106154,BMW,Petrol,Automatic,Second,2022,53821,2200,1,37077.0
106155,Kia,Petrol,Manual,First,2013,91100,1400,1,6300.0
106156,Kia,Petrol,Automatic,First,2012,117894,2000,1,10117.0
106157,Volkswagen,Petrol,Manual,First,2022,86673,2000,1,24642.0
106158,Audi,Petrol,Automatic,First,2017,67216,1800,1,29499.0
106159,Hyundai,Diesel,Automatic,First,2014,46440,2500,1,19419.0
106160,Ford,Petrol,Automatic,First,2014,58161,1000,0,14702.0
106161,Nissan,Petrol,Manual,Second,2024,84754,3500,1,32548.0
106162,BMW,Petrol,Manual,First,2012,49519,1600,0,22149.0
106163,Nissan,Diesel,Automatic,Second,2024,51348,2200,1,30057.0
106164,Volkswagen,Diesel,Automatic,Second,2013,26460,2000,1,19498.0
106165,Nissan,Diesel,Automatic,First,2014,125570,2200,0,16059.0
106166,Nissan,Petrol,Automatic,Second,2012,94034,1400,0,7814.0
106167,Toyota,Petrol,Manual,First,2019,53071,1400,0,24669.0
106168,Honda,Petrol,Automatic,Second,2017,105696,1000,0,14049.0
106169,Audi,Petrol,Automatic,First,2020,76703,2200,0,36114.0
106170,Ford,Hybrid,Manual,First,2012,37412,1600,0,16198.0
106171,Honda,Electric,Automatic,Second,2022,48732,3000,0,42083.0
106172,Toyota,Diesel,Automatic,First,2025,34772,1800,1,31533.0
106173,Nissan,Electric,Automatic,First,2023,75241,1800,0,31834.0
106174,Ford,Diesel,Manual,First,2015,129635,3000,0,17195.0
106175,Toyota,Petrol,Automatic,First,2015,64810,1000,1,17717.0
106176,Toyota,Electric,Automatic,Second,2016,46225,2000,0,29471.0
106177,Toyota,Petrol,Manual,First,2022,59983,2500,0,32149.0
106178,Kia,Diesel,Automatic,First,2013,116001,1000,0,5484.0
106179,Ford,Petrol,Manual,First,2024,87566,3500,0,35769.0
106180,Toyota,Petrol,Manual,First,2012,69983,3000,0,22646.0
106181,Hyundai,Diesel,Automatic,Second,2023,17927,2500,0,27419.0
106182,Nissan,Petrol,Manual,First,2020,72120,2000,1,23276.0
106183,Ford,Petrol,Automatic,Second,2016,43151,3000,0,24469.0
106184,Kia,Petrol,Automatic,First,2019,106854,1400,0,17267.0
106185,BMW,Petrol,Manual,First,2025,35684,1600,1,38863.0
106186,BMW,Electric,Automatic,Second,2023,39961,1400,0,44206.0
106187,Audi,Hybrid,Automatic,Second,2014,82274,1800,0,32843.0
106188,Mercedes,Diesel,Manual,First,2015,67405,1000,0,27203.0
106189,Hyundai,Petrol,Automatic,First,2015,40773,1000,0,17375.0
106190,BMW,Hybrid,Automatic,First,2017,31841,1200,2,33787.0
106191,Kia,Petrol,Manual,First,2015,119852,1000,0,6688.0
106192,Mercedes,Petrol,Manual,First,2016,62417,1400,1,27367.0
106193,Toyota,Petrol,Manual,Second,2023,68157,1200,0,25633.0
106194,Toyota,Hybrid,Manual,Second,2025,68312,3500,0,38131.0
106195,Volkswagen,Petrol,Manual,Second,2016,9695,2200,0,22542.0
106196,Nissan,Petrol,Manual,Second,2019,90554,2500,0,22420.0
106197,Mercedes,Diesel,Automatic,Second,2020,46153,1200,0,35888.0
106198,Nissan,Petrol,Manual,Second,2022,45902,1600,0,20862.0
106199,Kia,Diesel,Automatic,Third,2019,66549,2500,0,22627.0
106200,Hyundai,Diesel,Automatic,First,2023,3000,3500,0,35010.0
106201,Mercedes,Petrol,Automatic,First,2016,12350,1000,1,25778.0
106202,BMW,Petrol,Automatic,First,2023,90224,2500,0,39360.0
106203,Hyundai,Petrol,Automatic,First,2023,84841,2500,0,28512.0
106204,Volkswagen,Hybrid,Automatic,First,2017,41004,1200,0,23586.0
106205,Nissan,Hybrid,Automatic,First,2015,98431,1400,0,17909.0
106206,Nissan,Petrol,Automatic,First,2013,105642,3000,1,16022.0
106207,Hyundai,Petrol,Automatic,Third,2022,24437,3500,0,30471.0
106208,Toyota,Petrol,Manual,Third,2022,75192,1800,1,25571.0
106209,Nissan,Diesel,Manual,Second,2016,49246,2200,0,21782.0
106210,Volkswagen,Diesel,Manual,First,2012,3000,1800,0,17482.0
106211,BMW,Petrol,Automatic,Second,2012,25340,3500,0,32648.0
106212,Ford,Diesel,Manual,Second,2012,75842,1200,0,9486.0
106213,BMW,Diesel,Automatic,Third,2015,37374,1200,0,26549.0
106214,BMW,Electric,Automatic,Second,2025,98113,1000,0,42401.0
106215,Nissan,Petrol,Manual,First,2016,70556,2000,0,20444.0
106216,Honda,Petrol,Manual,First,2015,128658,2200,0,19930.0
106217,Toyota,Petrol,Manual,Third,2017,16798,1800,0,21998.0
106218,Nissan,Hybrid,Automatic,First,2013,116179,1400,1,13858.0
106219,Toyota,Hybrid,Automatic,First,2016,97232,3500,0,32079.0
106220,Kia,Diesel,Manual,First,2024,60191,3500,1,30375.0
106221,Honda,Petrol,Manual,First,2017,108454,3000,0,25765.0
106222,Nissan,Petrol,Manual,Third,2016,61433,2500,0,16492.0
106223,Audi,Petrol,Manual,First,2017,112323,1200,0,28751.0
106224,BMW,Diesel,Automatic,First,2019,40227,1400,0,34301.0
106225,Kia,Petrol,Automatic,Third,2013,69948,2200,0,12365.0
106226,Honda,Petrol,Automatic,First,2024,61831,3000,1,36209.0
106227,Nissan,Diesel,Automatic,Second,2018,26321,1200,0,21396.0
106228,Volkswagen,Petrol,Automatic,First,2025,38422,3500,1,37481.0
106229,Hyundai,Diesel,Automatic,Second,2017,71537,2200,0,18192.0
106230,Hyundai,Petrol,Manual,First,2021,59434,2500,2,19311.0
106231,Toyota,Hybrid,Manual,First,2019,74512,2000,0,27600.0
106232,Honda,Diesel,Manual,First,2020,39511,2000,0,28642.0
106233,BMW,Electric,Automatic,Third,2025,34063,2500,0,48967.0
106234,BMW,Diesel,Automatic,First,2019,48293,1400,0,33707.0
106235,Ford,Electric,Manual,First,2025,72418,2500,0,36479.0
106236,Hyundai,Hybrid,Automatic,Second,2016,58691,3500,0,28410.0
106237,Kia,Diesel,Manual,First,2015,52145,1000,0,8871.0
106238,Honda,Electric,Manual,Second,2014,85290,1200,0,18337.0
106239,BMW,Petrol,Automatic,Second,2021,78386,2000,0,33769.0
106240,Ford,Petrol,Manual,First,2020,78584,1200,1,19026.0
106241,Honda,Petrol,Automatic,First,2018,62715,3500,1,30218.0
106242,Mercedes,Diesel,Manual,Third,2012,43573,1200,1,21101.0
106243,BMW,Diesel,Automatic,First,2014,27280,1400,1,30159.0
106244,Mercedes,Hybrid,Automatic,First,2024,55292,1400,0,43174.0
106245,Honda,Petrol,Manual,Second,2023,68347,1600,0,29038.0
106246,BMW,Petrol,Manual,First,2014,91122,3000,1,25357.0
106247,Mercedes,Petrol,Manual,Second,2024,56381,3000,0,41367.0
106248,Audi,Diesel,Automatic,First,2017,29518,1200,0,29670.0
106249,Ford,Petrol,Manual,Second,2024,24338,1200,1,21527.0
106250,Kia,Electric,Manual,First,2013,71167,2000,0,19709.0
106251,Hyundai,Petrol,Manual,First,2015,88966,1800,0,13726.0
106252,Ford,Petrol,Manual,Second,2023,25298,1800,0,27617.0
106253,Mercedes,Hybrid,Manual,First,2013,99677,2200,0,27773.0
106254,BMW,Diesel,Manual,First,2016,30464,3000,0,35679.0
106255,Audi,Petrol,Automatic,Second,2024,43640,1000,0,35041.0
106256,Audi,Diesel,Automatic,Second,2015,95733,1800,1,22909.0
106257,Hyundai,Petrol,Automatic,First,2015,50523,1800,0,16059.0
106258,Audi,Electric,Manual,First,2023,60705,1800,0,41620.0
106259,Ford,Diesel,Manual,Second,2015,76867,3000,0,18955.0
106260,Nissan,Petrol,Automatic,First,2024,100780,2000,2,27017.0
106261,Audi,Diesel,Automatic,Third,2015,62353,2500,1,25511.0
106262,Hyundai,Petrol,Automatic,First,2025,68304,2500,0,27718.0
106263,Audi,Hybrid,Automatic,Second,2016,59900,2000,0,36963.0
106264,Audi,Electric,Automatic,First,2013,23216,2000,1,38155.0
106265,Volkswagen,Hybrid,Automatic,First,2017,103534,3500,1,31879.0
106266,Ford,Petrol,Manual,First,2012,3000,2500,1,16511.0
106267,Mercedes,Petrol,Automatic,First,2021,74071,1000,0,32325.0
106268,Toyota,Petrol,Automatic,First,2013,99410,3000,0,21346.0
106269,Nissan,Diesel,Automatic,First,2014,103978,3000,1,18176.0
106270,Audi,Diesel,Manual,Second,2013,40102,2500,2,25562.0
106271,Kia,Diesel,Manual,First,2014,76967,1600,1,7450.0
106272,Audi,Electric,Automatic,Third,2019,38970,1000,1,33370.0
106273,Volkswagen,Petrol,Manual,First,2014,44372,1200,1,13949.0
106274,Mercedes,Petrol,Automatic,Second,2022,99286,1000,0,31762.0
106275,Kia,Petrol,Automatic,Second,2025,67342,1400,0,23672.0
106276,Nissan,Petrol,Automatic,Third,2021,72833,3000,0,26910.0
106277,Kia,Petrol,Automatic,First,2012,90711,2000,0,15298.0
106278,Ford,Diesel,Manual,Second,2025,97065,1800,0,23548.0
106279,Hyundai,Petrol,Manual,First,2022,59568,2500,0,25985.0
106280,Hyundai,Petrol,Manual,First,2019,15083,3500,1,26262.0
106281,Nissan,Hybrid,Automatic,Second,2019,56125,1400,0,26742.0
106282,Mercedes,Petrol,Automatic,First,2018,83553,3500,0,40128.0
106283,Hyundai,Diesel,Automatic,First,2015,18049,1400,0,15288.0
106284,Honda,Petrol,Automatic,First,2023,50202,1800,1,28674.0
106285,Volkswagen,Diesel,Automatic,First,2016,52734,1000,0,18157.0
106286,Nissan,Electric,Automatic,First,2023,72101,2200,0,36236.0
106287,Nissan,Petrol,Manual,Second,2023,45838,1400,0,21866.0
106288,Toyota,Diesel,Manual,First,2022,66333,1200,0,26232.0
106289,Toyota,Hybrid,Automatic,Second,2025,30546,2200,0,39918.0
106290,Ford,Diesel,Automatic,Second,2021,79325,1000,0,20618.0
106291,Ford,Petrol,Automatic,Second,2017,77795,1000,0,13008.0
106292,Toyota,Petrol,Automatic,Second,2017,165882,3000,0,22997.0
106293,Hyundai,Diesel,Automatic,Second,2018,34795,2200,0,21096.0
106294,BMW,Hybrid,Automatic,First,2015,52585,1400,1,33507.0
106295,Nissan,Petrol,Manual,First,2019,104341,1800,0,18540.0
106296,Honda,Petrol,Manual,Third,2013,17089,1200,0,15129.0
106297,Nissan,Petrol,Automatic,Third,2020,147440,1800,0,17993.0
106298,Audi,Petrol,Manual,Second,2017,50112,3000,0,32522.0
106299,Mercedes,Petrol,Automatic,First,2025,19027,3500,0,56803.0
106300,Volkswagen,Petrol,Manual,First,2023,77967,1800,0,25365.0
106301,BMW,Petrol,Automatic,First,2012,66673,1000,0,22346.0
106302,Honda,Petrol,Automatic,Second,2012,35082,2500,1,17902.0
106303,Audi,Electric,Automatic,Second,2024,45142,2000,0,42589.0
106304,Ford,Petrol,Automatic,First,2019,85358,1200,0,18854.0
106305,Honda,Petrol,Automatic,Second,2021,25609,2000,0,29363.0
106306,Toyota,Petrol,Manual,First,2021,84659,3000,1,28553.0
106307,Nissan,Electric,Manual,Second,2024,45029,1400,0,27659.0
106308,Honda,Hybrid,Automatic,First,2018,144060,1800,0,26465.0
106309,Mercedes,Hybrid,Automatic,Second,2014,110940,2200,0,29771.0
106310,Kia,Petrol,Manual,First,2019,26583,3500,0,26375.0
106311,Ford,Hybrid,Manual,First,2019,52815,1200,0,23768.0
106312,Volkswagen,Petrol,Manual,First,2024,91820,1000,0,23679.0
106313,Volkswagen,Petrol,Automatic,Third,2018,3000,1800,2,20705.0
106314,Honda,Diesel,Manual,Second,2025,37497,1600,0,30775.0
106315,Kia,Hybrid,Manual,First,2016,50564,3000,0,24613.0
106316,Nissan,Hybrid,Automatic,Second,2019,19110,3500,0,31906.0
106317,Audi,Hybrid,Automatic,Second,2016,65455,1600,0,31941.0
106318,BMW,Electric,Manual,Second,2012,52499,2200,0,30929.0
106319,Nissan,Petrol,Manual,First,2019,39861,1800,1,23063.0
106320,Audi,Petrol,Automatic,First,2018,106926,1800,0,31786.0
106321,BMW,Petrol,Manual,First,2018,90381,2000,0,32088.0
106322,Kia,Hybrid,Automatic,First,2013,89967,2500,0,18935.0
106323,BMW,Petrol,Automatic,Second,2022,65945,1600,0,34235.0
106324,Nissan,Hybrid,Automatic,First,2023,74960,3000,0,32066.0
106325,Mercedes,Petrol,Manual,First,2023,116446,2000,0,33662.0
106326,Honda,Petrol,Automatic,First,2023,29626,2500,0,33275.0
106327,Audi,Petrol,Automatic,First,2014,34228,1600,0,30151.0
106328,Mercedes,Petrol,Automatic,Third,2023,98043,3000,0,42203.0
106329,Audi,Hybrid,Automatic,Third,2014,81152,3000,0,32535.0
106330,Honda,Petrol,Manual,First,2023,47757,1000,1,25261.0
106331,Hyundai,Petrol,Automatic,Second,2023,78532,1000,0,19780.0
106332,BMW,Petrol,Manual,First,2022,30997,2200,0,39282.0
106333,Kia,Petrol,Manual,Second,2021,77112,1400,1,17009.0
106334,Hyundai,Petrol,Automatic,First,2017,44638,2200,1,21230.0
106335,Hyundai,Petrol,Manual,First,2017,110885,1000,0,11450.0
106336,Volkswagen,Hybrid,Automatic,Second,2014,74530,1000,1,14712.0
106337,Toyota,Petrol,Automatic,Second,2022,65432,2200,1,27908.0
106338,Nissan,Petrol,Automatic,First,2016,56485,1600,1,17306.0
106339,Mercedes,Diesel,Manual,Second,2020,74197,1200,1,27523.0
106340,Mercedes,Petrol,Automatic,Second,2018,90664,1800,0,30283.0
106341,Mercedes,Petrol,Automatic,First,2020,56737,1800,0,35587.0
106342,Mercedes,Diesel,Manual,First,2013,124161,1600,2,19291.0
106343,Nissan,Petrol,Manual,First,2021,60317,3000,0,25499.0
106344,Hyundai,Diesel,Automatic,Second,2021,81554,1200,0,17053.0
106345,Nissan,Diesel,Automatic,Third,2012,75338,1600,1,8685.0
106346,Mercedes,Hybrid,Automatic,First,2013,3000,1200,0,33045.0
106347,Toyota,Electric,Automatic,Second,2017,95999,3500,1,31984.0
106348,Ford,Petrol,Automatic,Second,2021,136177,1600,1,20292.0
106349,Honda,Petrol,Automatic,First,2018,77218,2000,0,26352.0
106350,Mercedes,Petrol,Automatic,First,2019,76638,1800,1,33014.0
106351,Kia,Petrol,Manual,First,2022,72914,3500,0,29451.0
106352,Ford,Hybrid,Automatic,Second,2017,34687,3500,0,32389.0
106353,Nissan,Hybrid,Automatic,Second,2017,66324,2000,1,22069.0
106354,Kia,Diesel,Automatic,First,2014,71427,1200,1,11327.0
106355,Kia,Diesel,Automatic,First,2020,89081,1000,1,15128.0
106356,Audi,Petrol,Automatic,Second,2022,77539,1800,0,34003.0
106357,Kia,Diesel,Manual,First,2013,81357,1400,1,4368.0
106358,Mercedes,Hybrid,Automatic,First,2022,53255,1400,1,41732.0
106359,Audi,Diesel,Automatic,First,2025,99331,3500,0,46157.0
106360,Volkswagen,Petrol,Automatic,First,2016,108558,1800,0,20909.0
106361,Hyundai,Diesel,Automatic,Second,2014,74202,1400,0,8807.0
106362,Kia,Petrol,Automatic,First,2012,75805,2000,1,13420.0
106363,Toyota,Diesel,Automatic,Second,2013,45658,2200,0,23571.0
106364,Honda,Diesel,Automatic,First,2017,83196,2000,0,24704.0
106365,Kia,Petrol,Manual,First,2025,64763,3500,0,32934.0
106366,Volkswagen,Diesel,Manual,First,2021,51153,2500,1,27788.0
106367,BMW,Hybrid,Automatic,Second,2012,55491,1600,1,25356.0
106368,Nissan,Petrol,Manual,First,2022,69183,2000,0,24668.0
106369,Nissan,Electric,Manual,First,2013,68300,1400,0,18776.0
106370,Volkswagen,Diesel,Manual,Second,2021,107141,3500,0,30215.0
106371,BMW,Diesel,Automatic,First,2016,48077,2200,1,35035.0
106372,Nissan,Hybrid,Manual,First,2012,79639,2000,1,14768.0
106373,Nissan,Diesel,Manual,First,2025,34817,2000,0,30242.0
106374,Nissan,Hybrid,Automatic,Second,2025,33580,1400,0,31287.0
106375,Volkswagen,Petrol,Automatic,Third,2022,8881,1000,0,28763.0
106376,Hyundai,Petrol,Manual,First,2022,97395,1200,0,17347.0
106377,Honda,Diesel,Manual,Second,2021,93724,3500,0,27417.0
106378,Volkswagen,Hybrid,Automatic,First,2015,3000,3500,0,33584.0
106379,BMW,Hybrid,Manual,Second,2016,69881,1400,0,30691.0
106380,Kia,Diesel,Automatic,First,2016,51902,1000,0,10897.0
106381,Hyundai,Diesel,Automatic,First,2016,73835,2500,0,19600.0
106382,Hyundai,Petrol,Automatic,Second,2025,67837,3000,1,27231.0
106383,Kia,Electric,Automatic,First,2021,58340,2200,2,29125.0
106384,Toyota,Petrol,Manual,First,2020,33497,2200,0,32714.0
106385,Audi,Diesel,Automatic,Third,2020,45366,1400,0,28623.0
106386,Honda,Diesel,Manual,Third,2016,45201,3000,0,25051.0
106387,Honda,Diesel,Automatic,First,2017,53442,3000,0,31276.0
106388,Toyota,Petrol,Automatic,Second,2019,89236,1800,0,26753.0
106389,Audi,Electric,Automatic,Second,2023,117044,2200,0,44860.0
106390,Honda,Diesel,Automatic,First,2018,41486,1000,0,23379.0
106391,BMW,Electric,Manual,Third,2017,85093,2000,0,35975.0
106392,Ford,Petrol,Automatic,Second,2015,5835,3500,0,29444.0
106393,Ford,Diesel,Manual,Second,2014,13770,1000,0,14037.0
106394,Honda,Diesel,Automatic,First,2015,69914,3500,0,26369.0
106395,Mercedes,Diesel,Automatic,First,2024,88972,2000,0,42440.0
106396,Honda,Electric,Automatic,First,2014,80576,2000,0,29562.0
106397,Kia,Petrol,Manual,First,2024,50246,2200,0,24077.0
106398,Kia,Petrol,Automatic,First,2019,104941,2200,0,20450.0
106399,Audi,Diesel,Manual,First,2017,47173,3500,2,34057.0
106400,Nissan,Petrol,Manual,First,2017,53947,1400,0,17558.0
106401,Hyundai,Electric,Automatic,First,2012,73695,2200,0,19399.0
106402,BMW,Petrol,Automatic,First,2016,78984,3500,0,38056.0
106403,Toyota,Diesel,Automatic,First,2019,31339,1200,0,27432.0
106404,Honda,Petrol,Manual,First,2022,32394,1200,1,24776.0
106405,Nissan,Diesel,Automatic,First,2024,90040,1000,0,22563.0
106406,Nissan,Petrol,Automatic,First,2013,52676,1200,1,11530.0
106407,BMW,Petrol,Automatic,Third,2025,86524,1200,0,37513.0
106408,Toyota,Petrol,Manual,Second,2014,27993,3000,0,27318.0
106409,Kia,Petrol,Manual,Second,2023,53695,1400,0,17390.0
106410,Volkswagen,Electric,Manual,Third,2020,98562,1000,1,22218.0
106411,BMW,Petrol,Manual,First,2023,99871,1200,0,32593.0
106412,Nissan,Diesel,Automatic,First,2024,48898,3500,1,33725.0
106413,Ford,Electric,Automatic,First,2015,3000,2500,0,32695.0
106414,Honda,Hybrid,Manual,First,2022,85308,3500,0,37204.0
106415,Audi,Electric,Manual,First,2021,71671,1200,0,39915.0
106416,Ford,Electric,Automatic,Second,2023,74976,1600,1,30847.0
106417,Nissan,Diesel,Automatic,First,2016,29694,3000,1,22977.0
106418,Hyundai,Diesel,Manual,Third,2023,61682,3000,0,25973.0
106419,Mercedes,Petrol,Automatic,Second,2023,68036,2200,0,39089.0
106420,Toyota,Petrol,Automatic,Second,2022,111748,1000,0,25399.0
106421,Kia,Hybrid,Manual,First,2018,101263,3500,0,26364.0
106422,Honda,Diesel,Manual,First,2024,97282,1800,2,27533.0
106423,Audi,Diesel,Automatic,First,2016,71992,1800,0,26876.0
106424,Volkswagen,Diesel,Automatic,First,2013,38930,1200,0,16464.0
106425,Kia,Petrol,Automatic,Second,2018,58183,2200,0,18495.0
106426,Honda,Hybrid,Manual,First,2022,27221,1000,0,27996.0
106427,Volkswagen,Diesel,Manual,First,2017,61797,1000,1,16124.0
106428,Audi,Petrol,Manual,Second,2022,39534,3500,0,41474.0
106429,Nissan,Hybrid,Automatic,First,2020,64720,1000,0,21890.0
106430,Mercedes,Petrol,Automatic,Second,2013,62540,3500,0,34794.0
106431,Ford,Hybrid,Manual,Second,2013,36502,2200,1,19794.0
106432,Ford,Diesel,Automatic,First,2024,81882,1600,1,27829.0
106433,Nissan,Petrol,Manual,Second,2024,26800,1600,0,24845.0
106434,Kia,Hybrid,Automatic,Third,2019,144014,3000,0,22070.0
106435,Nissan,Diesel,Automatic,First,2021,102231,1600,0,19662.0
106436,Nissan,Petrol,Manual,First,2022,29029,2500,0,26182.0
106437,Honda,Petrol,Automatic,First,2012,73130,1000,0,13715.0
106438,Honda,Hybrid,Manual,Second,2019,60315,1400,0,23621.0
106439,Audi,Petrol,Automatic,Second,2016,60833,1000,0,21633.0
106440,Mercedes,Hybrid,Manual,First,2012,51076,1000,0,27928.0
106441,Honda,Petrol,Manual,First,2021,92700,1400,0,22996.0
106442,Audi,Diesel,Automatic,Third,2022,41489,1600,1,33974.0
106443,Hyundai,Electric,Automatic,First,2012,98496,2000,1,17768.0
106444,Nissan,Petrol,Automatic,Second,2017,112341,1400,0,17796.0
106445,Nissan,Diesel,Automatic,Second,2023,39071,2500,0,30184.0
106446,Kia,Hybrid,Manual,First,2021,90598,2500,0,25407.0
106447,Hyundai,Hybrid,Automatic,Second,2022,86737,1400,0,22530.0
106448,Kia,Diesel,Automatic,First,2013,7006,1400,1,14163.0
106449,Volkswagen,Diesel,Automatic,Third,2013,115949,2000,0,11083.0
106450,Audi,Hybrid,Automatic,First,2012,50996,1000,1,22163.0
106451,Audi,Hybrid,Manual,First,2012,68953,1000,2,21339.0
106452,Nissan,Hybrid,Automatic,First,2015,107429,1800,1,17229.0
106453,BMW,Petrol,Automatic,Second,2016,88377,3500,0,35321.0
106454,Volkswagen,Electric,Manual,First,2015,58981,2200,0,24988.0
106455,Audi,Petrol,Automatic,First,2017,89114,1000,1,27508.0
106456,Honda,Petrol,Manual,First,2019,99776,1200,1,15173.0
106457,Nissan,Petrol,Automatic,First,2022,66303,3000,0,31078.0
106458,Kia,Petrol,Automatic,Second,2022,44279,1000,0,18315.0
106459,Hyundai,Petrol,Automatic,First,2013,75363,1400,0,9698.0
106460,Kia,Petrol,Automatic,Second,2012,40563,2500,0,19589.0
106461,Ford,Petrol,Manual,Second,2013,96602,1200,1,6637.0
106462,BMW,Diesel,Automatic,Third,2024,38451,3500,0,46363.0
106463,Audi,Petrol,Automatic,Second,2021,43472,2200,0,38177.0
106464,Mercedes,Petrol,Automatic,First,2025,95002,1200,0,40245.0
106465,Toyota,Petrol,Automatic,First,2022,65461,1400,2,28418.0
106466,BMW,Petrol,Manual,Third,2017,78139,3500,0,33194.0
106467,Nissan,Petrol,Automatic,Second,2022,85437,3000,1,29525.0
106468,Audi,Diesel,Manual,First,2025,44048,1600,0,37158.0
106469,Hyundai,Electric,Manual,Third,2015,50435,2200,0,20860.0
106470,Audi,Hybrid,Automatic,Second,2018,109107,2000,0,32273.0
106471,Toyota,Hybrid,Manual,Third,2025,84664,2200,1,32608.0
106472,Hyundai,Petrol,Automatic,Second,2013,54239,2200,0,12781.0
106473,Kia,Petrol,Automatic,Second,2012,73416,1200,1,6546.0
106474,Hyundai,Petrol,Automatic,Second,2024,59442,1000,0,22697.0
106475,BMW,Hybrid,Automatic,First,2016,91097,3500,0,39102.0
106476,Kia,Petrol,Manual,Third,2025,70174,2000,0,22244.0
106477,Audi,Diesel,Automatic,First,2020,61811,2200,1,34702.0
106478,Nissan,Petrol,Manual,First,2024,32363,1200,0,24889.0
106479,Volkswagen,Petrol,Automatic,Second,2017,84455,1200,0,19631.0
106480,Nissan,Electric,Manual,Second,2017,54766,3000,2,26848.0
106481,Audi,Hybrid,Automatic,Second,2012,94447,1800,2,24436.0
106482,Toyota,Hybrid,Manual,First,2012,12259,2200,0,25061.0
106483,Volkswagen,Diesel,Automatic,First,2015,49604,1000,1,17324.0
106484,Audi,Hybrid,Manual,First,2025,83615,1600,0,43105.0
106485,Mercedes,Diesel,Manual,First,2013,64760,1200,2,23148.0
106486,BMW,Electric,Manual,Second,2014,46425,1800,0,31652.0
106487,Mercedes,Petrol,Automatic,First,2022,99375,1000,0,31912.0
106488,Kia,Diesel,Automatic,First,2017,93794,3500,0,21177.0
106489,Ford,Diesel,Manual,First,2021,42037,2200,0,24724.0
106490,Audi,Petrol,Automatic,Second,2024,60488,1200,0,34791.0
106491,Honda,Hybrid,Automatic,First,2012,36061,1400,0,23124.0
106492,Honda,Electric,Automatic,Second,2022,57585,1800,0,34038.0
106493,Hyundai,Diesel,Automatic,First,2023,58853,3000,2,30075.0
106494,Nissan,Petrol,Automatic,First,2024,51621,3500,1,31794.0
106495,Nissan,Diesel,Automatic,Second,2023,86247,1600,0,22985.0
106496,Nissan,Hybrid,Automatic,First,2022,86950,2500,0,31019.0
106497,Mercedes,Diesel,Automatic,Second,2021,99877,2500,1,36412.0
106498,BMW,Petrol,Automatic,Second,2013,76550,3500,0,33590.0
106499,Audi,Diesel,Automatic,Second,2015,15989,1600,0,29970.0
106500,Toyota,Petrol,Manual,Second,2017,65157,1600,0,20862.0
106501,Hyundai,Hybrid,Automatic,Second,2024,88168,1200,0,23232.0
106502,Kia,Petrol,Manual,Second,2014,68830,2500,1,13893.0
106503,Volkswagen,Diesel,Automatic,First,2020,90386,1000,0,19815.0
106504,Kia,Hybrid,Automatic,First,2021,98302,1800,2,20602.0
106505,Audi,Petrol,Automatic,Third,2015,22075,2500,1,31118.0
106506,Ford,Petrol,Automatic,Third,2018,85170,2000,1,17153.0
106507,Nissan,Petrol,Manual,First,2022,76866,3500,1,27157.0
106508,Volkswagen,Petrol,Automatic,First,2016,114535,1600,1,16809.0
106509,Mercedes,Petrol,Manual,First,2017,46979,3000,1,35467.0
106510,Audi,Electric,Manual,Second,2020,100178,1400,1,32164.0
106511,Ford,Hybrid,Automatic,First,2020,62478,3000,0,33705.0
106512,Mercedes,Hybrid,Automatic,Second,2017,71151,1000,0,33685.0
106513,Ford,Electric,Automatic,Third,2013,65828,1600,0,20039.0
106514,Nissan,Petrol,Manual,Third,2020,116687,3500,1,21596.0
106515,Mercedes,Petrol,Manual,First,2022,38144,1400,0,37636.0
106516,BMW,Petrol,Manual,Third,2013,73167,1200,0,21336.0
106517,Honda,Hybrid,Automatic,Second,2013,99855,1600,1,19964.0
106518,Kia,Diesel,Manual,First,2013,125805,1600,0,7126.0
106519,BMW,Petrol,Manual,First,2025,35629,3000,0,44361.0
106520,Volkswagen,Petrol,Automatic,Second,2018,95288,3500,0,23710.0
106521,Hyundai,Diesel,Automatic,Third,2022,57124,2000,0,23593.0
106522,Honda,Diesel,Automatic,First,2015,92692,2000,1,19426.0
106523,BMW,Hybrid,Automatic,First,2019,45047,2000,0,39696.0
106524,Audi,Petrol,Manual,First,2019,103762,2000,0,26201.0
106525,Ford,Electric,Automatic,Third,2012,54989,2500,0,24491.0
106526,Volkswagen,Petrol,Automatic,Third,2012,94172,1600,0,10317.0
106527,Audi,Diesel,Automatic,First,2015,63576,1000,0,25860.0
106528,Honda,Electric,Automatic,First,2013,24122,1400,1,27940.0
106529,Ford,Electric,Automatic,Third,2024,72453,2500,0,33566.0
106530,Volkswagen,Petrol,Manual,Second,2014,33712,1000,1,14597.0
106531,Hyundai,Petrol,Automatic,Third,2021,55225,1800,0,20236.0
106532,Honda,Diesel,Automatic,Second,2013,146449,1200,1,9663.0
106533,Volkswagen,Petrol,Automatic,First,2021,74697,3500,1,33443.0
106534,BMW,Diesel,Automatic,Second,2020,67116,1600,1,30349.0
106535,Volkswagen,Electric,Automatic,First,2025,27643,1400,0,39097.0
106536,Honda,Petrol,Automatic,Second,2017,8536,1000,0,22143.0
106537,Nissan,Diesel,Automatic,Second,2018,40448,1800,1,19185.0
106538,BMW,Petrol,Automatic,Third,2017,47418,3000,1,34237.0
106539,Audi,Hybrid,Automatic,Third,2012,36851,1400,0,25370.0
106540,Honda,Electric,Automatic,First,2025,44349,1000,0,34918.0
106541,Nissan,Diesel,Manual,First,2016,20042,1000,0,17393.0
106542,Toyota,Petrol,Automatic,First,2014,53616,1000,1,15324.0
106543,Hyundai,Hybrid,Manual,Second,2021,9968,1600,0,26275.0
106544,Nissan,Diesel,Automatic,Second,2019,69468,1800,0,17088.0
106545,Toyota,Petrol,Automatic,Third,2025,33949,2500,0,36617.0
106546,Kia,Hybrid,Manual,Second,2018,58691,3500,0,23420.0
106547,Ford,Electric,Automatic,First,2020,76296,2200,0,33803.0
106548,Nissan,Diesel,Automatic,First,2023,31737,3500,0,34278.0
106549,Mercedes,Diesel,Automatic,First,2012,27787,1600,0,30258.0
106550,Hyundai,Petrol,Manual,Second,2013,72394,1200,1,7449.0
106551,Nissan,Diesel,Automatic,Third,2013,35683,1200,0,11176.0
106552,Toyota,Petrol,Automatic,First,2012,43401,1200,1,17977.0
106553,Mercedes,Petrol,Automatic,Second,2019,48807,1000,0,29789.0
106554,Hyundai,Petrol,Manual,First,2023,100629,2000,0,20962.0
106555,Mercedes,Petrol,Automatic,First,2015,116293,1600,1,22435.0
106556,BMW,Petrol,Automatic,First,2018,35749,1400,1,30211.0
106557,Toyota,Diesel,Automatic,First,2021,33202,1000,1,26698.0
106558,Volkswagen,Diesel,Manual,Third,2012,19602,2200,0,16580.0
106559,BMW,Diesel,Automatic,First,2019,82744,3000,1,37481.0
106560,Hyundai,Petrol,Automatic,First,2022,82947,1600,0,22325.0
106561,Hyundai,Petrol,Manual,Second,2019,100206,1000,1,11352.0
106562,Honda,Hybrid,Automatic,Third,2022,127422,1400,0,25452.0
106563,Toyota,Diesel,Automatic,Second,2021,61644,3000,2,30595.0
106564,Kia,Electric,Manual,First,2023,25074,1000,1,24481.0
106565,Kia,Petrol,Manual,First,2014,93395,1000,1,4829.0
106566,Hyundai,Diesel,Automatic,First,2020,37113,1800,1,20684.0
106567,Kia,Petrol,Automatic,First,2016,22746,1800,0,19128.0
106568,Ford,Diesel,Automatic,Third,2016,109191,2500,0,19055.0
106569,Honda,Hybrid,Manual,First,2023,3000,1000,1,30765.0
106570,Hyundai,Electric,Manual,First,2025,97304,2500,0,32060.0
106571,Kia,Electric,Automatic,Second,2016,76921,1200,0,17537.0
106572,Toyota,Petrol,Manual,Second,2012,49989,1000,0,13019.0
106573,Nissan,Diesel,Manual,First,2025,81987,2500,0,29372.0
106574,Volkswagen,Diesel,Automatic,First,2021,80274,3500,1,35074.0
106575,BMW,Diesel,Automatic,First,2013,41812,1200,0,27935.0
106576,BMW,Petrol,Automatic,First,2012,52414,1800,0,24141.0
106577,Ford,Hybrid,Automatic,First,2013,144270,3500,0,21221.0
106578,Mercedes,Electric,Manual,Second,2020,89660,2000,0,38681.0
106579,Toyota,Petrol,Manual,First,2020,129875,1400,0,22824.0
106580,Mercedes,Petrol,Automatic,First,2024,58550,3000,1,45496.0
106581,Honda,Petrol,Automatic,First,2025,43632,3000,0,41009.0
106582,Volkswagen,Diesel,Automatic,Third,2016,77614,2500,0,22330.0
106583,Honda,Petrol,Manual,Second,2015,48381,2200,0,20745.0
106584,Hyundai,Electric,Automatic,Second,2024,69361,1800,1,28411.0
106585,Toyota,Diesel,Automatic,First,2013,37396,3500,0,30556.0
106586,Hyundai,Diesel,Automatic,Second,2017,61464,1200,0,11293.0
106587,Audi,Diesel,Automatic,First,2024,26565,1400,0,38535.0
106588,Kia,Petrol,Automatic,First,2020,59033,1800,2,17591.0
106589,BMW,Electric,Manual,Second,2024,79294,2500,0,43694.0
106590,Nissan,Diesel,Automatic,Second,2019,73386,1000,0,17490.0
106591,Hyundai,Electric,Automatic,Third,2021,80899,1000,0,23268.0
106592,Mercedes,Diesel,Automatic,Second,2015,42799,2200,0,31742.0
106593,Audi,Diesel,Automatic,First,2017,58668,1000,0,28865.0
106594,BMW,Petrol,Automatic,First,2022,31199,1400,0,39829.0
106595,Hyundai,Diesel,Automatic,First,2025,84981,2500,0,32063.0
106596,Audi,Hybrid,Manual,First,2020,131486,3000,0,33908.0
106597,Audi,Hybrid,Automatic,Second,2021,60118,1800,1,39203.0
106598,Toyota,Hybrid,Automatic,First,2021,49258,2000,1,34639.0
106599,Honda,Petrol,Automatic,Third,2022,3000,2500,1,32382.0
106600,Audi,Electric,Manual,Second,2015,45593,1400,1,26974.0
106601,Ford,Electric,Automatic,First,2020,87733,1000,0,28046.0
106602,Honda,Petrol,Manual,First,2023,74692,3000,0,34305.0
106603,BMW,Electric,Automatic,First,2019,92884,1200,0,38550.0
106604,BMW,Petrol,Automatic,Second,2014,116967,3000,0,30802.0
106605,BMW,Diesel,Automatic,Third,2020,52692,1200,1,29066.0
106606,BMW,Petrol,Manual,First,2024,36423,2500,1,43700.0
106607,Ford,Electric,Automatic,Second,2023,86935,1400,1,30363.0
106608,Hyundai,Petrol,Automatic,Second,2016,67440,3000,1,19394.0
106609,Volkswagen,Diesel,Automatic,Third,2012,33436,3500,1,21272.0
106610,Audi,Petrol,Automatic,First,2022,26973,1600,1,36004.0
106611,BMW,Petrol,Automatic,First,2019,91144,2500,1,37854.0
106612,Honda,Diesel,Automatic,First,2016,70858,1600,0,22992.0
106613,Honda,Petrol,Automatic,First,2016,26442,1400,0,22298.0
106614,Audi,Diesel,Automatic,First,2013,70116,1000,0,22333.0
106615,Hyundai,Electric,Automatic,First,2020,31603,1600,0,28776.0
106616,Nissan,Hybrid,Automatic,Second,2017,85308,1200,0,17425.0
106617,Nissan,Hybrid,Automatic,First,2022,93612,3000,0,31276.0
106618,Volkswagen,Petrol,Automatic,Second,2021,94254,1200,2,17089.0
106619,Hyundai,Petrol,Automatic,Second,2023,75616,2500,3,21197.0
106620,Audi,Diesel,Automatic,Second,2014,72367,3500,2,30226.0
106621,Nissan,Petrol,Automatic,First,2018,60841,3500,0,29547.0
106622,Nissan,Electric,Automatic,First,2013,39267,2200,0,23704.0
106623,Nissan,Petrol,Automatic,First,2018,100869,2000,1,17692.0
106624,Mercedes,Electric,Manual,First,2023,84599,1600,0,41463.0
106625,Ford,Petrol,Automatic,Second,2022,40390,1400,0,22564.0
106626,Audi,Hybrid,Automatic,First,2013,17424,3500,0,39110.0
106627,Kia,Petrol,Automatic,First,2022,48775,1800,0,26996.0
106628,Toyota,Petrol,Automatic,First,2016,105032,1200,0,14358.0
106629,Toyota,Diesel,Automatic,First,2021,79955,1200,1,24965.0
106630,Hyundai,Petrol,Automatic,Third,2024,72096,2500,0,25110.0
106631,Audi,Diesel,Manual,Third,2021,104703,1400,0,27498.0
106632,Audi,Diesel,Automatic,Second,2024,3252,2200,1,39540.0
106633,Toyota,Petrol,Manual,First,2020,62589,2000,0,29108.0
106634,Volkswagen,Electric,Automatic,Third,2024,101871,2500,0,35969.0
106635,Toyota,Diesel,Manual,Third,2020,34880,1400,0,21771.0
106636,Audi,Diesel,Automatic,Second,2017,38736,1000,0,29591.0
106637,Nissan,Diesel,Manual,First,2014,58659,2000,0,14499.0
106638,Volkswagen,Diesel,Automatic,First,2023,48998,2000,0,30977.0
106639,BMW,Petrol,Automatic,First,2015,53466,2500,0,32901.0
106640,Kia,Petrol,Automatic,Second,2015,69859,3500,0,22536.0
106641,Mercedes,Diesel,Manual,Second,2020,48023,1400,0,32763.0
106642,Ford,Petrol,Manual,First,2015,55134,3000,0,25786.0
106643,BMW,Petrol,Automatic,First,2015,40226,2000,2,31130.0
106644,Honda,Diesel,Manual,Second,2016,59180,1000,0,14454.0
106645,Toyota,Diesel,Automatic,Second,2017,70855,1400,0,25256.0
106646,Kia,Petrol,Automatic,Second,2019,68366,1600,0,17083.0
106647,Toyota,Petrol,Automatic,Second,2023,46761,1400,0,28223.0
106648,Toyota,Petrol,Manual,First,2012,42501,2000,0,19183.0
106649,BMW,Petrol,Automatic,First,2016,53538,2200,1,30771.0
106650,Nissan,Petrol,Automatic,Second,2020,52538,1200,0,23123.0
106651,Nissan,Petrol,Automatic,Second,2021,31314,2000,0,27102.0
106652,Mercedes,Electric,Automatic,First,2015,35993,1600,0,39910.0
106653,Volkswagen,Diesel,Automatic,First,2019,80326,1000,2,18490.0
106654,Toyota,Petrol,Automatic,Second,2020,3000,1200,1,26367.0
106655,Hyundai,Petrol,Automatic,First,2012,82324,1800,0,13750.0
106656,Nissan,Diesel,Automatic,Second,2019,75252,3000,0,23198.0
106657,Audi,Petrol,Automatic,Second,2019,91436,1800,1,29355.0
106658,Kia,Hybrid,Automatic,Second,2016,62374,2500,0,22229.0
106659,Hyundai,Electric,Manual,Second,2021,99712,3500,0,31412.0
106660,BMW,Diesel,Automatic,First,2013,92259,1200,1,26481.0
106661,BMW,Petrol,Manual,First,2023,136773,1800,0,32743.0
106662,Mercedes,Hybrid,Automatic,First,2018,133755,1000,0,29812.0
106663,Mercedes,Electric,Automatic,Second,2025,40922,1200,1,47621.0
106664,Volkswagen,Diesel,Automatic,Second,2022,160965,1400,0,23055.0
106665,Audi,Diesel,Manual,First,2022,110515,2500,0,36081.0
106666,Kia,Petrol,Manual,First,2016,58183,3500,1,21737.0
106667,Audi,Petrol,Automatic,First,2023,26788,1400,0,41626.0
106668,Honda,Diesel,Automatic,Second,2016,50365,1600,0,22576.0
106669,Mercedes,Electric,Manual,First,2017,53103,1600,0,36667.0
106670,Volkswagen,Diesel,Automatic,Second,2023,81841,3000,0,31730.0
106671,Ford,Hybrid,Manual,Second,2021,37811,1600,0,27127.0
106672,Toyota,Petrol,Automatic,Second,2019,63798,3000,1,25369.0
106673,Toyota,Petrol,Manual,Second,2022,85847,2500,2,31217.0
106674,Ford,Diesel,Automatic,First,2012,35872,1600,0,15296.0
106675,Nissan,Petrol,Automatic,Third,2014,61154,1400,0,11361.0
106676,Audi,Diesel,Manual,First,2023,40943,1200,0,34969.0
106677,Ford,Petrol,Automatic,First,2018,118610,2500,0,18302.0
106678,Volkswagen,Hybrid,Automatic,First,2025,44091,2500,0,40086.0
106679,Kia,Hybrid,Automatic,Second,2022,74497,1000,0,24907.0
106680,Ford,Diesel,Automatic,First,2020,31719,2200,0,29770.0
106681,Volkswagen,Petrol,Automatic,Second,2021,40111,2500,1,29209.0
106682,Mercedes,Diesel,Manual,First,2013,53346,2200,0,27069.0
106683,Hyundai,Electric,Manual,Second,2015,26976,1400,0,17492.0
106684,BMW,Diesel,Automatic,First,2022,69474,1600,0,35672.0
106685,BMW,Petrol,Manual,Second,2015,19514,1800,1,28140.0
106686,Honda,Petrol,Automatic,Third,2022,66682,1000,0,24263.0
106687,Audi,Petrol,Automatic,Second,2018,67035,3500,0,36083.0
106688,Kia,Petrol,Automatic,First,2016,69349,1400,0,12587.0
106689,Hyundai,Hybrid,Manual,First,2023,89452,2000,0,22811.0
106690,Hyundai,Hybrid,Manual,Second,2022,95397,1400,2,16214.0
106691,Mercedes,Petrol,Automatic,First,2016,38970,1800,1,35072.0
106692,Ford,Petrol,Automatic,First,2018,76931,1600,0,21874.0
106693,Audi,Petrol,Automatic,First,2023,65275,1200,0,37487.0
106694,Toyota,Electric,Automatic,Second,2013,93753,1600,0,20930.0
106695,Hyundai,Diesel,Automatic,First,2019,49829,1600,0,21661.0
106696,Volkswagen,Diesel,Automatic,First,2017,13271,1400,0,24127.0
106697,Toyota,Petrol,Manual,First,2016,58785,2500,1,22215.0
106698,Honda,Diesel,Manual,Second,2023,63705,2000,0,28853.0
106699,Ford,Petrol,Automatic,Second,2012,100088,1000,0,11727.0
106700,Ford,Petrol,Automatic,Second,2025,90829,3000,0,33417.0
106701,Kia,Diesel,Manual,First,2013,27490,1400,0,12378.0
106702,Hyundai,Diesel,Manual,Third,2017,99632,1600,0,13443.0
106703,Mercedes,Petrol,Automatic,First,2017,37211,3500,0,40189.0
106704,Nissan,Petrol,Automatic,First,2024,39566,3500,0,37109.0
106705,Nissan,Petrol,Manual,Third,2022,69518,2200,1,21061.0
106706,BMW,Petrol,Manual,Third,2020,70668,1800,1,27044.0
106707,Volkswagen,Diesel,Automatic,Second,2022,60583,1600,0,23242.0
106708,Toyota,Electric,Automatic,Third,2017,60798,1200,0,24521.0
106709,Honda,Petrol,Automatic,First,2012,26119,1800,0,19735.0
106710,BMW,Petrol,Automatic,First,2023,61921,2500,0,40029.0
106711,Ford,Petrol,Manual,First,2018,101384,1200,0,15672.0
106712,Toyota,Diesel,Automatic,Second,2023,62456,1000,0,27354.0
106713,Audi,Petrol,Manual,Second,2014,118698,2000,2,18195.0
106714,Hyundai,Diesel,Automatic,First,2019,64979,1000,1,18595.0
106715,Honda,Petrol,Automatic,Second,2017,39766,3000,2,28012.0
106716,Audi,Diesel,Automatic,First,2014,38073,2500,0,29677.0
106717,Mercedes,Hybrid,Manual,First,2014,97571,1600,0,27195.0
106718,Hyundai,Electric,Manual,First,2024,73667,2200,1,33512.0
106719,Toyota,Electric,Automatic,Third,2019,22805,3500,1,38675.0
106720,Hyundai,Hybrid,Automatic,Second,2017,69351,1600,0,20168.0
106721,BMW,Electric,Manual,Second,2013,81134,2000,0,32927.0
106722,Kia,Petrol,Manual,Second,2014,26095,3500,0,19251.0
106723,BMW,Petrol,Manual,Second,2023,58074,2200,0,36647.0
106724,Mercedes,Petrol,Automatic,Third,2017,39447,3000,0,38938.0
106725,Volkswagen,Diesel,Automatic,First,2025,51539,1200,0,31691.0
106726,Audi,Electric,Automatic,Second,2025,35133,3500,0,56238.0
106727,BMW,Petrol,Manual,First,2018,6781,2500,0,38976.0
106728,Kia,Diesel,Manual,Third,2015,23265,3000,0,17810.0
106729,Volkswagen,Diesel,Automatic,Third,2019,94729,1600,0,20128.0
106730,BMW,Electric,Automatic,Second,2014,47808,2500,0,36785.0
106731,Ford,Diesel,Automatic,First,2025,119305,3500,0,34418.0
106732,Kia,Electric,Automatic,First,2017,33433,1800,0,28919.0
106733,Audi,Petrol,Automatic,First,2018,72511,3000,0,36280.0
106734,Honda,Petrol,Manual,First,2019,72060,1200,0,22514.0
106735,Nissan,Diesel,Automatic,First,2022,64478,1000,0,22416.0
106736,Volkswagen,Petrol,Automatic,First,2015,99812,3500,0,24453.0
106737,Ford,Petrol,Automatic,Third,2016,26854,2000,0,19273.0
106738,Honda,Diesel,Automatic,First,2017,98205,1600,1,21337.0
106739,Toyota,Hybrid,Automatic,Third,2012,54475,2000,1,21852.0
106740,Kia,Diesel,Manual,Second,2023,78285,2200,0,20103.0
106741,Ford,Petrol,Manual,First,2020,60365,3000,2,24876.0
106742,Hyundai,Diesel,Automatic,First,2014,109141,1000,0,11437.0
106743,Toyota,Petrol,Automatic,Third,2013,38199,1400,0,17410.0
106744,Toyota,Petrol,Manual,Second,2022,20188,1200,0,25995.0
106745,Volkswagen,Diesel,Automatic,First,2018,86209,1800,0,23911.0
106746,Kia,Petrol,Automatic,First,2022,69354,3500,0,30115.0
106747,Ford,Petrol,Manual,Second,2022,75402,2500,2,22831.0
106748,Mercedes,Hybrid,Manual,First,2025,102608,1800,0,39198.0
106749,Ford,Petrol,Automatic,First,2015,71982,2500,0,19307.0
106750,BMW,Electric,Automatic,Second,2015,56740,1400,0,34983.0
106751,Toyota,Diesel,Manual,Second,2021,64171,3500,0,34066.0
106752,Audi,Electric,Automatic,First,2020,123909,1000,1,31277.0
106753,Toyota,Petrol,Automatic,Third,2018,74860,1600,1,20207.0
106754,Toyota,Diesel,Automatic,Second,2020,88134,1400,0,23068.0
106755,Nissan,Petrol,Automatic,Second,2012,41054,2500,0,18174.0
106756,Hyundai,Hybrid,Manual,First,2014,90396,2500,0,17031.0
106757,Mercedes,Petrol,Automatic,First,2021,53032,2500,1,40279.0
106758,Honda,Petrol,Manual,First,2022,12763,1400,2,27669.0
106759,Honda,Hybrid,Manual,First,2021,71366,2500,0,32739.0
106760,Hyundai,Petrol,Automatic,Third,2024,68750,2000,0,20472.0
106761,Toyota,Petrol,Automatic,Third,2023,75716,2500,1,32508.0
106762,Honda,Petrol,Automatic,Second,2025,57041,3000,1,36371.0
106763,Kia,Diesel,Automatic,First,2017,96509,1000,1,12455.0
106764,Mercedes,Petrol,Automatic,Second,2025,74249,1000,0,31576.0
106765,Honda,Petrol,Automatic,Second,2022,55038,1600,1,26245.0
106766,Hyundai,Petrol,Automatic,First,2024,97234,1000,1,23045.0
106767,BMW,Diesel,Automatic,First,2012,76022,3000,0,30387.0
106768,Honda,Hybrid,Automatic,Second,2025,69396,3000,0,39188.0
106769,Mercedes,Petrol,Automatic,First,2016,50594,2200,0,34756.0
106770,Volkswagen,Petrol,Automatic,First,2025,124355,1200,0,29494.0
106771,Volkswagen,Petrol,Automatic,First,2015,35270,1600,0,20071.0
106772,Kia,Petrol,Automatic,Second,2025,54328,1600,0,27499.0
106773,Ford,Petrol,Manual,First,2015,54445,3500,1,22669.0
106774,Ford,Diesel,Manual,Second,2025,59458,1800,1,24856.0
106775,Honda,Diesel,Automatic,First,2025,82983,1800,0,31836.0
106776,Audi,Electric,Manual,First,2023,77860,2500,1,41580.0
106777,BMW,Petrol,Manual,Second,2018,81716,1400,1,24656.0
106778,Hyundai,Diesel,Automatic,First,2025,62354,2200,0,29194.0
106779,BMW,Diesel,Automatic,First,2016,99676,1000,2,22655.0
106780,Volkswagen,Diesel,Manual,Second,2018,41773,1000,1,16340.0
106781,Honda,Hybrid,Automatic,First,2012,39657,1400,0,20939.0
106782,Mercedes,Petrol,Automatic,Second,2022,28388,1000,1,32548.0
106783,Hyundai,Petrol,Manual,First,2025,51796,1000,0,21600.0
106784,BMW,Diesel,Automatic,First,2020,68003,1400,1,33324.0
106785,Mercedes,Petrol,Automatic,Second,2019,48169,3000,0,38654.0
106786,Hyundai,Petrol,Automatic,First,2018,49962,1800,2,17542.0
106787,BMW,Petrol,Automatic,First,2021,98296,1600,0,31953.0
106788,Kia,Petrol,Automatic,First,2013,44358,2200,0,19480.0
106789,Volkswagen,Diesel,Manual,First,2022,55504,1200,2,22459.0
106790,Toyota,Petrol,Automatic,Second,2017,76387,2000,0,23334.0
106791,Hyundai,Petrol,Automatic,Second,2025,14959,3500,0,34845.0
106792,Volkswagen,Diesel,Automatic,Second,2015,29032,1000,1,13437.0
106793,Nissan,Diesel,Automatic,First,2014,87781,1600,0,14582.0
106794,Audi,Electric,Manual,Second,2024,9597,2000,0,45870.0
106795,Honda,Petrol,Automatic,First,2019,20675,3500,0,39674.0
106796,Nissan,Electric,Automatic,Second,2025,15214,1600,1,32395.0
106797,Mercedes,Diesel,Automatic,Second,2015,54456,2200,1,31283.0
106798,Hyundai,Hybrid,Automatic,First,2014,26670,1400,0,16660.0
106799,Honda,Petrol,Automatic,Third,2022,39550,1400,0,28772.0
106800,Honda,Diesel,Automatic,Second,2016,99682,3500,0,28139.0
106801,Nissan,Hybrid,Automatic,Second,2024,58847,2500,0,35258.0
106802,Nissan,Hybrid,Automatic,Second,2020,71581,1200,0,21543.0
106803,Toyota,Petrol,Manual,Second,2021,75641,1000,0,21492.0
106804,BMW,Petrol,Automatic,Third,2014,96863,1800,0,25261.0
106805,Hyundai,Diesel,Automatic,Second,2020,50520,2200,1,21904.0
106806,Volkswagen,Electric,Manual,First,2015,62625,1600,0,24893.0
106807,Ford,Petrol,Manual,Second,2023,58073,2500,0,27182.0
106808,Hyundai,Diesel,Automatic,First,2021,34829,1000,0,19687.0
106809,Hyundai,Diesel,Manual,Third,2015,60201,1800,1,10186.0
106810,Hyundai,Hybrid,Manual,Third,2013,74127,1200,0,12863.0
106811,Honda,Diesel,Automatic,Second,2023,90979,1400,2,25791.0
106812,Mercedes,Petrol,Automatic,Second,2019,38593,2000,1,36540.0
106813,Honda,Electric,Automatic,Third,2015,97591,1200,1,21987.0
106814,Mercedes,Diesel,Automatic,First,2014,53140,2500,0,32456.0
106815,Nissan,Diesel,Automatic,Second,2024,101901,1600,1,24936.0
106816,Ford,Petrol,Automatic,First,2014,64136,3500,0,22291.0
106817,Honda,Diesel,Manual,Second,2012,73299,2200,0,15923.0
106818,Mercedes,Petrol,Automatic,First,2019,53519,1800,0,36701.0
106819,Honda,Petrol,Automatic,Second,2024,111882,2200,0,26422.0
106820,Audi,Diesel,Automatic,First,2022,38191,2200,0,38843.0
106821,Honda,Diesel,Manual,First,2016,95867,3500,1,25503.0
106822,Ford,Diesel,Manual,First,2016,31729,1200,0,12649.0
106823,Ford,Petrol,Automatic,First,2024,44714,2000,0,28617.0
106824,Mercedes,Diesel,Automatic,First,2015,115827,2500,0,31030.0
106825,Mercedes,Petrol,Automatic,First,2024,83969,2500,1,41594.0
106826,Nissan,Diesel,Manual,Second,2023,73085,3000,1,24824.0
106827,Ford,Petrol,Automatic,First,2025,71041,1800,0,31163.0
106828,Ford,Diesel,Automatic,Second,2016,98367,3500,0,26521.0
106829,Toyota,Hybrid,Automatic,Second,2023,76024,1400,1,29215.0
106830,Hyundai,Petrol,Manual,First,2016,65996,1800,0,14424.0
106831,Kia,Petrol,Automatic,First,2020,78867,2000,1,16890.0
106832,Honda,Diesel,Manual,Second,2022,59069,3000,1,28716.0
106833,BMW,Diesel,Automatic,First,2017,53055,3000,0,34062.0
106834,Nissan,Diesel,Automatic,First,2024,43524,1600,0,25022.0
106835,Hyundai,Diesel,Automatic,Third,2020,33427,3500,0,28796.0
106836,Kia,Petrol,Automatic,Second,2019,78817,1800,0,18387.0
106837,Toyota,Petrol,Manual,First,2014,60127,2500,0,22262.0
106838,BMW,Petrol,Manual,Second,2013,16143,3000,0,33141.0
106839,Mercedes,Petrol,Manual,Second,2017,53120,1000,0,29034.0
106840,Ford,Diesel,Manual,Second,2025,73718,1400,0,22610.0
106841,Audi,Petrol,Manual,First,2024,44207,1600,0,36029.0
106842,Nissan,Electric,Automatic,First,2013,73690,3000,0,28478.0
106843,Volkswagen,Hybrid,Manual,Second,2014,3000,1000,1,18992.0
106844,Ford,Hybrid,Manual,First,2014,111750,3500,1,24107.0
106845,Audi,Electric,Automatic,Third,2024,73124,2500,0,45266.0
106846,Kia,Petrol,Manual,First,2012,7274,1200,0,11181.0
106847,Mercedes,Hybrid,Automatic,First,2016,3000,1000,1,34135.0
106848,BMW,Petrol,Automatic,Third,2019,72276,3500,0,39784.0
106849,Kia,Petrol,Automatic,First,2020,36762,2200,0,23715.0
106850,Ford,Hybrid,Automatic,First,2018,74094,1600,0,25661.0
106851,Ford,Petrol,Automatic,Second,2016,90225,1200,1,12077.0
106852,BMW,Electric,Manual,First,2019,41687,1600,1,38062.0
106853,Volkswagen,Diesel,Automatic,Second,2020,87039,3500,0,27524.0
106854,Audi,Hybrid,Automatic,First,2023,91986,1200,0,33860.0
106855,Kia,Petrol,Automatic,First,2020,78438,1600,1,19734.0
106856,Mercedes,Diesel,Automatic,First,2020,104747,1200,0,31154.0
106857,Ford,Petrol,Automatic,Second,2022,37464,2200,0,29311.0
106858,Kia,Hybrid,Automatic,First,2013,24136,1400,0,15528.0
106859,Volkswagen,Petrol,Automatic,First,2024,15680,2200,0,34531.0
106860,Kia,Diesel,Automatic,Second,2014,66872,1200,1,9676.0
106861,BMW,Petrol,Manual,Third,2013,78239,1600,0,21793.0
106862,Mercedes,Petrol,Automatic,Second,2022,83941,2200,0,37819.0
106863,Toyota,Diesel,Automatic,First,2025,63335,2000,0,34611.0
106864,BMW,Petrol,Manual,Second,2022,74428,1400,0,33850.0
106865,Kia,Diesel,Manual,Second,2016,74852,2500,0,15491.0
106866,Toyota,Petrol,Automatic,Second,2025,78086,3000,0,36610.0
106867,Ford,Petrol,Automatic,Second,2023,80384,1600,0,25434.0
106868,Toyota,Diesel,Manual,Third,2014,92141,3000,1,18600.0
106869,Volkswagen,Petrol,Manual,Second,2024,27729,1400,0,24779.0
106870,Honda,Petrol,Manual,First,2020,43027,1200,1,22290.0
106871,Volkswagen,Hybrid,Automatic,Second,2013,79618,2500,1,17514.0
106872,BMW,Petrol,Automatic,Second,2016,15313,3500,0,37415.0
106873,Honda,Petrol,Automatic,Second,2023,60883,2000,1,28224.0
106874,BMW,Petrol,Manual,Third,2016,95695,2500,0,30386.0
106875,Nissan,Petrol,Automatic,First,2016,110501,1400,2,12405.0
106876,Mercedes,Diesel,Automatic,Second,2012,84238,2500,0,26674.0
106877,Hyundai,Petrol,Automatic,First,2021,76826,3500,0,28765.0
106878,Ford,Hybrid,Manual,Second,2018,93295,3500,2,25368.0
106879,Ford,Petrol,Automatic,First,2025,77512,1200,1,24278.0
106880,Nissan,Petrol,Automatic,Third,2013,84427,2200,1,16501.0
106881,Kia,Petrol,Manual,Third,2023,121538,1200,0,15107.0
106882,Audi,Diesel,Automatic,Second,2025,66573,1200,0,36255.0
106883,BMW,Electric,Automatic,First,2025,57932,1800,0,48970.0
106884,Hyundai,Diesel,Automatic,First,2013,104691,3000,0,13741.0
106885,Hyundai,Electric,Automatic,Second,2020,61255,1200,0,25142.0
106886,Volkswagen,Petrol,Automatic,First,2023,79464,3000,0,34467.0
106887,Volkswagen,Petrol,Manual,First,2012,88380,2500,0,16356.0
106888,Audi,Petrol,Automatic,Second,2020,31080,3500,0,44051.0
106889,Kia,Petrol,Manual,First,2017,64157,1600,0,14849.0
106890,Nissan,Petrol,Automatic,First,2016,49478,1800,0,19362.0
106891,Toyota,Petrol,Automatic,Second,2016,53512,2000,0,23651.0
106892,Volkswagen,Petrol,Manual,Third,2016,90317,3000,0,20485.0
106893,Kia,Petrol,Automatic,Second,2017,30469,3500,0,25745.0
106894,Mercedes,Petrol,Automatic,Third,2018,56882,2000,0,33117.0
106895,Ford,Petrol,Automatic,Second,2022,73014,2000,1,23391.0
106896,Ford,Hybrid,Automatic,First,2020,62350,2000,2,24090.0
106897,Kia,Petrol,Automatic,Third,2013,75776,3500,0,16978.0
106898,Audi,Diesel,Manual,First,2015,81947,1000,0,22629.0
106899,Nissan,Diesel,Automatic,First,2022,84510,1000,0,18342.0
106900,Hyundai,Petrol,Manual,First,2016,97975,3000,0,19179.0
106901,Audi,Petrol,Automatic,Second,2017,135393,3500,2,31188.0
106902,Kia,Petrol,Automatic,Third,2018,92424,1200,0,14878.0
106903,Nissan,Diesel,Automatic,First,2014,63583,1800,0,17762.0
106904,Nissan,Petrol,Automatic,First,2025,78698,3000,1,32474.0
106905,BMW,Petrol,Automatic,Second,2014,55283,2000,0,26869.0
106906,Honda,Petrol,Manual,First,2020,98138,3000,2,26960.0
106907,Ford,Hybrid,Automatic,Second,2020,73630,1200,0,22324.0
106908,Kia,Petrol,Automatic,First,2025,113111,3500,1,28802.0
106909,Hyundai,Diesel,Manual,First,2013,54971,1000,2,6450.0
106910,Honda,Diesel,Automatic,First,2015,56843,1200,0,18670.0
106911,Mercedes,Hybrid,Automatic,First,2015,58827,1200,0,35047.0
106912,Volkswagen,Diesel,Automatic,Second,2016,49711,1800,0,19101.0
106913,BMW,Diesel,Automatic,Third,2013,81790,1000,1,21120.0
106914,Volkswagen,Electric,Automatic,First,2023,72658,1200,0,32118.0
106915,Honda,Diesel,Automatic,Second,2022,75262,1800,0,29208.0
106916,Honda,Petrol,Automatic,Second,2022,5599,1800,1,29916.0
106917,Volkswagen,Petrol,Manual,First,2015,35569,2200,0,26472.0
106918,Hyundai,Hybrid,Manual,Second,2022,62654,1600,0,27762.0
106919,Hyundai,Hybrid,Manual,Second,2025,68591,2000,1,26465.0
106920,Toyota,Diesel,Automatic,First,2014,113244,2000,0,16594.0
106921,Mercedes,Diesel,Automatic,First,2025,36443,3000,1,51944.0
106922,Hyundai,Diesel,Automatic,Third,2024,31209,1400,0,24580.0
106923,Mercedes,Petrol,Automatic,Second,2022,33223,3000,1,41311.0
106924,Mercedes,Diesel,Automatic,First,2017,68135,3000,1,35377.0
106925,Honda,Petrol,Automatic,First,2015,86609,1200,0,17675.0
106926,Mercedes,Electric,Automatic,First,2012,48251,1200,0,34717.0
106927,BMW,Hybrid,Manual,First,2014,69732,2200,1,30862.0
106928,Volkswagen,Diesel,Automatic,First,2019,29490,2500,0,30448.0
106929,Toyota,Petrol,Manual,First,2023,26866,1400,0,29194.0
106930,Kia,Petrol,Manual,First,2014,51480,2200,1,14421.0
106931,Audi,Petrol,Automatic,Second,2018,90652,2200,0,30889.0
106932,Toyota,Diesel,Automatic,First,2013,44020,2200,0,23170.0
106933,BMW,Diesel,Automatic,First,2025,59589,1200,0,37896.0
106934,Toyota,Petrol,Manual,First,2016,37063,2500,0,26012.0
106935,Mercedes,Diesel,Automatic,First,2018,32814,3500,1,38212.0
106936,Honda,Hybrid,Automatic,First,2012,78505,2500,1,24420.0
106937,Audi,Petrol,Automatic,First,2025,47738,1800,0,39173.0
106938,Hyundai,Diesel,Automatic,First,2022,23022,2200,0,27174.0
106939,Honda,Hybrid,Manual,First,2023,21508,2200,0,37241.0
106940,Mercedes,Diesel,Automatic,Second,2012,95050,3500,0,33511.0
106941,Mercedes,Diesel,Automatic,First,2022,14931,1600,0,41431.0
106942,Audi,Diesel,Automatic,First,2019,98712,1800,0,29718.0
106943,Audi,Electric,Manual,First,2013,84287,2000,0,30981.0
106944,Ford,Petrol,Automatic,Third,2023,51847,2000,0,29292.0
106945,Nissan,Diesel,Manual,Third,2024,86664,3500,0,27555.0
106946,Nissan,Petrol,Manual,First,2022,58940,3000,0,28006.0
106947,Honda,Petrol,Manual,First,2015,77398,1400,1,14998.0
106948,Hyundai,Petrol,Automatic,First,2014,8775,1800,0,20519.0
106949,Toyota,Petrol,Automatic,First,2016,69371,1000,0,20393.0
106950,Mercedes,Electric,Automatic,First,2013,54177,1000,0,33612.0
106951,Mercedes,Electric,Automatic,First,2017,50097,3500,2,46774.0
106952,Ford,Petrol,Automatic,First,2019,91758,1800,2,20468.0
106953,Honda,Diesel,Automatic,First,2016,128255,1000,0,18373.0
106954,Honda,Diesel,Automatic,Second,2018,103971,2200,0,23428.0
106955,Volkswagen,Hybrid,Automatic,Third,2016,99906,3500,0,26924.0
106956,Audi,Diesel,Automatic,First,2024,40124,2500,1,43151.0
106957,Hyundai,Petrol,Automatic,Second,2017,85022,3500,0,22305.0
106958,Audi,Hybrid,Manual,First,2020,53522,1200,0,31053.0
106959,Hyundai,Diesel,Automatic,First,2023,50809,1400,1,22242.0
106960,BMW,Diesel,Manual,Second,2022,129578,3500,1,36964.0
106961,Kia,Electric,Automatic,First,2025,4965,2500,1,41166.0
106962,Nissan,Electric,Manual,Second,2021,79445,1000,1,22873.0
106963,Nissan,Diesel,Manual,First,2022,77417,3000,0,28529.0
106964,Hyundai,Diesel,Automatic,First,2012,90119,1800,0,13394.0
106965,Nissan,Electric,Automatic,Second,2021,89395,3500,1,34194.0
106966,Audi,Petrol,Automatic,First,2020,80369,1000,1,27868.0
106967,Mercedes,Petrol,Automatic,First,2014,77416,3500,0,38299.0
106968,Audi,Petrol,Manual,Second,2021,41857,2500,0,35683.0
106969,Hyundai,Hybrid,Manual,First,2025,66892,3000,0,36947.0
106970,Honda,Diesel,Automatic,First,2014,90309,3000,0,22690.0
106971,Audi,Petrol,Automatic,Second,2015,44868,3000,0,32969.0
106972,Nissan,Electric,Manual,First,2019,76297,2000,0,26859.0
106973,Ford,Diesel,Automatic,Second,2012,90662,2200,1,11929.0
106974,Volkswagen,Hybrid,Manual,Third,2015,55291,2200,0,20825.0
106975,Mercedes,Petrol,Automatic,First,2018,111905,1600,0,29531.0
106976,Nissan,Diesel,Automatic,First,2023,82220,1400,0,28651.0
106977,Ford,Diesel,Automatic,Second,2014,17636,3000,0,25220.0
106978,Hyundai,Diesel,Automatic,First,2018,67852,1400,0,18788.0
106979,BMW,Diesel,Manual,Second,2022,41625,1400,1,37466.0
106980,Ford,Hybrid,Manual,First,2016,34379,1600,0,23071.0
106981,Kia,Petrol,Automatic,First,2024,36335,3500,0,34178.0
106982,BMW,Hybrid,Automatic,First,2021,122347,3500,0,44338.0
106983,Toyota,Petrol,Manual,Second,2022,41098,3500,1,35922.0
106984,Mercedes,Petrol,Automatic,First,2020,60617,1400,1,29541.0
106985,Nissan,Petrol,Manual,Second,2019,74822,1200,0,17536.0
106986,Toyota,Petrol,Automatic,Second,2022,43905,1800,1,32549.0
106987,Audi,Petrol,Manual,First,2014,40272,1000,0,21100.0
106988,Hyundai,Hybrid,Manual,First,2025,46330,1000,2,22747.0
106989,Mercedes,Diesel,Automatic,First,2023,47560,2000,0,40730.0
106990,Honda,Petrol,Manual,Second,2015,80924,1600,0,16221.0
106991,BMW,Diesel,Automatic,Second,2018,39402,2500,0,36978.0
106992,Honda,Petrol,Automatic,First,2024,111054,1000,0,25814.0
106993,Toyota,Petrol,Automatic,First,2025,58574,3500,0,43503.0
106994,Ford,Diesel,Manual,First,2013,113660,1800,1,12197.0
106995,Ford,Diesel,Manual,First,2021,63134,2000,3,22523.0
106996,Hyundai,Hybrid,Manual,First,2022,20417,1800,0,28067.0
106997,Toyota,Petrol,Manual,First,2017,46036,3500,0,28835.0
106998,Volkswagen,Diesel,Automatic,First,2020,81038,2000,0,25739.0
106999,Mercedes,Diesel,Automatic,First,2023,33734,1400,1,42634.0
107000,BMW,Electric,Automatic,First,2020,63812,3000,0,42009.0
107001,Ford,Petrol,Manual,First,2017,75503,2200,1,20432.0
107002,Ford,Diesel,Manual,First,2023,76289,3500,0,32221.0
107003,Honda,Diesel,Automatic,First,2017,82144,1000,1,21699.0
107004,Honda,Electric,Manual,First,2017,72080,1800,0,27649.0
107005,Nissan,Petrol,Automatic,First,2022,34870,3500,1,36362.0
107006,Audi,Diesel,Automatic,First,2021,56809,1000,0,32548.0
107007,Volkswagen,Petrol,Automatic,First,2017,65367,1400,0,17913.0
107008,Honda,Diesel,Manual,First,2014,78356,2000,1,18999.0
107009,Honda,Petrol,Automatic,First,2015,43009,1200,0,21493.0
107010,Mercedes,Petrol,Manual,First,2017,63766,1800,0,30045.0
107011,Nissan,Diesel,Automatic,First,2021,122450,2200,0,22270.0
107012,Honda,Petrol,Automatic,First,2012,92934,3000,0,18441.0
107013,BMW,Petrol,Automatic,First,2012,91461,1000,0,23294.0
107014,Mercedes,Petrol,Manual,Second,2024,63271,2200,1,39255.0
107015,Audi,Petrol,Automatic,First,2018,70681,2500,1,34210.0
107016,Toyota,Electric,Manual,First,2012,65490,1400,0,23246.0
107017,Mercedes,Diesel,Automatic,First,2016,79454,1200,0,27567.0
107018,Toyota,Hybrid,Automatic,First,2021,27962,2500,1,35207.0
107019,Ford,Petrol,Manual,First,2022,41086,2200,1,28435.0
107020,Nissan,Electric,Automatic,First,2019,22853,1000,0,27792.0
107021,Audi,Diesel,Manual,First,2017,87422,1200,0,27944.0
107022,Nissan,Diesel,Automatic,Second,2025,86831,1600,0,24406.0
107023,Audi,Diesel,Manual,First,2014,45537,1400,1,22732.0
107024,Nissan,Diesel,Manual,Third,2025,43879,1200,0,24775.0
107025,Mercedes,Diesel,Manual,Second,2013,87003,1800,2,24949.0
107026,Nissan,Petrol,Automatic,Second,2025,86295,2000,0,28846.0
107027,Kia,Petrol,Automatic,Second,2025,113735,2000,0,27396.0
107028,Audi,Diesel,Automatic,First,2013,40311,2200,0,30831.0
107029,Toyota,Diesel,Automatic,First,2015,61578,2000,0,22137.0
107030,Audi,Petrol,Automatic,First,2020,68749,2000,1,32948.0
107031,Ford,Petrol,Automatic,First,2020,81976,2500,0,26376.0
107032,BMW,Diesel,Manual,First,2012,94017,1800,0,22600.0
107033,Kia,Hybrid,Manual,Second,2016,61436,1800,1,16184.0
107034,Hyundai,Petrol,Automatic,First,2020,71589,2200,2,21568.0
107035,Audi,Petrol,Manual,First,2025,55580,3500,0,46616.0
107036,Honda,Hybrid,Automatic,Second,2025,21793,2200,0,42785.0
107037,Mercedes,Diesel,Manual,First,2015,39620,1400,0,31581.0
107038,Mercedes,Petrol,Manual,First,2022,50954,1000,0,36090.0
107039,Nissan,Hybrid,Manual,First,2018,81803,1800,0,22580.0
107040,Nissan,Diesel,Automatic,Second,2022,3000,3500,1,32144.0
107041,Mercedes,Diesel,Manual,First,2017,82295,1600,3,25280.0
107042,Volkswagen,Electric,Automatic,Second,2024,82464,1000,0,29696.0
107043,Kia,Electric,Manual,First,2015,51294,1800,1,17413.0
107044,Kia,Petrol,Automatic,Third,2021,122119,2000,0,15928.0
107045,Toyota,Petrol,Manual,First,2025,72612,2200,1,36477.0
107046,Audi,Petrol,Automatic,Second,2022,72220,3500,1,42660.0
107047,Hyundai,Petrol,Automatic,Third,2023,60130,3000,1,27410.0
107048,Mercedes,Petrol,Automatic,First,2018,10154,1600,0,38927.0
107049,Audi,Petrol,Automatic,First,2018,45475,1000,0,30827.0
107050,Kia,Electric,Manual,First,2013,41251,1600,0,16075.0
107051,Ford,Hybrid,Manual,First,2018,84794,2200,0,20537.0
107052,Mercedes,Diesel,Manual,Second,2024,49195,1000,0,32684.0
107053,Audi,Diesel,Automatic,First,2025,74037,3000,0,43163.0
107054,Kia,Petrol,Manual,Third,2020,16376,2000,0,18678.0
107055,BMW,Petrol,Automatic,Second,2017,105933,3500,0,35671.0
107056,Kia,Petrol,Manual,First,2023,86454,2500,0,25566.0
107057,Nissan,Hybrid,Manual,First,2017,64254,2000,2,17933.0
107058,Honda,Petrol,Automatic,First,2022,50514,2200,0,35231.0
107059,Volkswagen,Hybrid,Manual,First,2024,89996,1400,0,27144.0
107060,Volkswagen,Diesel,Manual,First,2017,49478,2500,0,25076.0
107061,Nissan,Petrol,Automatic,First,2023,49248,1800,0,26808.0
107062,Nissan,Petrol,Automatic,Third,2024,58125,2200,1,27455.0
107063,Mercedes,Diesel,Automatic,First,2013,108902,2200,0,28678.0
107064,BMW,Electric,Manual,First,2023,46165,2000,2,44383.0
107065,BMW,Diesel,Automatic,First,2017,85416,1400,0,30426.0
107066,Mercedes,Petrol,Automatic,Second,2017,41919,1000,0,28841.0
107067,Audi,Diesel,Automatic,Second,2020,3000,2000,0,37402.0
107068,Mercedes,Petrol,Automatic,First,2013,76830,3000,0,32244.0
107069,Hyundai,Electric,Manual,Third,2020,39016,1200,0,20615.0
107070,Hyundai,Diesel,Automatic,Second,2016,56115,1200,0,14560.0
107071,Volkswagen,Diesel,Manual,Second,2020,90221,3500,0,26559.0
107072,Kia,Petrol,Automatic,Third,2021,37707,1000,0,17926.0
107073,Mercedes,Diesel,Automatic,Second,2021,52539,1000,0,35609.0
107074,Mercedes,Petrol,Automatic,Second,2013,84284,1200,0,24978.0
107075,Audi,Petrol,Manual,First,2025,51285,1000,0,38289.0
107076,Toyota,Petrol,Automatic,First,2016,67614,2000,0,24792.0
107077,Volkswagen,Electric,Automatic,Third,2022,60612,1800,0,33409.0
107078,Volkswagen,Diesel,Automatic,First,2024,60685,2500,0,34048.0
107079,Volkswagen,Petrol,Automatic,First,2013,58759,3500,2,27799.0
107080,Kia,Hybrid,Manual,First,2016,78408,2200,0,16492.0
107081,Nissan,Petrol,Manual,First,2018,7725,1600,1,17637.0
107082,Ford,Petrol,Automatic,First,2023,56991,3000,3,27344.0
107083,Toyota,Petrol,Automatic,Second,2018,41390,1600,0,23023.0
107084,Kia,Diesel,Manual,Third,2023,85376,3000,1,20039.0
107085,Hyundai,Diesel,Automatic,First,2022,100755,1600,2,20504.0
107086,Audi,Diesel,Automatic,Second,2018,64400,1200,0,27188.0
107087,Nissan,Diesel,Automatic,First,2016,60012,1200,0,16530.0
107088,Hyundai,Petrol,Automatic,First,2018,79992,2000,0,21156.0
107089,Nissan,Hybrid,Automatic,Second,2017,68802,2000,1,18882.0
107090,BMW,Petrol,Automatic,Second,2018,60261,2200,0,30514.0
107091,Volkswagen,Hybrid,Automatic,First,2016,72231,2200,1,25658.0
107092,Nissan,Diesel,Automatic,First,2023,54921,1400,0,26431.0
107093,Honda,Diesel,Automatic,First,2013,86552,3500,0,25622.0
107094,Volkswagen,Diesel,Manual,Third,2020,117515,2200,0,20978.0
107095,Volkswagen,Diesel,Manual,First,2013,59807,3000,0,18765.0
107096,Audi,Petrol,Manual,First,2014,77850,3000,0,30978.0
107097,Toyota,Hybrid,Automatic,Second,2020,5906,2200,0,37645.0
107098,Hyundai,Petrol,Automatic,Second,2013,12788,1600,1,14512.0
107099,Nissan,Petrol,Manual,Third,2024,71601,2500,0,22816.0
107100,Nissan,Diesel,Automatic,Third,2025,53874,1200,1,25160.0
107101,BMW,Diesel,Automatic,First,2019,43344,2500,0,37954.0
107102,Volkswagen,Petrol,Automatic,Second,2024,78439,1400,0,26230.0
107103,Mercedes,Electric,Automatic,First,2023,56271,1800,0,46918.0
107104,Ford,Electric,Manual,Third,2024,78317,1400,0,27901.0
107105,Mercedes,Diesel,Manual,First,2024,68743,2000,0,40161.0
107106,Nissan,Diesel,Manual,Second,2014,87461,2000,0,9789.0
107107,Mercedes,Diesel,Manual,First,2017,61052,2500,0,31062.0
107108,Audi,Petrol,Automatic,First,2020,64402,1000,0,32777.0
107109,Honda,Diesel,Manual,First,2021,56323,1800,0,29493.0
107110,Nissan,Electric,Automatic,Second,2021,50967,1800,1,27780.0
107111,Nissan,Electric,Manual,First,2014,78321,3000,0,29092.0
107112,Honda,Electric,Automatic,First,2020,36914,3500,0,39831.0
107113,Hyundai,Petrol,Manual,First,2018,96603,1600,0,13662.0
107114,Honda,Petrol,Manual,First,2016,35616,2000,0,22017.0
107115,Mercedes,Petrol,Automatic,First,2019,55122,3500,0,39278.0
107116,Audi,Petrol,Automatic,First,2017,52622,2200,0,33328.0
107117,BMW,Petrol,Automatic,First,2018,82111,1400,0,31008.0
107118,Hyundai,Petrol,Automatic,First,2014,101684,2000,0,16425.0
107119,Kia,Diesel,Automatic,Second,2024,74323,1400,0,23147.0
107120,BMW,Hybrid,Manual,Second,2021,111490,2000,1,35578.0
107121,Toyota,Diesel,Automatic,Third,2022,44184,1000,1,23087.0
107122,Toyota,Hybrid,Automatic,First,2017,56947,3000,1,31676.0
107123,Toyota,Petrol,Manual,Second,2022,23365,2000,0,31346.0
107124,Toyota,Petrol,Automatic,First,2014,31641,2000,1,21309.0
107125,Audi,Hybrid,Automatic,First,2018,92911,1600,0,35366.0
107126,BMW,Diesel,Manual,First,2021,58933,1800,0,34886.0
107127,Volkswagen,Diesel,Manual,First,2017,50755,1600,0,18624.0
107128,Ford,Petrol,Automatic,First,2021,38292,2000,0,29766.0
107129,Hyundai,Petrol,Automatic,Second,2023,85422,2200,0,27737.0
107130,Kia,Diesel,Automatic,First,2019,52643,1000,0,16032.0
107131,Mercedes,Hybrid,Automatic,Second,2019,30366,1400,0,37181.0
107132,Nissan,Electric,Automatic,Second,2017,65748,1200,0,20765.0
107133,Toyota,Diesel,Manual,First,2013,80262,1800,0,17612.0
107134,Kia,Diesel,Manual,First,2025,60091,2500,0,30800.0
107135,Nissan,Hybrid,Automatic,First,2021,49204,1800,0,28327.0
107136,Ford,Diesel,Automatic,First,2024,66756,3000,0,32259.0
107137,Kia,Diesel,Automatic,First,2021,24026,1000,0,20083.0
107138,BMW,Electric,Automatic,First,2017,84515,2000,1,34952.0
107139,Kia,Hybrid,Manual,First,2012,76247,1400,0,9467.0
107140,Toyota,Electric,Manual,First,2024,95427,1200,0,30303.0
107141,Ford,Petrol,Automatic,First,2017,39860,1600,1,18741.0
107142,Mercedes,Diesel,Automatic,Third,2017,17769,1400,1,29877.0
107143,Volkswagen,Hybrid,Manual,Third,2017,20337,3000,0,28468.0
107144,Honda,Petrol,Automatic,First,2023,35017,3000,1,37604.0
107145,Toyota,Hybrid,Automatic,First,2020,28942,2500,1,34245.0
107146,Nissan,Petrol,Automatic,First,2015,80699,2200,0,19069.0
107147,Ford,Hybrid,Automatic,First,2022,50326,3500,0,36490.0
107148,BMW,Diesel,Automatic,First,2018,57645,1400,1,31871.0
107149,Audi,Petrol,Manual,First,2022,46850,1400,0,36325.0
107150,Ford,Diesel,Automatic,First,2014,59835,2200,0,17305.0
107151,Nissan,Diesel,Automatic,Second,2019,84876,1600,1,14445.0
107152,Honda,Diesel,Manual,Second,2013,111389,2500,0,16828.0
107153,Honda,Petrol,Automatic,Third,2013,91792,1000,2,9347.0
107154,Hyundai,Hybrid,Automatic,First,2016,65911,1000,1,17855.0
107155,Volkswagen,Diesel,Automatic,Second,2012,56065,2200,1,16918.0
107156,Nissan,Diesel,Automatic,First,2012,101254,3000,0,17733.0
107157,Honda,Petrol,Manual,Second,2025,36776,1200,0,25107.0
107158,Hyundai,Electric,Automatic,Second,2022,64509,1800,0,27970.0
107159,Hyundai,Petrol,Manual,Third,2014,30053,1200,0,8526.0
107160,Hyundai,Diesel,Manual,Second,2017,100072,3000,0,18256.0
107161,Ford,Hybrid,Automatic,First,2021,106678,3000,0,33694.0
107162,Hyundai,Petrol,Automatic,First,2023,26128,1000,0,25372.0
107163,Toyota,Diesel,Automatic,Second,2017,23937,2200,0,26100.0
107164,Nissan,Petrol,Automatic,Second,2019,49829,1000,1,15781.0
107165,Toyota,Hybrid,Automatic,Second,2018,81746,2200,1,25601.0
107166,Audi,Diesel,Automatic,First,2012,40839,2500,1,30008.0
107167,Honda,Hybrid,Manual,First,2012,42416,1000,2,17748.0
107168,Volkswagen,Hybrid,Automatic,First,2015,83598,1400,1,22649.0
107169,Hyundai,Diesel,Automatic,Third,2012,72445,3500,0,18374.0
107170,BMW,Diesel,Automatic,First,2012,62049,1800,2,22654.0
107171,BMW,Diesel,Automatic,Second,2021,66348,3500,1,39114.0
107172,Honda,Petrol,Manual,Second,2012,72651,2200,1,14695.0
107173,Audi,Diesel,Automatic,First,2022,89169,1800,0,36898.0
107174,BMW,Electric,Automatic,Second,2014,90015,1400,2,24327.0
107175,Toyota,Petrol,Manual,Second,2024,48904,2500,0,35241.0
107176,Kia,Petrol,Manual,First,2021,61277,2000,1,21908.0
107177,Ford,Petrol,Manual,First,2013,46564,1000,0,11465.0
107178,Mercedes,Petrol,Manual,Second,2022,77184,2200,0,32087.0
107179,BMW,Petrol,Automatic,First,2021,34728,3000,0,44891.0
107180,Volkswagen,Diesel,Automatic,First,2019,30618,1000,0,25511.0
107181,Hyundai,Diesel,Automatic,Second,2018,50592,2200,0,17744.0
107182,Volkswagen,Diesel,Automatic,First,2021,3000,1200,0,30668.0
107183,Nissan,Petrol,Automatic,First,2024,3000,1000,1,26083.0
107184,Ford,Diesel,Manual,First,2019,75777,1000,0,16270.0
107185,Toyota,Hybrid,Automatic,First,2015,78382,1400,0,25567.0
107186,Audi,Electric,Manual,First,2025,34680,1000,0,39406.0
107187,Ford,Diesel,Automatic,Second,2020,59262,3500,1,28713.0
107188,Mercedes,Petrol,Manual,First,2016,108523,1200,1,24419.0
107189,Kia,Electric,Manual,Second,2018,59009,2200,1,21865.0
107190,BMW,Diesel,Manual,First,2015,101361,2500,0,28914.0
107191,Audi,Petrol,Manual,Third,2012,43039,1400,0,20763.0
107192,Audi,Petrol,Automatic,First,2022,68485,2200,1,35354.0
107193,BMW,Petrol,Automatic,First,2023,77607,2200,0,38673.0
107194,BMW,Petrol,Manual,Second,2019,48345,3500,2,35905.0
107195,BMW,Petrol,Automatic,Second,2020,54025,1600,1,31975.0
107196,BMW,Electric,Automatic,First,2024,58224,1000,0,43761.0
107197,BMW,Diesel,Automatic,First,2020,38854,1600,0,34646.0
107198,Audi,Diesel,Automatic,First,2021,69399,1000,0,32217.0
107199,Honda,Hybrid,Manual,First,2025,99371,3500,0,41989.0
107200,Honda,Hybrid,Manual,First,2019,98444,1600,0,22743.0
107201,Volkswagen,Hybrid,Manual,First,2012,121971,1800,0,16974.0
107202,Honda,Electric,Automatic,Second,2014,50604,3000,0,29645.0
107203,Mercedes,Petrol,Automatic,Second,2016,47871,2200,1,29130.0
107204,Honda,Electric,Manual,First,2018,81962,3000,0,33893.0
107205,Audi,Diesel,Manual,Second,2023,105165,3000,0,36266.0
107206,BMW,Petrol,Manual,First,2019,96225,2500,0,33867.0
107207,Hyundai,Diesel,Manual,First,2012,83687,1200,0,3768.0
107208,Hyundai,Diesel,Automatic,Second,2016,39833,1800,0,15803.0
107209,Mercedes,Electric,Automatic,First,2014,42085,1600,0,40102.0
107210,Nissan,Petrol,Manual,First,2018,79678,1000,0,12584.0
107211,Audi,Diesel,Manual,First,2017,76913,2000,0,31827.0
107212,Toyota,Petrol,Manual,First,2023,60070,1800,0,25814.0
107213,Ford,Petrol,Automatic,First,2012,78324,3500,1,19710.0
107214,Volkswagen,Petrol,Manual,Second,2022,67240,3500,0,30651.0
107215,Toyota,Diesel,Automatic,First,2013,87599,2200,1,17757.0
107216,Audi,Hybrid,Automatic,First,2016,47675,1000,0,30485.0
107217,Honda,Petrol,Automatic,First,2016,22104,1800,2,24560.0
107218,BMW,Diesel,Manual,Second,2012,26428,1400,0,20760.0
107219,Toyota,Petrol,Automatic,First,2022,43186,1600,0,35032.0
107220,Ford,Petrol,Automatic,First,2023,47549,1600,1,24701.0
107221,Nissan,Diesel,Automatic,Second,2023,63933,2000,0,26324.0
107222,Hyundai,Petrol,Manual,First,2015,39337,1600,0,12859.0
107223,Nissan,Diesel,Automatic,First,2023,31796,2200,2,28982.0
107224,Ford,Petrol,Manual,Second,2020,18892,1400,1,18086.0
107225,BMW,Petrol,Automatic,First,2020,70451,2500,1,37484.0
107226,Honda,Diesel,Automatic,First,2016,64239,1200,0,20459.0
107227,Ford,Diesel,Manual,First,2018,70687,1200,0,17420.0
107228,Volkswagen,Petrol,Automatic,First,2022,50701,1000,0,24652.0
107229,Ford,Diesel,Automatic,Third,2013,118579,2000,0,9229.0
107230,Audi,Hybrid,Automatic,First,2012,29572,2000,0,30432.0
107231,Honda,Diesel,Manual,First,2023,66716,2000,0,30931.0
107232,BMW,Petrol,Automatic,Second,2013,3000,1000,1,23785.0
107233,Hyundai,Diesel,Automatic,First,2024,77005,1600,0,25603.0
107234,Hyundai,Diesel,Manual,First,2015,41809,1000,0,12541.0
107235,Ford,Petrol,Automatic,First,2017,24713,1200,0,21147.0
107236,Audi,Hybrid,Automatic,Second,2014,78410,2500,1,28996.0
107237,Toyota,Electric,Automatic,Second,2013,28448,2500,0,30949.0
107238,Nissan,Hybrid,Manual,First,2024,39829,1000,0,28141.0
107239,Nissan,Hybrid,Automatic,Second,2018,94095,1000,0,22591.0
107240,Nissan,Diesel,Manual,First,2019,69498,1400,0,20009.0
107241,Toyota,Diesel,Manual,First,2020,53301,2200,0,31812.0
107242,Audi,Diesel,Automatic,First,2022,69080,2000,1,36351.0
107243,Nissan,Hybrid,Manual,Second,2023,52617,1400,0,28783.0
107244,Volkswagen,Diesel,Automatic,Second,2021,84155,2500,0,24757.0
107245,Toyota,Petrol,Automatic,Second,2024,60044,2500,0,35214.0
107246,Toyota,Petrol,Manual,Second,2019,36368,2000,0,25625.0
107247,BMW,Hybrid,Automatic,First,2013,20224,1000,1,27000.0
107248,BMW,Petrol,Automatic,First,2014,98591,2500,0,29279.0
107249,Honda,Diesel,Automatic,First,2012,22520,1800,0,20332.0
107250,Volkswagen,Electric,Automatic,First,2012,87285,3000,0,29363.0
107251,Volkswagen,Diesel,Automatic,First,2017,38719,3000,0,30424.0
107252,Honda,Electric,Manual,Second,2014,45059,1200,0,19756.0
107253,Volkswagen,Diesel,Manual,Second,2015,102133,2000,1,18789.0
107254,Mercedes,Petrol,Automatic,First,2021,44537,1600,0,40302.0
107255,Kia,Hybrid,Automatic,Second,2023,56609,2200,2,26294.0
107256,Nissan,Petrol,Automatic,Second,2019,99688,2000,1,19494.0
107257,BMW,Petrol,Automatic,First,2016,83105,2200,0,31788.0
107258,Honda,Petrol,Automatic,First,2023,84716,1800,0,29960.0
107259,Honda,Petrol,Automatic,First,2025,40117,3000,0,39872.0
107260,Volkswagen,Petrol,Automatic,First,2022,38561,1000,1,24480.0
107261,Toyota,Petrol,Automatic,First,2017,81524,2200,0,23794.0
107262,Hyundai,Diesel,Manual,Third,2020,64964,3000,1,21603.0
107263,Ford,Hybrid,Automatic,First,2025,63438,2500,0,38982.0
107264,Ford,Petrol,Manual,Second,2022,27967,1000,0,20989.0
107265,Honda,Petrol,Manual,First,2022,43934,2500,0,32744.0
107266,Nissan,Diesel,Manual,First,2013,13539,1400,0,13675.0
107267,Mercedes,Diesel,Manual,Second,2014,68648,3500,1,29717.0
107268,Nissan,Electric,Automatic,First,2016,77671,2000,0,29247.0
107269,Honda,Petrol,Automatic,Second,2013,92549,3000,0,20230.0
107270,Nissan,Hybrid,Automatic,First,2019,21565,2200,0,29701.0
107271,BMW,Diesel,Manual,Third,2013,85180,1800,0,20841.0
107272,Nissan,Diesel,Automatic,First,2015,62822,2500,1,18452.0
107273,Volkswagen,Petrol,Automatic,First,2025,96053,2500,0,36030.0
107274,Volkswagen,Petrol,Manual,Second,2014,10905,2000,1,15510.0
107275,Mercedes,Petrol,Automatic,Second,2015,112088,2000,1,28893.0
107276,BMW,Petrol,Automatic,First,2015,58551,3000,1,33489.0
107277,Hyundai,Diesel,Automatic,Third,2017,70799,1600,0,15424.0
107278,Toyota,Hybrid,Manual,Second,2021,39942,1400,0,26720.0
107279,BMW,Diesel,Manual,First,2023,35311,2500,1,41033.0
107280,Audi,Diesel,Manual,First,2023,79966,3000,1,40730.0
107281,Kia,Diesel,Manual,First,2021,54797,1600,0,23257.0
107282,Honda,Petrol,Automatic,First,2021,113488,1200,0,22492.0
107283,Audi,Electric,Manual,First,2020,56149,2000,0,38247.0
107284,Mercedes,Diesel,Automatic,Second,2014,89928,3000,0,30994.0
107285,Audi,Petrol,Manual,Second,2012,58296,1200,0,18837.0
107286,Volkswagen,Petrol,Automatic,First,2025,3000,3000,2,40152.0
107287,Nissan,Diesel,Automatic,First,2019,52199,1800,0,23436.0
107288,Toyota,Diesel,Manual,Third,2018,87232,1600,0,19656.0
107289,Ford,Petrol,Manual,First,2013,69338,2500,1,17209.0
107290,Honda,Hybrid,Automatic,First,2016,49708,1200,0,23791.0
107291,Ford,Diesel,Manual,Second,2023,71570,2200,0,23222.0
107292,Nissan,Diesel,Automatic,Second,2023,103039,3500,0,30505.0
107293,Volkswagen,Petrol,Automatic,Third,2021,96791,2200,0,25639.0
107294,Volkswagen,Petrol,Manual,Third,2015,21256,1000,1,11621.0
107295,Nissan,Electric,Automatic,Third,2020,65744,3500,0,34420.0
107296,Honda,Hybrid,Manual,First,2015,69934,2500,0,27257.0
107297,Ford,Petrol,Automatic,First,2016,32032,1000,0,14317.0
107298,BMW,Petrol,Automatic,Second,2019,41239,3000,1,40756.0
107299,Volkswagen,Petrol,Automatic,First,2014,36048,1200,0,17573.0
107300,Ford,Petrol,Automatic,First,2017,38125,3500,0,27137.0
107301,Hyundai,Diesel,Automatic,First,2017,18958,2200,1,22969.0
107302,Ford,Electric,Manual,First,2025,59193,1800,0,36504.0
107303,Hyundai,Petrol,Manual,First,2018,85829,1800,0,16866.0
107304,Hyundai,Petrol,Manual,First,2020,46111,1800,0,21813.0
107305,Volkswagen,Hybrid,Manual,First,2022,114009,3000,2,26582.0
107306,Honda,Petrol,Automatic,Second,2014,103480,3500,0,25566.0
107307,Mercedes,Electric,Automatic,Second,2024,55557,1200,0,43289.0
107308,Volkswagen,Diesel,Automatic,Third,2025,57189,3000,0,33552.0
107309,Honda,Electric,Automatic,First,2016,102878,2200,0,31037.0
107310,Honda,Petrol,Manual,First,2016,43709,1400,1,17103.0
107311,Audi,Petrol,Automatic,First,2016,72161,1400,1,28665.0
107312,Nissan,Diesel,Automatic,Second,2017,92931,1200,1,13875.0
107313,Nissan,Diesel,Automatic,Second,2012,49653,3500,1,21431.0
107314,Nissan,Petrol,Automatic,First,2024,62480,1800,0,26235.0
107315,Kia,Electric,Automatic,Second,2020,27207,1400,0,28267.0
107316,Volkswagen,Hybrid,Automatic,First,2023,30491,1200,0,32959.0
107317,Honda,Diesel,Automatic,First,2014,110367,1600,0,16842.0
107318,Audi,Petrol,Automatic,Second,2017,76398,3000,0,32070.0
107319,Hyundai,Diesel,Automatic,First,2015,85869,1000,0,11285.0
107320,Mercedes,Diesel,Manual,First,2018,76909,3000,0,33808.0
107321,Mercedes,Petrol,Manual,First,2019,68640,2200,0,33437.0
107322,Hyundai,Electric,Manual,Second,2015,49291,1200,0,17438.0
107323,Ford,Petrol,Automatic,Second,2021,117548,1200,1,16444.0
107324,Ford,Petrol,Automatic,First,2017,26439,1800,0,24410.0
107325,Nissan,Petrol,Manual,Third,2023,29187,1400,0,22950.0
107326,Volkswagen,Hybrid,Automatic,First,2023,46005,1000,0,31488.0
107327,Kia,Diesel,Automatic,First,2021,76770,2500,1,25883.0
107328,Audi,Petrol,Automatic,First,2025,70034,1800,0,42328.0
107329,Mercedes,Petrol,Automatic,Second,2018,40466,1800,1,34636.0
107330,Nissan,Petrol,Automatic,First,2023,54748,2000,0,27442.0
107331,Toyota,Petrol,Manual,Second,2021,51447,2500,2,29630.0
107332,Nissan,Diesel,Automatic,Third,2018,71923,1600,0,10650.0
107333,Toyota,Petrol,Automatic,Second,2020,50918,1400,0,24646.0
107334,BMW,Petrol,Automatic,First,2019,114951,2200,0,35841.0
107335,Honda,Hybrid,Automatic,Second,2014,56223,1000,0,17393.0
107336,Hyundai,Diesel,Automatic,Second,2024,56416,1200,0,25260.0
107337,Honda,Diesel,Automatic,First,2015,86118,1400,0,18456.0
107338,Nissan,Petrol,Automatic,First,2020,80967,1800,1,19904.0
107339,Honda,Petrol,Manual,Second,2022,99061,3500,1,31545.0
107340,Audi,Diesel,Automatic,First,2018,93629,1600,0,31739.0
107341,BMW,Petrol,Automatic,First,2018,57953,1400,1,32250.0
107342,Kia,Petrol,Automatic,Second,2012,99340,3500,1,14635.0
107343,BMW,Hybrid,Automatic,Second,2013,52798,1600,0,25225.0
107344,Mercedes,Electric,Automatic,First,2012,31960,3500,0,42507.0
107345,Audi,Petrol,Automatic,First,2015,63774,2200,2,30528.0
107346,Honda,Petrol,Manual,Second,2015,76408,2200,0,17894.0
107347,Kia,Electric,Automatic,Second,2025,71453,1800,0,33641.0
107348,Honda,Petrol,Manual,Third,2016,78493,1800,2,12708.0
107349,Volkswagen,Diesel,Automatic,Second,2016,41335,2200,0,25010.0
107350,Volkswagen,Electric,Manual,Second,2023,83161,1600,0,27263.0
107351,Ford,Electric,Automatic,Third,2012,106391,1000,0,12337.0
107352,BMW,Diesel,Automatic,First,2018,41619,1600,1,31326.0
107353,Kia,Petrol,Manual,First,2017,91833,3000,0,16420.0
107354,Volkswagen,Petrol,Automatic,Second,2019,76512,3500,0,30258.0
107355,Ford,Hybrid,Automatic,First,2025,85267,3500,0,39097.0
107356,Audi,Electric,Automatic,First,2015,41329,3500,0,42553.0
107357,Kia,Diesel,Manual,First,2012,69128,1200,0,4532.0
107358,Ford,Hybrid,Manual,Second,2023,66122,1000,0,22850.0
107359,Hyundai,Diesel,Manual,Second,2014,64130,3000,1,12483.0
107360,Kia,Diesel,Manual,First,2020,71997,2000,1,20846.0
107361,Nissan,Hybrid,Automatic,First,2021,81062,1200,0,21900.0
107362,Ford,Diesel,Automatic,First,2018,107303,2200,2,19712.0
107363,Honda,Diesel,Automatic,Second,2013,95575,1600,0,16477.0
107364,Nissan,Petrol,Manual,First,2024,92563,3000,0,26248.0
107365,Hyundai,Diesel,Automatic,Third,2014,104984,2000,1,9307.0
107366,Volkswagen,Diesel,Manual,First,2013,71027,2200,0,15638.0
107367,Toyota,Petrol,Automatic,First,2015,38566,1400,0,20828.0
107368,Ford,Hybrid,Manual,First,2013,70592,2000,0,16448.0
107369,Audi,Diesel,Manual,First,2015,78344,1000,0,25516.0
107370,Ford,Electric,Manual,Second,2022,89857,1800,2,22207.0
107371,Toyota,Petrol,Automatic,Third,2025,81297,3500,0,36811.0
107372,Hyundai,Diesel,Automatic,First,2025,59675,1800,0,28721.0
107373,Hyundai,Petrol,Automatic,Second,2025,101119,1200,0,24644.0
107374,Nissan,Electric,Automatic,First,2018,74107,2000,0,26557.0
107375,Kia,Petrol,Automatic,First,2024,58739,1400,2,23905.0
107376,Audi,Diesel,Manual,Second,2019,12916,1600,1,31154.0
107377,Nissan,Hybrid,Automatic,First,2025,78821,1400,0,33491.0
107378,Audi,Petrol,Automatic,First,2021,30110,1000,0,33681.0
107379,Audi,Electric,Automatic,First,2024,34903,1000,0,44848.0
107380,Toyota,Hybrid,Automatic,First,2017,78677,1800,0,28289.0
107381,Nissan,Petrol,Manual,First,2025,79324,3500,0,34209.0
107382,Audi,Petrol,Manual,Second,2022,31432,2000,0,33972.0
107383,Mercedes,Petrol,Manual,First,2020,53179,1800,0,33716.0
107384,Toyota,Petrol,Automatic,First,2017,63041,1600,0,22457.0
107385,Hyundai,Hybrid,Automatic,First,2022,89530,2000,1,26532.0
107386,Toyota,Electric,Automatic,First,2022,47651,3000,2,39355.0
107387,Honda,Petrol,Automatic,Second,2014,88268,1600,0,14318.0
107388,Honda,Diesel,Manual,Third,2012,39497,3000,0,20654.0
107389,Audi,Diesel,Automatic,Third,2020,27056,3500,1,39498.0
107390,Nissan,Petrol,Automatic,First,2014,97577,2200,0,13527.0
107391,Hyundai,Petrol,Manual,Third,2012,108182,1600,0,4607.0
107392,Toyota,Petrol,Manual,First,2023,99936,3500,1,32534.0
107393,Nissan,Diesel,Automatic,First,2022,86163,1600,1,23478.0
107394,Toyota,Diesel,Manual,Second,2025,68143,1400,0,25185.0
107395,Toyota,Diesel,Automatic,First,2013,81893,2200,1,19330.0
107396,Mercedes,Petrol,Manual,First,2023,80698,1600,1,35899.0
107397,Honda,Hybrid,Automatic,Third,2014,118523,3500,1,22160.0
107398,Toyota,Diesel,Automatic,Second,2019,43432,1600,0,27255.0
107399,Mercedes,Hybrid,Automatic,First,2019,47706,2200,0,42408.0
107400,Honda,Petrol,Automatic,Second,2013,38162,2200,1,18440.0
107401,Mercedes,Hybrid,Automatic,Second,2017,105606,1200,0,29966.0
107402,Nissan,Hybrid,Manual,Third,2013,65311,2500,0,16562.0
107403,Kia,Petrol,Automatic,First,2024,43645,2200,0,28464.0
107404,Honda,Petrol,Manual,Second,2018,7141,1000,0,23772.0
107405,Volkswagen,Electric,Automatic,Second,2024,40411,3500,0,41016.0
107406,Kia,Diesel,Automatic,Second,2021,72268,3000,0,24919.0
107407,Nissan,Electric,Manual,Second,2022,12846,2500,2,30361.0
107408,Toyota,Hybrid,Manual,First,2022,37889,1000,0,30412.0
107409,Hyundai,Diesel,Automatic,First,2014,66105,1800,0,15032.0
107410,Nissan,Petrol,Automatic,Third,2019,58687,2000,0,23468.0
107411,Mercedes,Petrol,Manual,First,2014,29536,2500,1,31740.0
107412,Mercedes,Electric,Automatic,First,2021,40925,3500,0,55091.0
107413,Mercedes,Petrol,Automatic,Second,2017,57565,2200,0,35010.0
107414,Mercedes,Petrol,Automatic,First,2012,75796,1800,0,26776.0
107415,Nissan,Diesel,Automatic,First,2019,82118,1000,0,18549.0
107416,Hyundai,Diesel,Automatic,First,2018,61400,1600,2,14529.0
107417,Ford,Petrol,Manual,Second,2012,103688,3000,0,16101.0
107418,Mercedes,Petrol,Automatic,Third,2025,50401,2500,0,43343.0
107419,Ford,Diesel,Automatic,Second,2025,33234,3500,0,36579.0
107420,Hyundai,Petrol,Manual,First,2018,10795,3500,1,25774.0
107421,Hyundai,Hybrid,Manual,Third,2022,84061,1200,0,20684.0
107422,Kia,Petrol,Automatic,First,2016,62346,1200,0,13124.0
107423,Honda,Hybrid,Manual,First,2013,21060,2500,0,24443.0
107424,Volkswagen,Hybrid,Manual,First,2012,72799,1400,0,15020.0
107425,Audi,Diesel,Automatic,Third,2025,91460,1800,0,33161.0
107426,Volkswagen,Petrol,Automatic,First,2013,72576,3000,2,18954.0
107427,Nissan,Diesel,Manual,Second,2024,45780,1200,0,21372.0
107428,Audi,Petrol,Automatic,First,2017,31207,2500,0,36385.0
107429,Hyundai,Petrol,Automatic,First,2013,72313,1200,0,9954.0
107430,Volkswagen,Hybrid,Manual,Third,2024,66072,1400,0,28095.0
107431,BMW,Diesel,Automatic,Second,2017,137402,2200,0,23845.0
107432,Honda,Hybrid,Automatic,Second,2024,35266,2200,0,36780.0
107433,Volkswagen,Petrol,Automatic,First,2023,76625,1800,2,25895.0
107434,Honda,Petrol,Automatic,Second,2019,48577,1000,0,23295.0
107435,Ford,Electric,Automatic,Second,2019,44665,1200,1,27230.0
107436,Nissan,Diesel,Automatic,First,2017,31896,2200,2,17481.0
107437,Honda,Diesel,Manual,Second,2016,95687,2500,1,23900.0
107438,Ford,Diesel,Manual,Third,2015,95240,2000,0,13224.0
107439,Mercedes,Petrol,Automatic,Second,2025,90957,1400,0,37233.0
107440,Ford,Diesel,Manual,First,2017,51574,1400,0,15967.0
107441,Nissan,Petrol,Automatic,Second,2024,79829,3000,0,32359.0
107442,Kia,Diesel,Automatic,Second,2016,102747,1400,0,10019.0
107443,Mercedes,Diesel,Automatic,First,2021,3000,2000,0,45144.0
107444,Hyundai,Electric,Automatic,Second,2015,80231,1400,0,18010.0
107445,Toyota,Diesel,Manual,Third,2017,92173,3500,0,25359.0
107446,Ford,Petrol,Automatic,Third,2020,85255,1400,1,21620.0
107447,Ford,Diesel,Automatic,Second,2020,40259,3000,1,27875.0
107448,Honda,Petrol,Automatic,First,2019,39025,2500,0,28706.0
107449,Hyundai,Petrol,Manual,Third,2021,74205,2200,0,19690.0
107450,Volkswagen,Petrol,Manual,Second,2012,66318,1400,0,12636.0
107451,BMW,Diesel,Manual,First,2020,90895,1800,0,32119.0
107452,Audi,Petrol,Automatic,Second,2016,90604,1000,0,22638.0
107453,Ford,Diesel,Automatic,Second,2022,49547,1200,0,26480.0
107454,Volkswagen,Electric,Automatic,First,2014,18303,3000,1,31464.0
107455,BMW,Diesel,Automatic,Third,2019,26237,1400,0,33166.0
107456,Audi,Petrol,Manual,Third,2019,34131,1800,1,26739.0
107457,Toyota,Petrol,Automatic,First,2020,50410,1600,0,28377.0
107458,Honda,Diesel,Automatic,Third,2013,73426,2500,0,17138.0
107459,Volkswagen,Hybrid,Automatic,Third,2021,55763,1000,1,26121.0
107460,Honda,Petrol,Automatic,First,2015,29765,2000,0,24319.0
107461,Audi,Hybrid,Automatic,First,2021,82674,2000,0,35470.0
107462,Kia,Diesel,Automatic,First,2013,56356,2500,0,15982.0
107463,Ford,Diesel,Automatic,First,2024,45876,1000,0,31121.0
107464,Mercedes,Electric,Manual,Second,2024,42190,1600,1,46159.0
107465,BMW,Diesel,Automatic,First,2017,73617,1000,0,28467.0
107466,Hyundai,Hybrid,Manual,Third,2012,57260,3000,0,15727.0
107467,Nissan,Petrol,Manual,Third,2025,47967,2000,0,27832.0
107468,Ford,Diesel,Manual,First,2021,30692,2200,0,27848.0
107469,Mercedes,Diesel,Automatic,First,2014,47905,1000,1,25864.0
107470,Nissan,Petrol,Automatic,Second,2013,71853,3500,0,17849.0
107471,Volkswagen,Diesel,Automatic,Second,2018,82328,1600,1,19150.0
107472,Nissan,Petrol,Automatic,First,2019,91603,2200,1,20095.0
107473,Toyota,Petrol,Automatic,First,2013,45122,1600,0,20646.0
107474,Ford,Petrol,Automatic,First,2020,21102,1800,0,25377.0
107475,Honda,Diesel,Manual,First,2022,81218,1000,0,23978.0
107476,Kia,Electric,Manual,Third,2012,69362,1400,0,16573.0
107477,Hyundai,Diesel,Automatic,First,2013,24365,2500,1,21899.0
107478,Honda,Diesel,Automatic,First,2014,86269,3000,0,24861.0
107479,Mercedes,Petrol,Manual,Second,2013,3000,2500,1,33577.0
107480,Ford,Electric,Automatic,First,2025,35546,1600,1,35365.0
107481,Kia,Diesel,Automatic,First,2012,113644,3500,0,14719.0
107482,Nissan,Hybrid,Automatic,Second,2019,148268,1000,0,18440.0
107483,Ford,Hybrid,Manual,Second,2012,92227,1600,0,11330.0
107484,Nissan,Petrol,Automatic,First,2016,55045,2000,0,22349.0
107485,Volkswagen,Diesel,Automatic,First,2022,75747,1200,0,22606.0
107486,Toyota,Electric,Automatic,First,2024,4045,2200,0,44566.0
107487,Audi,Petrol,Manual,First,2017,51779,1400,0,26087.0
107488,Ford,Diesel,Manual,Second,2018,16509,2500,0,23072.0
107489,Mercedes,Electric,Automatic,First,2014,98327,1600,0,35720.0
107490,Nissan,Petrol,Manual,First,2023,88444,3000,1,30011.0
107491,Honda,Hybrid,Automatic,Second,2022,83568,1000,0,25896.0
107492,Volkswagen,Electric,Automatic,Third,2018,89009,3500,1,34363.0
107493,Mercedes,Diesel,Manual,Second,2019,48576,1000,1,27968.0
107494,Hyundai,Petrol,Automatic,First,2021,63820,1800,0,23050.0
107495,Audi,Petrol,Automatic,First,2014,44652,3000,0,32356.0
107496,Volkswagen,Petrol,Automatic,First,2016,66120,2000,2,18626.0
107497,Toyota,Hybrid,Manual,Second,2012,62104,1200,1,13895.0
107498,Audi,Hybrid,Manual,Second,2020,76067,3000,0,36280.0
107499,Nissan,Diesel,Manual,First,2019,32147,2200,0,22564.0
107500,Mercedes,Petrol,Automatic,First,2014,65326,1800,1,27382.0
107501,Hyundai,Petrol,Manual,First,2015,64913,2200,1,18145.0
107502,BMW,Hybrid,Automatic,First,2012,70520,3000,0,36169.0
107503,Toyota,Diesel,Automatic,Third,2025,37152,2500,0,34706.0
107504,Kia,Electric,Manual,First,2012,46700,2500,2,17880.0
107505,Nissan,Diesel,Automatic,First,2025,40154,3000,0,35937.0
107506,BMW,Hybrid,Automatic,Second,2017,123480,1400,0,29111.0
107507,Ford,Diesel,Automatic,First,2017,100859,1000,0,14354.0
107508,Hyundai,Diesel,Manual,First,2020,63000,1600,1,19371.0
107509,Honda,Petrol,Automatic,First,2023,78343,3000,1,32906.0
107510,Kia,Electric,Automatic,Second,2016,111063,3500,0,27361.0
107511,Mercedes,Diesel,Automatic,First,2014,113085,1000,0,26024.0
107512,Hyundai,Petrol,Automatic,First,2017,76954,3500,0,25256.0
107513,Audi,Petrol,Manual,First,2019,40141,1000,0,28585.0
107514,Volkswagen,Petrol,Automatic,Second,2023,101227,2000,3,24666.0
107515,Audi,Diesel,Automatic,First,2018,72010,1600,0,32611.0
107516,Audi,Petrol,Manual,Second,2022,54822,1000,1,32141.0
107517,Ford,Petrol,Manual,First,2021,85325,1600,0,24448.0
107518,Toyota,Diesel,Automatic,First,2025,45678,2000,0,34572.0
107519,Honda,Petrol,Automatic,Second,2014,18960,2500,0,21128.0
107520,Kia,Hybrid,Manual,First,2025,103277,3000,0,31191.0
107521,Toyota,Diesel,Automatic,First,2012,78458,3500,1,22518.0
107522,Hyundai,Diesel,Manual,Second,2015,89799,2000,0,12767.0
107523,Audi,Petrol,Automatic,First,2017,9616,1200,0,31026.0
107524,Ford,Petrol,Automatic,Second,2015,77548,2000,1,13285.0
107525,Hyundai,Petrol,Automatic,First,2016,73713,1000,0,15295.0
107526,Volkswagen,Hybrid,Automatic,Second,2021,54660,1000,1,23837.0
107527,Honda,Hybrid,Manual,Third,2018,54919,1000,0,21343.0
107528,Kia,Petrol,Manual,First,2016,49821,2000,0,18822.0
107529,Volkswagen,Diesel,Manual,First,2016,112250,2200,0,17911.0
107530,Ford,Petrol,Manual,First,2013,90153,1000,0,9034.0
107531,Honda,Electric,Manual,Second,2012,57129,1400,0,21344.0
107532,Hyundai,Electric,Manual,First,2015,45730,1400,0,21394.0
107533,Audi,Diesel,Manual,Second,2022,64343,2200,0,32024.0
107534,Audi,Diesel,Automatic,Second,2021,64750,1600,0,33595.0
107535,Nissan,Hybrid,Automatic,First,2024,33708,3000,1,37738.0
107536,Audi,Diesel,Manual,First,2019,98188,3000,1,30972.0
107537,BMW,Diesel,Manual,First,2014,57283,3500,0,36679.0
107538,Audi,Electric,Manual,Second,2017,67172,1600,0,34207.0
107539,BMW,Diesel,Manual,First,2021,89281,1400,0,34213.0
107540,Mercedes,Diesel,Automatic,Second,2025,112290,2000,0,40858.0
107541,BMW,Hybrid,Manual,First,2013,68341,3000,0,33735.0
107542,Honda,Diesel,Manual,First,2020,22248,3500,0,34979.0
107543,Volkswagen,Diesel,Automatic,First,2025,82813,2500,0,32137.0
107544,Honda,Petrol,Manual,Second,2020,69838,2200,0,26172.0
107545,Volkswagen,Petrol,Automatic,Second,2015,49012,2200,0,18159.0
107546,Nissan,Petrol,Manual,Second,2023,76521,1800,1,21590.0
107547,Mercedes,Diesel,Manual,Second,2022,45611,3000,1,38591.0
107548,Volkswagen,Diesel,Automatic,Second,2023,18841,1200,0,29745.0
107549,Volkswagen,Electric,Automatic,First,2019,68968,1800,1,25208.0
107550,Ford,Diesel,Automatic,Third,2025,36708,1800,3,23855.0
107551,Toyota,Hybrid,Automatic,First,2025,56705,1800,1,35366.0
107552,Toyota,Petrol,Automatic,Second,2013,82440,2500,1,18304.0
107553,Ford,Hybrid,Automatic,First,2021,3000,1000,0,29596.0
107554,Audi,Diesel,Manual,First,2013,53838,1600,0,23592.0
107555,Ford,Diesel,Automatic,First,2017,36408,1000,1,16619.0
107556,Volkswagen,Petrol,Automatic,First,2013,20077,1800,0,21069.0
107557,Volkswagen,Diesel,Manual,Second,2012,66042,2200,0,16305.0
107558,Ford,Diesel,Manual,First,2021,49776,1200,0,25052.0
107559,Ford,Diesel,Manual,First,2013,83408,1200,0,10043.0
107560,Audi,Electric,Automatic,Third,2013,77216,2200,1,29800.0
107561,Honda,Hybrid,Automatic,Second,2016,81604,1200,0,21621.0
107562,Mercedes,Electric,Automatic,First,2025,7138,1200,0,47910.0
107563,Hyundai,Diesel,Automatic,Second,2017,68940,2000,1,14248.0
107564,Volkswagen,Electric,Manual,First,2022,70161,1800,0,33709.0
107565,Mercedes,Hybrid,Automatic,Second,2025,27538,1000,0,45117.0
107566,Ford,Petrol,Manual,First,2014,60984,2200,1,16043.0
107567,Audi,Petrol,Automatic,First,2019,71995,1200,1,29823.0
107568,BMW,Petrol,Automatic,First,2013,65833,1200,1,23051.0
107569,Audi,Petrol,Automatic,First,2025,83305,1400,0,38577.0
107570,Kia,Petrol,Manual,First,2021,78544,3000,1,22846.0
107571,Kia,Petrol,Automatic,First,2014,83950,1000,1,11422.0
107572,Mercedes,Diesel,Automatic,Third,2015,24713,2500,0,34633.0
107573,Toyota,Petrol,Automatic,First,2016,43110,1200,0,20167.0
107574,Kia,Petrol,Automatic,Second,2016,52579,3000,0,20100.0
107575,Kia,Hybrid,Automatic,First,2017,59750,1800,0,21100.0
107576,Honda,Hybrid,Automatic,Second,2015,15952,3000,0,30708.0
107577,BMW,Electric,Automatic,First,2021,59232,3500,0,51080.0
107578,Honda,Diesel,Manual,First,2022,86808,3000,0,31124.0
107579,BMW,Diesel,Automatic,First,2018,23721,1800,0,32712.0
107580,Nissan,Petrol,Automatic,Second,2024,19041,1200,0,26270.0
107581,Hyundai,Petrol,Automatic,First,2023,101423,3000,0,26914.0
107582,Volkswagen,Petrol,Automatic,First,2019,76303,2500,0,27425.0
107583,Kia,Petrol,Automatic,First,2015,122779,1400,0,10979.0
107584,Volkswagen,Electric,Manual,First,2020,68828,1000,0,24629.0
107585,Kia,Petrol,Manual,Second,2017,61279,1800,0,11885.0
107586,Honda,Petrol,Automatic,Second,2023,42263,1200,0,27693.0
107587,Hyundai,Petrol,Manual,First,2019,135114,3000,1,18954.0
107588,Honda,Diesel,Automatic,First,2020,100618,1800,1,23049.0
107589,Honda,Petrol,Automatic,First,2012,79049,2200,0,19384.0
107590,BMW,Diesel,Manual,Third,2025,73419,1000,1,32746.0
107591,Toyota,Petrol,Automatic,First,2016,30117,1000,1,21591.0
107592,Audi,Petrol,Automatic,First,2018,65016,2500,0,33089.0
107593,Mercedes,Petrol,Manual,First,2021,31595,2500,0,42255.0
107594,Volkswagen,Diesel,Automatic,First,2013,55637,2500,0,19908.0
107595,Nissan,Petrol,Automatic,Second,2023,68048,2200,0,25326.0
107596,Kia,Hybrid,Manual,First,2022,70340,1800,0,26175.0
107597,Honda,Diesel,Manual,Second,2018,34193,1000,1,18733.0
107598,Toyota,Diesel,Manual,First,2018,80352,2500,0,24969.0
107599,Honda,Petrol,Automatic,Second,2014,62010,3500,0,23563.0
107600,Hyundai,Petrol,Automatic,First,2020,87578,2200,0,23595.0
107601,BMW,Petrol,Automatic,Second,2018,82485,1400,0,26936.0
107602,Nissan,Diesel,Automatic,First,2025,101648,2200,0,24489.0
107603,Audi,Diesel,Automatic,Second,2023,41161,1800,0,35944.0
107604,Hyundai,Diesel,Manual,Second,2023,124193,3500,0,26863.0
107605,Ford,Diesel,Automatic,First,2021,31333,3500,1,32793.0
107606,Nissan,Hybrid,Automatic,First,2022,54539,3500,1,34777.0
107607,Honda,Hybrid,Automatic,Third,2016,70409,1600,0,20474.0
107608,Hyundai,Petrol,Manual,First,2018,81715,1000,2,10914.0
107609,Audi,Diesel,Manual,Third,2018,55869,3500,0,35283.0
107610,Toyota,Petrol,Manual,First,2017,62848,1200,0,17219.0
107611,Toyota,Diesel,Automatic,First,2015,124619,1200,0,12628.0
107612,Volkswagen,Petrol,Automatic,First,2019,45370,3500,0,35074.0
107613,Audi,Petrol,Automatic,First,2023,34450,1200,0,40370.0
107614,Toyota,Hybrid,Manual,First,2013,26277,3000,0,30089.0
107615,Hyundai,Diesel,Automatic,First,2024,46618,2000,0,28237.0
107616,Volkswagen,Petrol,Automatic,Third,2024,3000,1800,1,29303.0
107617,Toyota,Petrol,Automatic,Second,2019,64950,3500,0,31982.0
107618,Nissan,Diesel,Automatic,First,2024,115986,1600,1,24149.0
107619,BMW,Electric,Automatic,First,2025,63184,3000,0,53486.0
107620,Ford,Diesel,Automatic,Second,2016,101403,3000,0,25490.0
107621,Audi,Electric,Automatic,First,2018,53396,3500,0,47416.0
107622,Hyundai,Petrol,Automatic,Second,2014,117588,2200,0,13275.0
107623,Kia,Diesel,Automatic,First,2025,77213,1800,1,26547.0
107624,Honda,Hybrid,Manual,Second,2018,64009,2000,1,25354.0
107625,Hyundai,Diesel,Automatic,Second,2020,35552,1400,1,18612.0
107626,Toyota,Petrol,Manual,Second,2018,70493,1200,0,18549.0
107627,Hyundai,Diesel,Automatic,First,2024,118328,3500,1,29941.0
107628,Kia,Diesel,Automatic,First,2012,7394,3500,0,24088.0
107629,Honda,Diesel,Automatic,First,2020,61767,1600,0,26921.0
107630,Volkswagen,Hybrid,Manual,Second,2018,53956,1400,0,21022.0
107631,Toyota,Hybrid,Automatic,First,2013,23521,1600,1,21821.0
107632,Mercedes,Diesel,Automatic,Second,2016,42708,3500,2,37121.0
107633,Toyota,Petrol,Automatic,First,2022,89499,1000,0,25831.0
107634,Ford,Petrol,Automatic,First,2021,48824,1000,1,19606.0
107635,Mercedes,Hybrid,Automatic,First,2013,98477,2000,0,28648.0
107636,Ford,Electric,Automatic,Second,2018,55404,3500,0,33836.0
107637,Kia,Petrol,Automatic,Second,2020,62672,1600,0,17448.0
107638,Audi,Diesel,Automatic,Second,2015,91576,1200,1,22251.0
107639,Honda,Petrol,Manual,Third,2014,61191,1400,0,15599.0
107640,BMW,Petrol,Automatic,Third,2017,73477,2500,0,32468.0
107641,Volkswagen,Diesel,Automatic,Second,2019,50259,2000,0,24760.0
107642,BMW,Diesel,Manual,First,2019,55992,1200,0,29994.0
107643,Nissan,Petrol,Automatic,First,2019,88782,2200,0,23348.0
107644,Nissan,Hybrid,Automatic,First,2016,42828,1200,0,18952.0
107645,Kia,Hybrid,Automatic,Third,2024,32498,1000,0,29205.0
107646,Audi,Electric,Manual,First,2022,56112,1800,1,38195.0
107647,Nissan,Petrol,Automatic,First,2024,64269,3500,0,35477.0
107648,Toyota,Diesel,Manual,Third,2023,35580,3000,0,35725.0
107649,Hyundai,Petrol,Automatic,First,2017,107898,1800,0,13827.0
107650,Ford,Petrol,Automatic,Second,2023,70731,1000,0,22788.0
107651,Nissan,Diesel,Manual,Second,2024,40678,1200,0,27352.0
107652,Kia,Hybrid,Manual,Second,2013,80695,1600,0,10455.0
107653,Ford,Petrol,Automatic,Second,2017,93531,1800,1,15732.0
107654,Toyota,Electric,Manual,Second,2025,32148,1200,1,35143.0
107655,Audi,Hybrid,Automatic,Second,2024,79713,1400,0,36503.0
107656,Honda,Hybrid,Manual,First,2016,49501,2000,0,27047.0
107657,BMW,Hybrid,Manual,Second,2014,79353,2000,1,25374.0
107658,Toyota,Petrol,Automatic,Second,2019,127148,3500,1,29210.0
107659,Volkswagen,Hybrid,Automatic,First,2015,42324,1000,0,19477.0
107660,Mercedes,Petrol,Automatic,First,2025,73172,3500,0,49759.0
107661,Kia,Hybrid,Automatic,First,2013,4742,2500,1,22958.0
107662,BMW,Petrol,Automatic,Second,2022,124418,2000,0,32918.0
107663,Volkswagen,Petrol,Manual,First,2014,3000,1400,0,18994.0
107664,Honda,Diesel,Automatic,Second,2013,70059,1200,0,15865.0
107665,Volkswagen,Petrol,Automatic,First,2013,95635,3000,0,19203.0
107666,Audi,Petrol,Manual,First,2014,62456,2500,0,27609.0
107667,Mercedes,Diesel,Automatic,First,2024,53758,1400,0,37818.0
107668,Ford,Hybrid,Automatic,Second,2018,61167,2200,0,27074.0
107669,BMW,Diesel,Automatic,First,2021,55739,2200,1,37024.0
107670,Mercedes,Petrol,Automatic,First,2025,15583,1000,0,42913.0
107671,Hyundai,Petrol,Automatic,Third,2012,3000,2000,1,16017.0
107672,Toyota,Petrol,Manual,Second,2021,98905,1400,0,19938.0
107673,Hyundai,Diesel,Automatic,Second,2017,40706,3500,1,22417.0
107674,Toyota,Diesel,Manual,Second,2022,64244,1400,1,22332.0
107675,Audi,Petrol,Manual,Second,2012,27242,1800,0,25831.0
107676,Mercedes,Petrol,Automatic,Second,2014,55641,2000,0,29325.0
107677,Honda,Petrol,Automatic,Third,2023,89143,3000,0,33755.0
107678,Nissan,Petrol,Automatic,First,2015,49298,1800,2,20721.0
107679,Volkswagen,Petrol,Manual,First,2024,103388,1400,0,22357.0
107680,Nissan,Hybrid,Automatic,First,2019,69123,1000,0,20887.0
107681,Mercedes,Petrol,Automatic,Third,2013,65877,1400,0,26247.0
107682,Hyundai,Diesel,Automatic,Second,2018,74418,1600,0,15671.0
107683,Nissan,Diesel,Manual,First,2014,72814,3500,0,18976.0
107684,Kia,Petrol,Automatic,First,2012,82559,2200,0,10679.0
107685,Nissan,Diesel,Manual,Second,2017,59489,1800,0,15317.0
107686,Toyota,Diesel,Automatic,Third,2013,38272,1400,0,14090.0
107687,Kia,Petrol,Automatic,Second,2024,103408,3000,1,25037.0
107688,BMW,Hybrid,Manual,Second,2014,94740,3500,0,35616.0
107689,Nissan,Petrol,Manual,First,2025,75863,2000,0,25476.0
107690,Kia,Hybrid,Manual,First,2017,93537,1800,0,18571.0
107691,Mercedes,Diesel,Automatic,Second,2014,28618,2200,1,29963.0
107692,Volkswagen,Diesel,Manual,Second,2023,34673,3500,1,34756.0
107693,BMW,Hybrid,Automatic,Second,2016,81537,1000,0,25651.0
107694,Honda,Hybrid,Automatic,First,2025,25751,2500,0,40863.0
107695,Honda,Diesel,Automatic,First,2014,118998,2200,0,20478.0
107696,Audi,Hybrid,Automatic,First,2023,44482,1800,1,43265.0
107697,Nissan,Petrol,Automatic,Second,2018,20663,2000,0,23105.0
107698,Volkswagen,Diesel,Automatic,First,2018,42817,3000,1,28167.0
107699,Ford,Petrol,Automatic,Third,2023,37893,1000,1,22382.0
107700,Kia,Petrol,Automatic,Second,2012,68393,1400,2,6166.0
107701,BMW,Hybrid,Automatic,First,2017,73873,3000,0,41915.0
107702,Mercedes,Petrol,Automatic,First,2024,37611,1400,0,39898.0
107703,Nissan,Petrol,Automatic,Second,2024,65352,2000,0,24689.0
107704,Mercedes,Hybrid,Manual,First,2014,40922,3500,0,40881.0
107705,Ford,Petrol,Manual,Second,2018,95676,1200,1,13243.0
107706,Audi,Petrol,Automatic,Second,2012,33044,3000,0,29871.0
107707,Ford,Diesel,Automatic,First,2021,109775,1800,0,26255.0
107708,Toyota,Diesel,Manual,First,2014,62975,2500,0,20378.0
107709,Hyundai,Hybrid,Automatic,First,2023,85609,1200,0,21467.0
107710,BMW,Diesel,Automatic,First,2021,29340,2500,0,42458.0
107711,Hyundai,Diesel,Manual,Second,2013,57970,1800,0,9396.0
107712,Ford,Diesel,Automatic,Second,2025,123732,1400,0,23571.0
107713,Audi,Diesel,Automatic,Third,2019,49007,2000,1,34369.0
107714,Audi,Diesel,Automatic,Second,2019,76230,2000,1,26726.0
107715,Honda,Hybrid,Automatic,First,2022,52874,2500,0,35202.0
107716,Nissan,Petrol,Automatic,First,2025,51063,2200,0,33299.0
107717,Honda,Petrol,Manual,Second,2020,101235,3000,0,29247.0
107718,BMW,Petrol,Manual,First,2024,106987,1000,1,30092.0
107719,BMW,Diesel,Automatic,Third,2020,8842,2500,0,39171.0
107720,BMW,Petrol,Manual,First,2022,48621,1000,0,34143.0
107721,Mercedes,Diesel,Automatic,Third,2024,34075,3000,0,46221.0
107722,Honda,Hybrid,Automatic,Third,2013,74802,3500,1,24148.0
107723,Mercedes,Diesel,Automatic,Second,2018,78338,1400,2,28030.0
107724,Hyundai,Petrol,Automatic,First,2018,42193,1400,0,17844.0
107725,Nissan,Hybrid,Manual,Second,2015,48386,1400,0,17776.0
107726,Ford,Petrol,Automatic,Second,2017,70263,1000,2,10892.0
107727,Kia,Diesel,Manual,Second,2012,56957,2200,0,9542.0
107728,Honda,Diesel,Automatic,First,2025,93136,1600,1,27561.0
107729,Kia,Petrol,Automatic,First,2017,43026,1400,0,17592.0
107730,Audi,Electric,Automatic,Third,2024,81195,1800,1,41741.0
107731,Honda,Petrol,Manual,Third,2012,58617,1000,0,11104.0
107732,Hyundai,Electric,Automatic,First,2016,97566,1800,1,23332.0
107733,Honda,Petrol,Automatic,Second,2015,75355,1200,0,16576.0
107734,Mercedes,Petrol,Automatic,First,2017,23389,2500,0,36840.0
107735,Nissan,Petrol,Manual,Second,2022,34635,3000,0,27738.0
107736,Ford,Petrol,Manual,First,2022,34793,3000,0,30001.0
107737,Volkswagen,Diesel,Automatic,Third,2016,57781,1400,0,17033.0
107738,Ford,Diesel,Manual,Second,2016,55273,2500,0,17211.0
107739,Ford,Hybrid,Automatic,First,2014,68397,1200,0,18357.0
107740,Audi,Petrol,Automatic,First,2021,107918,1000,2,27879.0
107741,Hyundai,Petrol,Automatic,First,2013,82817,1000,0,9635.0
107742,Kia,Diesel,Automatic,Second,2018,58981,2200,0,21860.0
107743,Hyundai,Petrol,Automatic,Second,2021,45940,1000,0,22253.0
107744,Volkswagen,Diesel,Manual,Second,2023,94875,2000,0,25036.0
107745,Audi,Diesel,Automatic,Second,2019,85202,2500,1,34127.0
107746,Nissan,Petrol,Manual,Second,2016,121111,3500,0,16930.0
107747,Ford,Hybrid,Manual,Third,2020,89090,1600,1,23425.0
107748,Mercedes,Diesel,Manual,Second,2012,60649,1200,1,21063.0
107749,Audi,Diesel,Automatic,First,2024,93304,1600,1,35916.0
107750,BMW,Petrol,Manual,Second,2014,118826,3000,1,24656.0
107751,Honda,Petrol,Automatic,First,2019,49190,1200,1,24522.0
107752,Hyundai,Petrol,Manual,Third,2016,42205,1800,0,14625.0
107753,Audi,Petrol,Automatic,First,2013,33315,1200,0,27179.0
107754,BMW,Petrol,Automatic,First,2021,61011,1000,0,32855.0
107755,Kia,Hybrid,Manual,First,2020,49523,3000,1,27167.0
107756,Volkswagen,Diesel,Manual,Second,2024,62431,1800,0,26640.0
107757,Volkswagen,Diesel,Automatic,First,2012,58291,2000,0,19905.0
107758,Ford,Petrol,Automatic,Third,2014,80998,2000,1,11000.0
107759,Ford,Electric,Automatic,First,2025,92554,2500,1,38454.0
107760,Audi,Petrol,Manual,First,2025,74950,1600,0,38768.0
107761,Audi,Hybrid,Automatic,First,2025,71268,1000,0,42795.0
107762,Nissan,Electric,Automatic,First,2015,70344,2200,0,26555.0
107763,Honda,Diesel,Automatic,First,2018,39150,2000,0,25525.0
107764,Toyota,Electric,Automatic,First,2015,83595,2200,1,29111.0
107765,Kia,Diesel,Automatic,First,2022,71182,2500,0,29321.0
107766,Ford,Petrol,Manual,First,2013,3000,1800,0,18335.0
107767,Toyota,Petrol,Manual,First,2013,75331,2000,0,17437.0
107768,Toyota,Petrol,Automatic,Second,2021,61300,1200,0,28681.0
107769,Honda,Petrol,Manual,First,2012,81461,1800,0,12427.0
107770,Mercedes,Diesel,Automatic,First,2018,81896,1400,0,31059.0
107771,Mercedes,Petrol,Automatic,First,2025,103855,1800,0,43228.0
107772,Ford,Hybrid,Automatic,Second,2020,43823,3000,1,29314.0
107773,BMW,Petrol,Automatic,First,2023,18881,1400,1,41029.0
107774,Honda,Diesel,Manual,Second,2021,107152,1400,0,17568.0
107775,Honda,Electric,Automatic,Third,2013,95252,1000,0,19672.0
107776,Hyundai,Petrol,Manual,First,2018,44920,1000,1,15805.0
107777,Toyota,Diesel,Manual,First,2025,51167,2200,0,31958.0
107778,Hyundai,Hybrid,Manual,First,2019,67892,3000,0,27164.0
107779,Toyota,Petrol,Manual,First,2014,66255,1200,0,13920.0
107780,Mercedes,Diesel,Manual,First,2015,38406,1200,2,23912.0
107781,Ford,Petrol,Automatic,First,2025,87559,1000,0,25498.0
107782,Kia,Hybrid,Automatic,Third,2020,70893,1800,0,25292.0
107783,Mercedes,Diesel,Automatic,First,2015,23048,3500,0,42824.0
107784,Honda,Diesel,Manual,First,2017,66992,2200,0,21029.0
107785,Kia,Hybrid,Automatic,Second,2019,83764,1000,1,17818.0
107786,Audi,Petrol,Manual,First,2021,48451,2500,1,33823.0
107787,Kia,Hybrid,Automatic,First,2013,57984,1000,0,16162.0
107788,Kia,Hybrid,Automatic,Second,2012,69311,1000,1,7064.0
107789,Mercedes,Hybrid,Automatic,First,2018,7747,1600,0,42148.0
107790,Honda,Hybrid,Manual,Second,2012,59106,1200,0,15115.0
107791,Kia,Petrol,Automatic,First,2015,74926,3000,0,16371.0
107792,Mercedes,Electric,Automatic,First,2016,68226,3500,1,44252.0
107793,Mercedes,Petrol,Automatic,Second,2013,105549,1200,0,21451.0
107794,Kia,Diesel,Automatic,First,2021,86568,2200,0,24193.0
107795,Toyota,Petrol,Automatic,First,2024,52648,1200,1,27604.0
107796,Honda,Electric,Automatic,First,2015,62307,1000,0,26854.0
107797,Volkswagen,Diesel,Automatic,Second,2022,75521,3000,0,34907.0
107798,Kia,Hybrid,Automatic,Second,2022,3000,1600,1,25275.0
107799,Hyundai,Petrol,Manual,First,2021,17432,2200,0,24553.0
107800,Hyundai,Hybrid,Manual,Second,2022,63693,1000,0,24704.0
107801,Audi,Hybrid,Automatic,Second,2018,119097,2500,0,34619.0
107802,Honda,Diesel,Automatic,Third,2015,58794,2000,0,19114.0
107803,Mercedes,Petrol,Automatic,First,2022,95521,1200,0,35402.0
107804,Nissan,Diesel,Manual,Second,2012,22061,3000,1,16018.0
107805,Ford,Petrol,Automatic,First,2023,50743,1000,0,24835.0
107806,BMW,Diesel,Automatic,Second,2024,42726,3000,1,43398.0
107807,Nissan,Petrol,Automatic,First,2021,73664,3500,0,31403.0
107808,Honda,Petrol,Automatic,First,2015,91269,1200,1,17554.0
107809,Honda,Petrol,Automatic,Second,2022,58477,2000,1,30182.0
107810,Kia,Petrol,Manual,Second,2023,53521,3000,1,26542.0
107811,Kia,Petrol,Automatic,First,2017,106003,1400,0,12697.0
107812,Nissan,Electric,Automatic,Second,2024,130567,1400,0,30109.0
107813,Mercedes,Diesel,Automatic,First,2025,52069,1400,0,43677.0
107814,Audi,Petrol,Manual,First,2023,62292,3000,0,39539.0
107815,Kia,Diesel,Automatic,First,2016,72952,1200,0,14103.0
107816,BMW,Diesel,Automatic,First,2024,76903,1600,0,38522.0
107817,BMW,Electric,Manual,Second,2015,72016,2500,0,34804.0
107818,Audi,Petrol,Manual,First,2013,4417,2500,0,31369.0
107819,Toyota,Petrol,Automatic,First,2021,77746,1800,3,27929.0
107820,Toyota,Electric,Automatic,Third,2022,123256,1200,1,27383.0
107821,Honda,Petrol,Automatic,First,2017,16308,2000,0,25483.0
107822,Kia,Petrol,Manual,Second,2023,16976,2500,0,26036.0
107823,Hyundai,Petrol,Automatic,Second,2017,26455,1200,0,14500.0
107824,Nissan,Petrol,Automatic,First,2017,83875,1600,0,17643.0
107825,Volkswagen,Electric,Automatic,First,2015,11222,1600,0,30142.0
107826,Audi,Petrol,Automatic,Second,2019,99338,3000,0,32995.0
107827,Honda,Electric,Automatic,First,2012,33161,3500,0,30973.0
107828,Hyundai,Electric,Manual,First,2021,89610,1000,1,17950.0
107829,Kia,Diesel,Automatic,Second,2019,47545,3000,0,22040.0
107830,Hyundai,Petrol,Manual,Third,2019,43056,2500,0,23214.0
107831,Hyundai,Petrol,Automatic,First,2016,79846,1000,0,15778.0
107832,Audi,Diesel,Manual,Second,2020,82395,3500,1,35258.0
107833,Honda,Petrol,Manual,First,2023,41992,2000,1,31978.0
107834,Mercedes,Diesel,Automatic,First,2020,72846,3500,0,43655.0
107835,BMW,Petrol,Automatic,First,2021,84855,1200,0,32171.0
107836,Nissan,Electric,Automatic,First,2015,8726,1400,0,29133.0
107837,Honda,Diesel,Automatic,Second,2025,62923,1800,0,31229.0
107838,Volkswagen,Diesel,Automatic,First,2025,62382,2500,0,36175.0
107839,Hyundai,Hybrid,Automatic,First,2013,9812,2000,0,20463.0
107840,Mercedes,Petrol,Manual,First,2012,64768,3000,1,26431.0
107841,Audi,Petrol,Manual,First,2019,63299,1000,1,26619.0
107842,Ford,Petrol,Automatic,Second,2019,89783,1800,1,19290.0
107843,Nissan,Petrol,Manual,Second,2022,79009,1600,0,18549.0
107844,Nissan,Diesel,Manual,Second,2018,107194,2500,0,18138.0
107845,BMW,Petrol,Automatic,Second,2024,76171,1800,1,35469.0
107846,Ford,Petrol,Automatic,First,2024,35723,3000,0,37778.0
107847,Kia,Electric,Automatic,First,2022,51444,1200,0,26969.0
107848,Ford,Petrol,Automatic,Second,2014,95046,2500,0,16665.0
107849,Hyundai,Diesel,Automatic,First,2014,89592,1000,0,9462.0
107850,Hyundai,Petrol,Automatic,Third,2021,87098,2500,0,21883.0
107851,Hyundai,Petrol,Manual,Third,2019,90140,3000,0,17653.0
107852,Hyundai,Diesel,Automatic,Third,2023,74418,1400,1,19252.0
107853,Honda,Electric,Automatic,First,2022,69563,1200,0,35971.0
107854,Nissan,Petrol,Manual,First,2019,60281,1800,0,20501.0
107855,Ford,Petrol,Manual,Second,2013,96082,3000,0,18359.0
107856,Nissan,Petrol,Automatic,Second,2025,74677,2500,0,26534.0
107857,Volkswagen,Petrol,Manual,Second,2012,4622,1000,1,8163.0
107858,Ford,Petrol,Automatic,First,2012,76468,1000,0,13099.0
107859,Honda,Diesel,Automatic,Second,2022,92300,2500,0,29279.0
107860,Volkswagen,Petrol,Automatic,Second,2012,39018,1400,1,14081.0
107861,Nissan,Diesel,Automatic,First,2014,48693,1000,1,12656.0
107862,Volkswagen,Diesel,Automatic,Second,2012,65401,3500,0,23668.0
107863,BMW,Petrol,Automatic,First,2019,107057,1000,0,26870.0
107864,Volkswagen,Petrol,Manual,Second,2019,55417,1600,0,21422.0
107865,Ford,Electric,Manual,First,2020,55798,2000,0,31414.0
107866,Hyundai,Petrol,Automatic,Second,2015,79615,3000,1,16342.0
107867,Hyundai,Hybrid,Automatic,First,2019,71175,1800,0,22739.0
107868,Kia,Petrol,Manual,First,2018,45006,2200,0,17491.0
107869,Nissan,Diesel,Automatic,Second,2015,66451,3000,0,19259.0
107870,BMW,Petrol,Automatic,First,2012,66651,1800,1,21327.0
107871,Ford,Petrol,Automatic,Second,2023,102944,2200,0,27128.0
107872,Ford,Petrol,Manual,First,2022,36607,3000,0,26750.0
107873,Audi,Petrol,Manual,Second,2024,67468,2000,0,33443.0
107874,Toyota,Hybrid,Manual,First,2014,81691,3000,0,26913.0
107875,Nissan,Diesel,Automatic,Second,2019,97206,2000,0,19092.0
107876,Ford,Petrol,Manual,First,2019,47042,2000,0,22523.0
107877,Mercedes,Diesel,Automatic,First,2023,120850,1400,1,35260.0
107878,Ford,Hybrid,Automatic,Second,2013,14697,1800,1,18922.0
107879,Audi,Diesel,Automatic,First,2018,20566,2200,1,35030.0
107880,Volkswagen,Petrol,Manual,Third,2012,71480,1200,1,8787.0
107881,Honda,Hybrid,Automatic,First,2015,15878,2000,0,28650.0
107882,Honda,Petrol,Automatic,Third,2025,46102,1200,0,28145.0
107883,Mercedes,Diesel,Manual,First,2025,79945,3000,1,43962.0
107884,Mercedes,Diesel,Manual,Second,2018,107947,3500,0,38683.0
107885,Kia,Hybrid,Automatic,First,2015,73394,1400,1,15636.0
107886,Honda,Electric,Automatic,First,2015,76361,2200,0,27469.0
107887,Volkswagen,Electric,Manual,First,2025,85188,2200,0,38650.0
107888,Honda,Petrol,Manual,First,2022,17239,1800,1,32577.0
107889,Toyota,Electric,Automatic,Second,2018,83406,3500,1,33580.0
107890,Nissan,Petrol,Automatic,Second,2012,65109,1200,2,9289.0
107891,Honda,Petrol,Automatic,Second,2016,41062,1800,1,19295.0
107892,Hyundai,Diesel,Automatic,First,2025,36160,1200,1,27553.0
107893,Kia,Diesel,Automatic,First,2025,62542,1400,1,24010.0
107894,Audi,Diesel,Automatic,First,2017,89493,2500,0,35646.0
107895,Mercedes,Diesel,Automatic,Second,2018,97604,2000,0,32056.0
107896,Toyota,Electric,Automatic,First,2018,61215,3500,0,41950.0
107897,Mercedes,Petrol,Manual,Second,2023,96392,3500,0,41367.0
107898,Kia,Petrol,Automatic,First,2018,32483,3500,0,25215.0
107899,Ford,Electric,Automatic,First,2013,51653,1600,1,21629.0
107900,Toyota,Petrol,Manual,Second,2017,116330,2500,0,23823.0
107901,BMW,Diesel,Automatic,First,2020,100883,3500,1,39215.0
107902,Toyota,Diesel,Automatic,First,2018,40845,3000,0,35350.0
107903,Kia,Diesel,Automatic,Second,2018,87276,1800,1,15446.0
107904,Audi,Diesel,Manual,First,2024,47972,1000,0,38949.0
107905,Toyota,Petrol,Manual,First,2025,56111,2000,0,32805.0
107906,Kia,Hybrid,Manual,Second,2013,63457,3000,0,20218.0
107907,Volkswagen,Petrol,Manual,First,2025,24998,2000,0,34636.0
107908,Nissan,Petrol,Automatic,First,2024,74068,2000,0,27635.0
107909,Honda,Petrol,Manual,Second,2024,106222,1800,0,27660.0
107910,Volkswagen,Diesel,Manual,Second,2025,60530,2200,0,30264.0
107911,Kia,Diesel,Automatic,First,2018,48512,1600,0,21214.0
107912,Hyundai,Electric,Manual,Second,2020,47490,1600,0,25731.0
107913,Ford,Diesel,Automatic,First,2014,3000,1600,0,18386.0
107914,Honda,Diesel,Automatic,First,2013,3000,3000,0,27371.0
107915,Hyundai,Electric,Manual,Second,2017,120880,3500,1,23440.0
107916,Audi,Diesel,Automatic,Second,2023,51689,1400,0,34527.0
107917,Mercedes,Diesel,Automatic,Third,2024,37428,3500,0,46328.0
107918,BMW,Diesel,Manual,Second,2013,38415,1400,0,21933.0
107919,Honda,Petrol,Manual,First,2012,63176,1400,0,13780.0
107920,Volkswagen,Hybrid,Manual,First,2021,57633,1400,1,29138.0
107921,Ford,Petrol,Automatic,Second,2023,76648,2500,0,27510.0
107922,Hyundai,Diesel,Automatic,Second,2015,26312,3000,0,23408.0
107923,Kia,Diesel,Manual,First,2020,78170,2500,0,23870.0
107924,Honda,Electric,Automatic,First,2021,82335,1600,1,32009.0
107925,Mercedes,Hybrid,Manual,Second,2025,56321,3500,0,52675.0
107926,Kia,Diesel,Manual,Second,2014,89540,2200,0,8847.0
107927,Hyundai,Diesel,Manual,First,2014,104409,1600,1,6399.0
107928,Ford,Petrol,Automatic,Second,2017,56550,3500,0,29328.0
107929,Toyota,Diesel,Automatic,First,2024,63260,1000,0,29374.0
107930,Mercedes,Electric,Manual,First,2017,74939,2200,1,40986.0
107931,Kia,Electric,Automatic,First,2019,84267,1400,1,19551.0
107932,Mercedes,Hybrid,Manual,First,2024,87979,1800,0,44437.0
107933,Audi,Petrol,Manual,Second,2021,85343,1400,0,29715.0
107934,Kia,Hybrid,Automatic,First,2017,86991,1000,1,14476.0
107935,Honda,Electric,Manual,First,2019,70311,3000,0,37472.0
107936,Toyota,Petrol,Automatic,Second,2019,88744,1200,0,18302.0
107937,Toyota,Diesel,Automatic,First,2018,87647,1200,0,19307.0
107938,BMW,Hybrid,Automatic,Second,2016,61030,2000,0,35040.0
107939,Mercedes,Diesel,Manual,Second,2015,104404,1000,0,18019.0
107940,Volkswagen,Electric,Automatic,First,2012,21873,2500,1,27824.0
107941,Toyota,Diesel,Automatic,First,2024,69361,1600,0,34005.0
107942,Toyota,Diesel,Automatic,Second,2017,77256,1400,0,21483.0
107943,Audi,Hybrid,Automatic,Second,2019,64388,1800,0,34840.0
107944,Nissan,Diesel,Automatic,First,2022,119329,2500,0,25634.0
107945,Audi,Hybrid,Automatic,Second,2025,62140,1000,1,35075.0
107946,Audi,Diesel,Manual,First,2015,106792,1800,0,21493.0
107947,Nissan,Petrol,Automatic,First,2018,49316,3000,0,26763.0
107948,Mercedes,Petrol,Automatic,Second,2014,59369,1200,1,22513.0
107949,Kia,Petrol,Automatic,Second,2024,72696,2500,0,25188.0
107950,Ford,Diesel,Manual,First,2025,61008,1200,1,22419.0
107951,Volkswagen,Electric,Automatic,First,2016,29681,2200,1,32250.0
107952,Toyota,Petrol,Manual,Second,2018,76051,3000,1,25748.0
107953,BMW,Petrol,Manual,Second,2023,67440,1800,0,37864.0
107954,Volkswagen,Petrol,Manual,Second,2022,47562,3000,1,25442.0
107955,Kia,Diesel,Manual,First,2020,3000,1000,0,18846.0
107956,Nissan,Electric,Automatic,Second,2020,18926,2200,0,34954.0
107957,Volkswagen,Diesel,Manual,First,2018,20322,1600,0,26215.0
107958,Toyota,Diesel,Automatic,Second,2015,63128,2200,0,20275.0
107959,Volkswagen,Diesel,Manual,First,2017,98285,1000,1,13487.0
107960,Ford,Petrol,Manual,Second,2024,42691,2200,0,27312.0
107961,Nissan,Diesel,Manual,Third,2025,83020,2200,0,24503.0
107962,Volkswagen,Diesel,Automatic,Second,2015,34092,3500,0,28525.0
107963,Toyota,Diesel,Automatic,Second,2014,57761,3500,0,24110.0
107964,Toyota,Hybrid,Automatic,Second,2020,56336,2200,1,32359.0
107965,Volkswagen,Hybrid,Automatic,Third,2016,66676,3500,0,26085.0
107966,Mercedes,Hybrid,Automatic,Second,2019,58875,1200,0,35605.0
107967,BMW,Electric,Automatic,Second,2014,66515,2000,0,37611.0
107968,Hyundai,Electric,Manual,Second,2020,89291,1400,0,22695.0
107969,Audi,Diesel,Automatic,First,2012,80501,2000,1,25238.0
107970,Nissan,Petrol,Manual,First,2013,71567,1800,0,10916.0
107971,Hyundai,Diesel,Automatic,First,2024,70540,1600,0,25333.0
107972,Kia,Hybrid,Manual,First,2015,41473,2500,1,19198.0
107973,Kia,Petrol,Manual,Second,2013,51023,1200,0,8671.0
107974,Toyota,Petrol,Automatic,First,2020,67261,2200,0,27559.0
107975,Kia,Petrol,Automatic,First,2024,70442,1600,0,27089.0
107976,Mercedes,Diesel,Automatic,First,2018,29258,2200,0,38665.0
107977,BMW,Diesel,Manual,First,2024,3000,1800,0,42603.0
107978,Kia,Petrol,Automatic,First,2013,64037,1800,0,14000.0
107979,Ford,Petrol,Automatic,Third,2022,35507,3000,1,29921.0
107980,BMW,Diesel,Automatic,Second,2022,106721,1800,1,34010.0
107981,Mercedes,Petrol,Automatic,First,2015,85198,2500,0,29895.0
107982,Hyundai,Petrol,Manual,First,2024,82561,2200,0,27627.0
107983,BMW,Diesel,Automatic,Second,2017,24886,1600,0,33755.0
107984,BMW,Diesel,Automatic,Second,2013,91240,2500,0,26081.0
107985,Hyundai,Petrol,Automatic,First,2020,46174,2200,0,22964.0
107986,Mercedes,Diesel,Manual,First,2014,87955,1600,0,25157.0
107987,Kia,Petrol,Automatic,First,2013,90920,2000,0,12968.0
107988,Toyota,Hybrid,Manual,First,2023,18073,2200,0,34216.0
107989,Nissan,Petrol,Automatic,First,2015,35136,3500,3,21302.0
107990,Hyundai,Petrol,Manual,Second,2025,108864,2200,0,21144.0
107991,Hyundai,Hybrid,Manual,Second,2016,20466,2500,0,25852.0
107992,Hyundai,Diesel,Automatic,First,2015,81150,3000,1,20137.0
107993,Hyundai,Petrol,Automatic,Second,2023,33126,1800,1,23946.0
107994,Nissan,Petrol,Automatic,Third,2025,100003,1200,0,20898.0
107995,Nissan,Hybrid,Manual,Second,2025,58334,3500,0,34979.0
107996,Kia,Hybrid,Automatic,Second,2014,62853,1800,0,18574.0
107997,Volkswagen,Petrol,Automatic,Third,2014,99332,2200,0,15022.0
107998,Volkswagen,Diesel,Automatic,First,2023,115441,1400,0,27042.0
107999,Honda,Petrol,Automatic,First,2025,61598,3500,0,33846.0
108000,Hyundai,Diesel,Automatic,Third,2024,80800,1800,1,23375.0
108001,Hyundai,Petrol,Manual,First,2014,64140,2000,0,15027.0
108002,BMW,Petrol,Manual,Second,2014,118357,2000,0,23151.0
108003,Volkswagen,Petrol,Automatic,Second,2017,109205,1600,3,14928.0
108004,Kia,Diesel,Automatic,First,2015,68353,1400,0,12317.0
108005,Toyota,Petrol,Manual,First,2024,84241,1600,0,30395.0
108006,Honda,Petrol,Manual,First,2018,97404,1000,0,20514.0
108007,Honda,Petrol,Automatic,First,2018,45191,2500,1,26144.0
108008,Kia,Petrol,Automatic,First,2015,60165,1400,0,16075.0
108009,Toyota,Hybrid,Manual,First,2012,95350,1600,0,17826.0
108010,BMW,Petrol,Manual,First,2020,25195,3000,0,38092.0
108011,Nissan,Diesel,Automatic,First,2018,84390,3500,0,28882.0
108012,Audi,Petrol,Automatic,First,2017,81560,3000,1,32482.0
108013,Volkswagen,Petrol,Automatic,Second,2016,43767,2000,1,20719.0
108014,Hyundai,Diesel,Automatic,Second,2020,98026,1600,0,19225.0
108015,Kia,Electric,Automatic,Second,2025,77426,2500,0,36184.0
108016,Volkswagen,Petrol,Automatic,First,2024,45476,2200,0,30761.0
108017,Hyundai,Petrol,Automatic,Third,2020,22829,2000,1,21316.0
108018,Audi,Diesel,Manual,First,2021,51196,2000,0,33051.0
108019,Audi,Electric,Automatic,First,2022,37202,3000,0,48106.0
108020,Nissan,Electric,Automatic,First,2017,50002,1600,0,27878.0
108021,Mercedes,Diesel,Automatic,First,2019,52229,2000,0,40091.0
108022,Audi,Diesel,Automatic,First,2018,100785,1200,0,25357.0
108023,Volkswagen,Diesel,Automatic,First,2023,25515,3000,1,32855.0
108024,Ford,Diesel,Manual,First,2024,33012,2200,0,28991.0
108025,Ford,Diesel,Automatic,First,2012,52196,2500,0,17609.0
108026,Hyundai,Hybrid,Manual,First,2013,142568,1200,0,7150.0
108027,Hyundai,Diesel,Manual,Second,2020,17921,1800,0,23469.0
108028,Mercedes,Diesel,Manual,First,2021,3967,3000,3,42812.0
108029,Ford,Diesel,Manual,First,2015,103348,1400,0,16955.0
108030,Hyundai,Diesel,Automatic,Second,2022,49688,2200,0,24838.0
108031,Audi,Diesel,Automatic,First,2014,40544,1800,0,29973.0
108032,Hyundai,Diesel,Manual,First,2013,76265,2000,0,9966.0
108033,Honda,Petrol,Automatic,First,2019,85826,1800,0,23858.0
108034,Mercedes,Petrol,Automatic,Second,2025,89872,2000,0,39368.0
108035,Kia,Diesel,Automatic,Second,2018,81948,3000,2,19719.0
108036,Toyota,Hybrid,Automatic,First,2020,44041,2200,1,33044.0
108037,BMW,Petrol,Automatic,First,2014,84779,1000,1,19350.0
108038,Toyota,Diesel,Manual,First,2012,77077,3000,0,22319.0
108039,Toyota,Petrol,Automatic,Second,2024,105211,1200,1,25791.0
108040,Nissan,Petrol,Manual,Second,2020,109044,1600,0,18468.0
108041,Kia,Electric,Automatic,Second,2025,37853,1600,1,30888.0
108042,Hyundai,Hybrid,Automatic,First,2016,115829,1800,0,18464.0
108043,Nissan,Petrol,Automatic,First,2016,51311,3500,1,26241.0
108044,Toyota,Diesel,Automatic,First,2014,22139,1600,0,26221.0
108045,Honda,Petrol,Automatic,Second,2024,114917,2500,0,27264.0
108046,BMW,Electric,Manual,First,2019,89535,3000,0,44835.0
108047,Toyota,Petrol,Automatic,First,2019,5479,1200,1,27320.0
108048,Ford,Petrol,Manual,Second,2012,49831,3000,0,18393.0
108049,Kia,Diesel,Automatic,First,2015,43544,1200,2,11583.0
108050,Kia,Hybrid,Automatic,Second,2017,47858,1400,0,19581.0
108051,Kia,Petrol,Automatic,Second,2020,120866,2000,0,17772.0
108052,Mercedes,Diesel,Automatic,First,2013,58604,3000,2,32203.0
108053,Mercedes,Petrol,Manual,Second,2018,50666,2200,0,32224.0
108054,Audi,Electric,Manual,Second,2021,95565,2500,0,38917.0
108055,Volkswagen,Petrol,Automatic,First,2012,50629,1200,0,15151.0
108056,BMW,Electric,Manual,Second,2021,136662,3000,1,37221.0
108057,Nissan,Diesel,Automatic,Second,2015,71055,2000,0,17397.0
108058,Hyundai,Petrol,Manual,Second,2021,94226,1400,0,16072.0
108059,Toyota,Electric,Manual,Second,2022,123415,1200,1,24699.0
108060,Volkswagen,Electric,Manual,First,2023,40701,1200,0,32505.0
108061,Hyundai,Diesel,Automatic,First,2018,88352,3500,1,25279.0
108062,Nissan,Petrol,Automatic,Second,2014,48658,3000,0,20853.0
108063,Volkswagen,Diesel,Automatic,First,2014,71193,1600,0,18685.0
108064,Hyundai,Diesel,Manual,Second,2015,8325,2500,0,18953.0
108065,Honda,Diesel,Manual,First,2019,49016,2200,0,27913.0
108066,Mercedes,Diesel,Automatic,Second,2025,105956,1800,0,40640.0
108067,Nissan,Petrol,Manual,First,2014,89627,1600,1,8533.0
108068,BMW,Diesel,Manual,First,2019,55984,2000,0,32449.0
108069,Ford,Diesel,Automatic,Second,2021,68325,3500,1,29915.0
108070,Honda,Petrol,Manual,Second,2020,87545,2500,0,25254.0
108071,Mercedes,Diesel,Automatic,First,2023,88330,1800,0,37726.0
108072,Kia,Diesel,Automatic,First,2019,77649,1200,1,11478.0
108073,Mercedes,Diesel,Automatic,Second,2019,95354,1600,0,34013.0
108074,Volkswagen,Petrol,Automatic,Second,2020,59834,1000,0,19623.0
108075,Audi,Diesel,Manual,First,2015,21106,3000,0,35730.0
108076,Honda,Petrol,Automatic,First,2023,36027,2000,0,31109.0
108077,Kia,Diesel,Automatic,First,2014,51611,2200,0,18268.0
108078,Volkswagen,Hybrid,Automatic,Third,2019,6713,1000,0,22709.0
108079,Nissan,Diesel,Automatic,First,2012,31399,1800,0,14909.0
108080,BMW,Petrol,Automatic,First,2025,35829,3000,0,45621.0
108081,Mercedes,Diesel,Automatic,First,2021,25854,1000,0,40225.0
108082,Nissan,Electric,Automatic,Second,2012,15340,1000,0,17460.0
108083,Kia,Petrol,Manual,Second,2015,116834,1200,0,5644.0
108084,Volkswagen,Hybrid,Manual,First,2021,92787,1400,2,20961.0
108085,Audi,Diesel,Automatic,First,2014,56931,2000,1,28463.0
108086,Mercedes,Hybrid,Manual,Second,2021,70095,2000,0,39388.0
108087,BMW,Petrol,Manual,First,2013,52461,3500,1,34219.0
108088,Audi,Petrol,Manual,First,2020,52043,3500,1,40198.0
108089,Hyundai,Electric,Manual,Second,2023,92433,1000,0,22878.0
108090,Volkswagen,Petrol,Manual,Second,2023,71591,1400,0,21010.0
108091,Nissan,Petrol,Automatic,Third,2023,34236,3000,0,29595.0
108092,Mercedes,Diesel,Automatic,First,2016,99273,2500,0,33751.0
108093,Mercedes,Petrol,Manual,First,2014,77835,3000,0,35224.0
108094,Kia,Hybrid,Automatic,Second,2020,91695,2500,0,27877.0
108095,BMW,Diesel,Manual,First,2019,70747,3000,0,35285.0
108096,Ford,Hybrid,Manual,First,2015,67368,2200,0,21694.0
108097,Hyundai,Hybrid,Automatic,First,2021,61002,3500,0,33911.0
108098,Audi,Petrol,Manual,Third,2016,80748,3000,2,27585.0
108099,Honda,Petrol,Automatic,Second,2022,29485,1400,1,27349.0
108100,Honda,Hybrid,Manual,First,2023,81190,2000,1,29450.0
108101,Mercedes,Petrol,Automatic,First,2016,17512,2000,0,35455.0
108102,Kia,Electric,Manual,Second,2019,46538,1000,1,18814.0
108103,Toyota,Diesel,Automatic,Second,2018,108374,3500,0,28891.0
108104,Mercedes,Petrol,Manual,Second,2014,32202,3500,0,38007.0
108105,Honda,Hybrid,Manual,First,2017,47929,2200,0,27990.0
108106,Honda,Petrol,Automatic,First,2017,49526,1400,0,21443.0
108107,Hyundai,Petrol,Manual,Second,2013,40937,1200,0,11947.0
108108,Nissan,Diesel,Automatic,Third,2024,57775,2200,0,27683.0
108109,Toyota,Hybrid,Manual,First,2012,69403,3500,0,27018.0
108110,Mercedes,Diesel,Automatic,First,2018,107239,1600,0,31635.0
108111,Hyundai,Petrol,Manual,First,2014,95919,2200,0,13561.0
108112,Kia,Petrol,Manual,First,2016,82620,1000,1,13251.0
108113,Hyundai,Petrol,Automatic,First,2019,60984,3500,1,31061.0
108114,Mercedes,Petrol,Automatic,Second,2016,43823,2500,1,34516.0
108115,Volkswagen,Petrol,Automatic,First,2022,82086,1200,1,24649.0
108116,Ford,Diesel,Automatic,First,2016,77357,2500,0,21520.0
108117,Mercedes,Electric,Automatic,First,2016,79822,2500,0,38916.0
108118,BMW,Petrol,Automatic,Second,2022,53407,3000,0,44444.0
108119,Honda,Petrol,Automatic,Second,2018,69320,1600,0,18789.0
108120,Toyota,Hybrid,Automatic,First,2013,71742,1000,0,19347.0
108121,Toyota,Diesel,Manual,First,2025,47234,3500,0,41802.0
108122,Nissan,Electric,Manual,Second,2012,98471,2500,1,18086.0
108123,Ford,Petrol,Manual,First,2022,17283,3000,0,34358.0
108124,BMW,Petrol,Automatic,First,2015,45070,3000,1,33739.0
108125,Honda,Diesel,Automatic,Second,2016,38633,2000,0,23047.0
108126,Toyota,Diesel,Automatic,First,2018,53518,2500,0,30211.0
108127,BMW,Diesel,Manual,Third,2012,48174,2500,0,25905.0
108128,Hyundai,Diesel,Automatic,First,2020,47647,1800,0,21438.0
108129,Nissan,Petrol,Automatic,First,2022,89260,1600,0,25241.0
108130,Mercedes,Diesel,Automatic,First,2023,71912,3500,0,47761.0
108131,Mercedes,Diesel,Manual,First,2023,40026,3500,0,45055.0
108132,Volkswagen,Petrol,Manual,First,2021,80711,1200,0,19815.0
108133,Honda,Diesel,Automatic,Second,2015,78117,1400,2,15213.0
108134,BMW,Diesel,Automatic,First,2017,8216,1400,0,32572.0
108135,Audi,Petrol,Manual,First,2022,50839,2000,0,35977.0
108136,Toyota,Petrol,Automatic,Second,2012,83339,2200,0,15788.0
108137,Kia,Petrol,Manual,Third,2020,76263,2000,0,18682.0
108138,Kia,Petrol,Manual,Second,2015,82937,1000,1,8669.0
108139,Mercedes,Diesel,Manual,Second,2016,40317,2200,1,28709.0
108140,Audi,Hybrid,Automatic,First,2019,76717,3000,0,38820.0
108141,Kia,Petrol,Manual,First,2017,11932,2500,0,24108.0
108142,Ford,Petrol,Manual,First,2021,58918,1800,0,25749.0
108143,Ford,Electric,Automatic,Third,2023,116957,1600,1,25597.0
108144,Honda,Petrol,Automatic,First,2025,91380,1800,0,32352.0
108145,Audi,Petrol,Manual,First,2014,70601,1400,0,23511.0
108146,Ford,Petrol,Automatic,First,2021,48116,3000,0,30079.0
108147,Ford,Diesel,Manual,First,2019,102446,1800,0,20536.0
108148,Mercedes,Petrol,Automatic,First,2017,64792,2200,0,34734.0
108149,Kia,Diesel,Manual,First,2023,53035,2200,0,25606.0
108150,Honda,Petrol,Automatic,First,2013,105319,1000,0,15419.0
108151,BMW,Petrol,Manual,First,2016,66938,2000,0,27824.0
108152,Hyundai,Petrol,Automatic,First,2014,75621,1600,0,16362.0
108153,Toyota,Diesel,Manual,Second,2015,22082,1400,0,19380.0
108154,Toyota,Diesel,Automatic,Second,2020,50096,1400,0,26557.0
108155,Nissan,Petrol,Automatic,First,2014,86872,2000,0,13725.0
108156,Hyundai,Petrol,Automatic,Second,2016,63265,1000,0,13261.0
108157,Hyundai,Diesel,Manual,First,2025,61517,1800,1,22007.0
108158,Toyota,Hybrid,Automatic,First,2019,32543,1600,0,31530.0
108159,Toyota,Petrol,Manual,Second,2024,91465,3500,0,34741.0
108160,BMW,Diesel,Manual,First,2020,53966,2500,0,35400.0
108161,Audi,Petrol,Manual,First,2018,72047,3000,0,35214.0
108162,Audi,Petrol,Manual,Third,2022,106095,2500,0,31392.0
108163,BMW,Petrol,Automatic,First,2015,116756,2200,0,27000.0
108164,Kia,Hybrid,Manual,First,2020,41134,1400,0,22952.0
108165,Hyundai,Petrol,Manual,Third,2023,55956,2500,0,23120.0
108166,Volkswagen,Hybrid,Automatic,First,2013,82529,1000,0,19992.0
108167,Hyundai,Diesel,Automatic,Second,2023,44776,1600,2,21062.0
108168,Nissan,Hybrid,Automatic,First,2013,94877,1400,1,13810.0
108169,Toyota,Petrol,Automatic,First,2015,84787,1400,1,19111.0
108170,Hyundai,Petrol,Automatic,First,2013,83487,1200,0,8831.0
108171,Toyota,Electric,Automatic,First,2014,58605,2200,0,29019.0
108172,Hyundai,Diesel,Manual,Second,2016,67430,3500,0,21006.0
108173,Nissan,Hybrid,Automatic,Third,2014,80364,1400,0,18468.0
108174,Kia,Petrol,Manual,First,2012,70949,2200,0,11775.0
108175,Volkswagen,Petrol,Automatic,Second,2022,19941,1200,1,27467.0
108176,Ford,Diesel,Automatic,First,2014,105738,1400,1,14472.0
108177,BMW,Petrol,Automatic,First,2024,69447,1400,0,34839.0
108178,BMW,Diesel,Manual,Third,2017,65573,2200,0,26717.0
108179,Volkswagen,Petrol,Automatic,First,2014,101766,3500,0,24711.0
108180,Hyundai,Petrol,Automatic,First,2020,62049,1600,0,20232.0
108181,Ford,Petrol,Automatic,Second,2014,34707,3500,0,25177.0
108182,Nissan,Petrol,Automatic,First,2022,55813,2200,0,26265.0
108183,Audi,Petrol,Manual,First,2014,101562,1400,0,25876.0
108184,Hyundai,Diesel,Manual,Second,2014,36238,3500,0,20783.0
108185,Kia,Petrol,Manual,Second,2016,8070,3000,0,23204.0
108186,Toyota,Petrol,Automatic,First,2018,47642,1200,0,25528.0
108187,Honda,Hybrid,Manual,First,2016,78595,1400,0,24031.0
108188,Hyundai,Diesel,Automatic,First,2020,100205,2000,0,21670.0
108189,Honda,Petrol,Manual,First,2017,71325,2000,0,20999.0
108190,Hyundai,Diesel,Automatic,Third,2012,54029,2000,0,14028.0
108191,Volkswagen,Electric,Manual,Third,2020,22353,3500,0,40252.0
108192,Honda,Petrol,Manual,Second,2025,49064,2500,0,33884.0
108193,Hyundai,Petrol,Manual,Second,2014,8042,2500,0,18614.0
108194,BMW,Diesel,Automatic,Second,2019,97411,2000,0,29690.0
108195,Honda,Petrol,Manual,First,2025,32862,2500,0,37333.0
108196,Hyundai,Hybrid,Manual,First,2023,41571,1000,0,27384.0
108197,Audi,Electric,Manual,First,2014,27066,2200,0,36555.0
108198,Toyota,Electric,Automatic,Second,2019,60157,1400,0,29251.0
108199,Audi,Petrol,Automatic,First,2015,73538,1400,1,22641.0
108200,Ford,Petrol,Automatic,First,2012,97754,3000,0,17496.0
108201,Hyundai,Electric,Automatic,First,2022,62888,1000,0,24982.0
108202,Mercedes,Diesel,Manual,Second,2025,43504,3000,0,49441.0
108203,Kia,Petrol,Manual,Second,2017,94001,1800,0,13329.0
108204,Audi,Diesel,Automatic,First,2018,75393,3000,0,37713.0
108205,Honda,Petrol,Manual,Second,2019,63851,1000,1,14579.0
108206,Volkswagen,Petrol,Automatic,First,2017,52480,2000,1,22230.0
108207,Kia,Hybrid,Automatic,Second,2025,37379,1000,0,25086.0
108208,Mercedes,Petrol,Automatic,First,2012,83711,1000,0,25193.0
108209,Nissan,Petrol,Manual,First,2016,63302,1800,0,18105.0
108210,Hyundai,Petrol,Manual,First,2020,19181,1800,0,17520.0
108211,Volkswagen,Diesel,Automatic,First,2014,57658,1000,1,15917.0
108212,Hyundai,Petrol,Manual,Second,2016,92748,1200,0,11266.0
108213,Ford,Diesel,Automatic,Third,2017,132896,1400,1,10393.0
108214,Mercedes,Diesel,Automatic,First,2016,57241,1400,0,30487.0
108215,Hyundai,Hybrid,Automatic,First,2015,88320,2200,0,19833.0
108216,Honda,Petrol,Automatic,Second,2013,52979,1200,0,15604.0
108217,Ford,Hybrid,Manual,First,2016,68163,1400,0,19464.0
108218,BMW,Petrol,Manual,First,2021,74718,1000,0,32094.0
108219,Nissan,Diesel,Automatic,First,2012,107257,1000,0,8754.0
108220,Mercedes,Petrol,Automatic,Second,2012,98717,1000,0,22437.0
108221,Toyota,Petrol,Automatic,Second,2019,83610,1000,0,22841.0
108222,Volkswagen,Diesel,Automatic,Second,2024,40485,1600,0,30354.0
108223,Audi,Petrol,Automatic,First,2015,80039,1000,0,24708.0
108224,Hyundai,Petrol,Automatic,Second,2012,110273,1600,1,3500.0
108225,Volkswagen,Petrol,Manual,Second,2013,81919,2000,1,13241.0
108226,Volkswagen,Diesel,Automatic,First,2016,85972,1400,0,18549.0
108227,Toyota,Petrol,Automatic,Second,2018,69408,1400,1,24930.0
108228,Toyota,Petrol,Manual,Third,2024,55599,1800,1,28290.0
108229,Ford,Petrol,Automatic,Second,2023,81138,3500,0,30905.0
108230,Mercedes,Diesel,Automatic,Second,2016,58834,1200,0,30683.0
108231,Honda,Petrol,Automatic,Second,2022,17966,1600,0,31345.0
108232,Nissan,Petrol,Automatic,Second,2021,105640,1000,1,15174.0
108233,Toyota,Petrol,Automatic,Second,2017,85083,3500,2,25321.0
108234,Toyota,Petrol,Automatic,First,2018,6023,3000,0,32429.0
108235,Audi,Hybrid,Manual,First,2014,3000,1400,0,27678.0
108236,BMW,Diesel,Manual,Second,2022,59256,2500,0,40472.0
108237,Toyota,Hybrid,Manual,Third,2021,83370,1600,0,26380.0
108238,BMW,Petrol,Automatic,First,2016,46935,2000,1,31513.0
108239,Ford,Electric,Automatic,Second,2019,38084,3500,0,39401.0
108240,Honda,Petrol,Automatic,First,2024,60532,1600,1,29523.0
108241,Volkswagen,Electric,Automatic,Third,2022,60534,1600,0,29826.0
108242,Toyota,Petrol,Automatic,Second,2017,57930,2000,0,26128.0
108243,Hyundai,Diesel,Automatic,Second,2013,30392,2500,0,17181.0
108244,BMW,Petrol,Automatic,Second,2020,70135,3000,1,37006.0
108245,Audi,Petrol,Automatic,Second,2013,65269,1200,0,21791.0
108246,Nissan,Hybrid,Automatic,Second,2017,20014,2000,0,24469.0
108247,Audi,Diesel,Automatic,Third,2022,79314,1000,0,30309.0
108248,Toyota,Electric,Automatic,First,2013,53717,2200,0,26721.0
108249,Mercedes,Diesel,Automatic,First,2021,41166,3500,0,45508.0
108250,Volkswagen,Diesel,Automatic,Second,2018,70180,1400,0,23348.0
108251,Honda,Petrol,Automatic,Third,2012,55661,3000,0,21139.0
108252,Hyundai,Electric,Automatic,First,2015,53967,2000,0,24018.0
108253,Mercedes,Diesel,Automatic,First,2023,40431,3000,1,42491.0
108254,Audi,Diesel,Automatic,First,2019,73093,2000,2,29695.0
108255,BMW,Petrol,Manual,First,2020,100838,1600,0,31685.0
108256,BMW,Diesel,Automatic,Second,2021,62753,2000,1,36027.0
108257,Mercedes,Electric,Automatic,First,2014,44878,1000,0,33646.0
108258,BMW,Petrol,Automatic,First,2020,91018,3500,0,42705.0
108259,Audi,Petrol,Automatic,Second,2023,67209,2500,0,39879.0
108260,Mercedes,Petrol,Automatic,First,2025,23319,3500,0,52742.0
108261,Audi,Hybrid,Manual,Second,2019,71448,2500,0,35045.0
108262,Hyundai,Petrol,Manual,First,2015,44623,1400,0,15013.0
108263,Volkswagen,Petrol,Automatic,Second,2012,88149,1800,0,16052.0
108264,Nissan,Petrol,Automatic,First,2021,6725,1800,0,29890.0
108265,Hyundai,Diesel,Automatic,First,2016,61507,1400,1,15286.0
108266,Hyundai,Petrol,Automatic,First,2022,98488,2000,1,21959.0
108267,BMW,Petrol,Manual,Second,2018,54378,3000,1,36175.0
108268,Toyota,Electric,Automatic,Second,2016,60980,1400,0,26207.0
108269,Kia,Electric,Automatic,First,2022,43147,3000,0,36002.0
108270,BMW,Petrol,Manual,Second,2016,59503,2500,0,29721.0
108271,Toyota,Diesel,Automatic,First,2016,22706,1800,0,25695.0
108272,Audi,Diesel,Manual,Third,2014,28086,3000,0,28868.0
108273,Kia,Petrol,Manual,First,2017,26240,2200,0,16621.0
108274,BMW,Petrol,Manual,First,2022,107597,1400,0,33846.0
108275,Kia,Diesel,Automatic,First,2015,20198,3500,0,29326.0
108276,Kia,Petrol,Automatic,Second,2021,40711,1200,0,17950.0
108277,Ford,Petrol,Manual,First,2013,18478,1800,1,16755.0
108278,Volkswagen,Hybrid,Manual,First,2015,110400,1400,0,16749.0
108279,Ford,Diesel,Automatic,First,2017,49338,3500,0,31382.0
108280,Toyota,Diesel,Manual,Second,2024,22090,3000,0,31543.0
108281,Honda,Petrol,Automatic,Second,2017,42558,3500,0,33623.0
108282,Mercedes,Diesel,Automatic,Second,2025,36543,2200,0,41604.0
108283,Nissan,Petrol,Automatic,Second,2022,92282,3500,1,27524.0
108284,Honda,Diesel,Automatic,Second,2020,58160,3500,1,33850.0
108285,Mercedes,Hybrid,Manual,First,2019,29756,2500,1,42000.0
108286,Toyota,Hybrid,Automatic,Third,2016,107764,2000,0,22204.0
108287,Toyota,Petrol,Manual,First,2021,81662,3000,1,29064.0
108288,Audi,Diesel,Automatic,Second,2014,38392,2000,0,27369.0
108289,Nissan,Electric,Automatic,Second,2015,76817,1400,0,20126.0
108290,Volkswagen,Diesel,Manual,Second,2025,18721,1200,0,24963.0
108291,Kia,Petrol,Automatic,Second,2016,12368,1000,3,11406.0
108292,Ford,Diesel,Manual,First,2012,30397,3000,0,22422.0
108293,Ford,Petrol,Automatic,Second,2024,87892,2000,1,25216.0
108294,Toyota,Hybrid,Automatic,Second,2023,109638,1600,2,24398.0
108295,Ford,Diesel,Automatic,First,2020,32420,1800,0,26716.0
108296,Toyota,Petrol,Manual,First,2024,66213,2500,0,31235.0
108297,Kia,Petrol,Automatic,Second,2015,115941,1000,1,6924.0
108298,Toyota,Petrol,Manual,First,2019,87633,2500,0,25108.0
108299,Audi,Electric,Manual,First,2016,47568,2200,0,36809.0
108300,Volkswagen,Petrol,Automatic,First,2022,92356,3000,0,31695.0
108301,Hyundai,Diesel,Manual,Second,2016,91771,1600,1,9486.0
108302,BMW,Electric,Automatic,Second,2025,39637,1800,0,48789.0
108303,Volkswagen,Petrol,Automatic,First,2023,3000,2500,0,34285.0
108304,Volkswagen,Petrol,Automatic,First,2013,40100,1400,0,16019.0
108305,Honda,Diesel,Automatic,First,2019,58058,3500,1,30899.0
108306,Nissan,Diesel,Automatic,First,2023,29219,1000,1,21623.0
108307,Nissan,Petrol,Automatic,Third,2024,53752,1000,1,18514.0
108308,Mercedes,Petrol,Automatic,First,2022,116440,3500,1,41521.0
108309,BMW,Diesel,Manual,First,2021,77566,2000,0,35631.0
108310,Kia,Electric,Automatic,Second,2018,29913,1200,1,20908.0
108311,Hyundai,Petrol,Manual,First,2025,29039,3000,0,35508.0
108312,Hyundai,Petrol,Automatic,Second,2023,92573,1800,1,20864.0
108313,Nissan,Petrol,Manual,Second,2013,59963,3000,0,16952.0
108314,Volkswagen,Hybrid,Automatic,First,2022,78142,2500,0,34299.0
108315,Audi,Petrol,Automatic,First,2017,75438,2500,0,34510.0
108316,Mercedes,Hybrid,Automatic,First,2020,63054,1800,0,39587.0
108317,Toyota,Petrol,Automatic,First,2019,136581,1200,0,21436.0
108318,Mercedes,Electric,Automatic,First,2021,51802,2000,0,45085.0
108319,Honda,Diesel,Manual,Second,2023,25920,1800,0,32025.0
108320,Mercedes,Diesel,Manual,Second,2014,69869,1400,0,28644.0
108321,Volkswagen,Petrol,Manual,First,2018,64298,3500,1,27911.0
108322,Kia,Hybrid,Automatic,Second,2015,75605,3000,0,20205.0
108323,Volkswagen,Petrol,Automatic,First,2022,51564,2200,0,30867.0
108324,Nissan,Petrol,Manual,Second,2015,52479,3000,0,21464.0
108325,Kia,Petrol,Automatic,First,2018,103809,3500,0,26290.0
108326,Ford,Hybrid,Manual,First,2022,93642,1600,0,27376.0
108327,Kia,Hybrid,Automatic,Second,2024,57965,1400,1,25659.0
108328,Mercedes,Diesel,Manual,First,2018,75645,1200,0,30388.0
108329,Mercedes,Diesel,Manual,Second,2023,78203,1800,0,38212.0
108330,Mercedes,Petrol,Manual,First,2022,63129,1000,0,33692.0
108331,Ford,Hybrid,Automatic,First,2012,25583,2000,0,21858.0
108332,Nissan,Hybrid,Automatic,Second,2022,3000,1200,0,29365.0
108333,Toyota,Diesel,Manual,Second,2012,85709,3000,0,19634.0
108334,BMW,Diesel,Manual,First,2017,53195,1800,0,33655.0
108335,Nissan,Electric,Automatic,First,2013,106814,1200,0,17350.0
108336,Mercedes,Hybrid,Automatic,Second,2014,23545,1600,1,30531.0
108337,Nissan,Diesel,Manual,Second,2013,77870,2000,0,12070.0
108338,Honda,Petrol,Automatic,Second,2013,29706,1600,0,23768.0
108339,Hyundai,Diesel,Manual,Second,2019,70606,1800,0,13507.0
108340,Hyundai,Diesel,Manual,Third,2019,46911,1600,0,17887.0
108341,BMW,Petrol,Manual,First,2024,6709,1600,0,39524.0
108342,BMW,Petrol,Automatic,Second,2017,86187,1400,0,29012.0
108343,Toyota,Petrol,Automatic,Second,2014,77618,3000,0,26704.0
108344,Honda,Diesel,Automatic,Second,2016,79824,1400,1,16392.0
108345,Volkswagen,Petrol,Manual,First,2025,103326,1600,3,21360.0
108346,Nissan,Petrol,Automatic,Second,2018,88325,2500,0,21444.0
108347,Kia,Hybrid,Automatic,Second,2016,53312,1800,0,22251.0
108348,Kia,Diesel,Automatic,Second,2018,126026,2200,0,15653.0
108349,Volkswagen,Petrol,Automatic,First,2021,82804,2000,1,31274.0
108350,Hyundai,Petrol,Manual,First,2018,35103,1000,0,18111.0
108351,Volkswagen,Hybrid,Manual,Second,2015,56382,1200,0,15480.0
108352,Nissan,Hybrid,Manual,Second,2021,45718,3500,0,33512.0
108353,Honda,Petrol,Automatic,Second,2025,121598,1800,0,31066.0
108354,Mercedes,Electric,Manual,Second,2025,93583,3500,0,49352.0
108355,Ford,Petrol,Automatic,First,2021,73157,1400,0,24459.0
108356,Mercedes,Electric,Manual,First,2017,53189,2500,1,40153.0
108357,Ford,Petrol,Automatic,First,2020,124639,2500,1,22070.0
108358,Kia,Petrol,Automatic,Second,2015,101913,1200,0,7032.0
108359,BMW,Petrol,Automatic,First,2021,51627,2000,1,38752.0
108360,Nissan,Petrol,Automatic,Second,2023,67986,2200,0,27109.0
108361,Mercedes,Diesel,Manual,Second,2012,81257,2200,1,24356.0
108362,Volkswagen,Hybrid,Automatic,Second,2019,41619,1400,0,25706.0
108363,Honda,Hybrid,Automatic,Second,2015,42217,3000,0,29978.0
108364,Honda,Petrol,Manual,Second,2019,125681,2200,0,19215.0
108365,Hyundai,Petrol,Automatic,Second,2022,63321,1000,1,18908.0
108366,Honda,Petrol,Automatic,First,2020,55314,3000,0,32887.0
108367,Honda,Petrol,Automatic,First,2023,89699,2000,0,31599.0
108368,BMW,Diesel,Manual,First,2024,33443,2000,1,41355.0
108369,Volkswagen,Petrol,Automatic,First,2023,65462,2200,0,33079.0
108370,Kia,Diesel,Manual,Third,2019,104420,1200,0,13244.0
108371,Honda,Diesel,Automatic,First,2012,18577,1200,0,17762.0
108372,Kia,Petrol,Automatic,Second,2024,45267,1600,0,23548.0
108373,BMW,Diesel,Automatic,First,2025,57848,1200,0,40720.0
108374,Honda,Petrol,Manual,Third,2023,42281,2200,0,28774.0
108375,Nissan,Petrol,Automatic,First,2023,99719,3500,0,33997.0
108376,Hyundai,Hybrid,Manual,First,2020,102218,3000,0,24213.0
108377,Mercedes,Diesel,Automatic,First,2016,78609,1200,0,27529.0
108378,Nissan,Petrol,Automatic,Second,2019,62453,1000,0,18151.0
108379,Audi,Diesel,Manual,First,2024,112679,1000,1,33201.0
108380,Toyota,Petrol,Manual,Second,2023,52583,1200,1,23823.0
108381,Honda,Diesel,Automatic,Second,2017,69044,1400,1,20544.0
108382,Kia,Diesel,Automatic,First,2018,72300,1000,1,14027.0
108383,Toyota,Diesel,Manual,First,2014,51187,2500,0,22756.0
108384,Ford,Hybrid,Automatic,Second,2020,59109,2000,1,26268.0
108385,Honda,Diesel,Automatic,First,2020,32259,1400,1,27970.0
108386,Audi,Petrol,Automatic,Second,2021,99335,3000,1,35410.0
108387,BMW,Petrol,Automatic,First,2024,5768,1600,1,41561.0
108388,Hyundai,Hybrid,Manual,Second,2024,67026,3000,0,33668.0
108389,Audi,Petrol,Automatic,Second,2013,43370,1800,0,27239.0
108390,Kia,Diesel,Automatic,Second,2015,60247,3000,0,20766.0
108391,BMW,Diesel,Automatic,First,2015,5116,2500,0,36687.0
108392,Mercedes,Diesel,Manual,Second,2012,97460,1200,1,17654.0
108393,BMW,Hybrid,Manual,Second,2015,54700,1800,0,29590.0
108394,Honda,Diesel,Automatic,First,2014,82647,1000,1,17706.0
108395,Toyota,Diesel,Automatic,Second,2022,65574,1000,0,24793.0
108396,Toyota,Hybrid,Automatic,Second,2022,58852,1400,0,28512.0
108397,Kia,Diesel,Manual,Third,2013,77326,1000,0,5847.0
108398,BMW,Petrol,Automatic,Second,2017,29438,2000,0,33949.0
108399,Audi,Diesel,Manual,First,2014,65265,2000,1,22492.0
108400,Kia,Diesel,Automatic,First,2021,22414,1800,2,20158.0
108401,Hyundai,Hybrid,Automatic,Third,2020,34192,3000,0,28610.0
108402,Kia,Petrol,Manual,First,2020,48993,1600,0,17310.0
108403,Kia,Petrol,Manual,Third,2025,42619,1400,0,20957.0
108404,Mercedes,Electric,Automatic,Second,2022,70704,1400,0,39966.0
108405,Nissan,Diesel,Manual,First,2019,23563,1000,1,22231.0
108406,Honda,Petrol,Automatic,First,2019,83915,1600,0,26641.0
108407,Mercedes,Diesel,Automatic,First,2013,130576,2200,0,26507.0
108408,Toyota,Electric,Manual,Second,2022,95514,2500,0,33980.0
108409,Toyota,Hybrid,Manual,First,2017,78100,2000,1,25635.0
108410,Ford,Diesel,Manual,First,2025,48027,2200,1,29518.0
108411,Ford,Petrol,Automatic,Third,2015,70413,1800,0,17009.0
108412,Audi,Hybrid,Manual,First,2021,81857,2500,0,38380.0
108413,Toyota,Diesel,Automatic,Second,2013,98615,3500,1,23130.0
108414,Nissan,Hybrid,Automatic,First,2013,115994,1400,0,14045.0
108415,Mercedes,Petrol,Manual,First,2021,46641,2500,1,36705.0
108416,Hyundai,Petrol,Automatic,First,2023,18560,3500,2,33685.0
108417,Nissan,Diesel,Manual,First,2018,79449,2200,0,20403.0
108418,Ford,Petrol,Automatic,First,2022,60754,3000,0,32097.0
108419,BMW,Diesel,Automatic,First,2012,35412,2000,1,28036.0
108420,Nissan,Electric,Manual,Second,2025,47100,3500,0,38165.0
108421,Nissan,Diesel,Manual,Second,2019,34167,3500,0,30428.0
108422,Nissan,Hybrid,Automatic,First,2024,70392,1200,0,31332.0
108423,Nissan,Diesel,Automatic,First,2016,124432,1800,0,14322.0
108424,Nissan,Hybrid,Manual,First,2021,67502,3000,0,32026.0
108425,Ford,Hybrid,Automatic,First,2019,54672,2200,0,29635.0
108426,Toyota,Diesel,Automatic,First,2013,98206,1400,0,14717.0
108427,Kia,Diesel,Manual,Third,2012,74423,1200,0,7081.0
108428,Nissan,Diesel,Automatic,First,2024,82136,2500,0,33252.0
108429,Nissan,Diesel,Manual,First,2013,123658,2500,1,10893.0
108430,Honda,Petrol,Manual,Second,2025,11474,1000,0,29276.0
108431,Toyota,Hybrid,Manual,Second,2017,24389,1200,0,23845.0
108432,Kia,Electric,Automatic,Third,2015,56443,1800,0,22203.0
108433,Hyundai,Diesel,Manual,First,2024,105817,1800,0,24812.0
108434,Hyundai,Diesel,Automatic,First,2019,58585,2200,1,18857.0
108435,BMW,Diesel,Automatic,First,2023,89098,1800,0,34279.0
108436,Volkswagen,Diesel,Automatic,First,2020,24921,3000,0,33106.0
108437,Mercedes,Diesel,Automatic,First,2020,89260,1000,1,31798.0
108438,Honda,Hybrid,Automatic,Second,2016,68076,1800,0,23750.0
108439,Toyota,Petrol,Automatic,Second,2017,42757,1400,0,22597.0
108440,Toyota,Petrol,Automatic,First,2022,104503,3500,0,35313.0
108441,Volkswagen,Hybrid,Automatic,First,2024,90477,2000,0,32779.0
108442,BMW,Diesel,Manual,Third,2023,68824,1000,1,30762.0
108443,Audi,Hybrid,Automatic,First,2022,60687,1200,0,37725.0
108444,Ford,Petrol,Manual,Third,2018,18767,3000,0,25653.0
108445,BMW,Petrol,Automatic,Second,2023,52546,3000,0,43042.0
108446,Kia,Electric,Manual,Third,2015,22508,1200,0,20030.0
108447,BMW,Petrol,Automatic,Second,2023,66565,1600,1,36042.0
108448,Volkswagen,Hybrid,Manual,First,2021,76039,3500,1,33393.0
108449,Volkswagen,Hybrid,Automatic,Second,2014,82424,1400,0,19185.0
108450,Mercedes,Diesel,Manual,First,2013,67067,2500,0,29744.0
108451,Honda,Petrol,Automatic,First,2021,112853,1000,1,22192.0
108452,Nissan,Diesel,Manual,First,2015,22811,3000,0,24403.0
108453,Hyundai,Hybrid,Manual,First,2020,65641,1600,1,22686.0
108454,Volkswagen,Petrol,Automatic,First,2025,102637,2500,2,32808.0
108455,Mercedes,Petrol,Automatic,First,2016,83869,2500,1,33339.0
108456,Ford,Petrol,Manual,First,2012,48195,2000,0,16553.0
108457,Hyundai,Petrol,Automatic,Third,2023,86838,3500,0,28708.0
108458,Audi,Hybrid,Automatic,Second,2016,50462,3000,0,37726.0
108459,Toyota,Hybrid,Manual,First,2017,67069,2500,0,29014.0
108460,Ford,Electric,Automatic,First,2024,84979,1400,0,32216.0
108461,Audi,Diesel,Manual,First,2025,21143,2000,0,41170.0
108462,Hyundai,Hybrid,Automatic,Second,2023,95775,1200,0,22075.0
108463,Ford,Petrol,Automatic,Second,2021,90407,1000,0,20966.0
108464,Mercedes,Diesel,Automatic,First,2024,11322,1800,0,44107.0
108465,Audi,Diesel,Manual,Second,2017,3000,2200,0,33703.0
108466,Toyota,Electric,Manual,Second,2024,3000,2000,1,38697.0
108467,Nissan,Hybrid,Automatic,First,2016,66611,1600,0,19795.0
108468,Mercedes,Electric,Automatic,First,2019,120287,1600,0,36547.0
108469,Kia,Hybrid,Automatic,Second,2016,90484,3000,2,22287.0
108470,Toyota,Hybrid,Manual,Second,2022,99344,1400,0,25171.0
108471,Honda,Petrol,Automatic,First,2021,91665,1200,0,22458.0
108472,BMW,Hybrid,Automatic,First,2014,77469,2000,1,32185.0
108473,Honda,Diesel,Automatic,Second,2014,3000,1000,0,15736.0
108474,Volkswagen,Petrol,Automatic,First,2025,101152,1200,1,23907.0
108475,Nissan,Petrol,Automatic,Second,2015,47841,1600,0,14917.0
108476,Kia,Diesel,Automatic,First,2021,31842,3000,0,31559.0
108477,Kia,Petrol,Manual,First,2019,53860,1600,0,18548.0
108478,BMW,Diesel,Manual,First,2020,90355,3500,1,41087.0
108479,Audi,Diesel,Manual,Third,2018,65960,1400,3,23591.0
108480,BMW,Electric,Automatic,Second,2013,69317,1000,1,28020.0
108481,Volkswagen,Hybrid,Automatic,Second,2020,64128,2500,0,32547.0
108482,Honda,Diesel,Automatic,First,2017,105769,1600,0,22743.0
108483,Kia,Petrol,Manual,Second,2017,13106,1200,0,19159.0
108484,Honda,Petrol,Automatic,Second,2024,65059,2200,0,29428.0
108485,Toyota,Petrol,Manual,First,2017,84182,1000,0,15930.0
108486,Nissan,Petrol,Automatic,Third,2012,71852,1400,0,8897.0
108487,Ford,Electric,Manual,Second,2020,107037,3500,0,35363.0
108488,Volkswagen,Diesel,Manual,Third,2017,71254,1800,0,18407.0
108489,Ford,Petrol,Automatic,Second,2018,54268,2200,0,21914.0
108490,Volkswagen,Petrol,Manual,Second,2012,45349,1400,0,14695.0
108491,Hyundai,Diesel,Manual,Third,2024,16764,1600,0,22644.0
108492,Nissan,Diesel,Manual,First,2016,45691,1800,0,21466.0
108493,Toyota,Petrol,Manual,Second,2014,28237,3500,0,27560.0
108494,Nissan,Electric,Automatic,First,2020,61600,1200,0,29301.0
108495,Audi,Petrol,Manual,Second,2013,7896,3000,0,31240.0
108496,Volkswagen,Petrol,Manual,Second,2015,67507,2200,0,17434.0
108497,Ford,Petrol,Automatic,Second,2014,52409,1200,0,15056.0
108498,Volkswagen,Diesel,Automatic,Second,2020,100994,2000,0,23710.0
108499,Audi,Petrol,Automatic,First,2014,82149,2200,1,27042.0
108500,Volkswagen,Petrol,Automatic,First,2025,100413,3500,0,35787.0
108501,Nissan,Petrol,Manual,First,2025,66788,1600,0,30326.0
108502,Mercedes,Diesel,Automatic,First,2025,92977,1600,0,40177.0
108503,Volkswagen,Petrol,Automatic,Second,2012,66604,2500,1,15889.0
108504,Hyundai,Petrol,Automatic,Second,2019,39381,1200,0,18617.0
108505,Hyundai,Petrol,Automatic,First,2012,50171,1200,0,13246.0
108506,Kia,Petrol,Automatic,First,2022,81798,1200,0,25015.0
108507,Hyundai,Diesel,Automatic,First,2012,79520,1200,0,4511.0
108508,Volkswagen,Petrol,Automatic,Second,2018,72300,2200,0,24159.0
108509,Volkswagen,Petrol,Manual,Second,2020,67408,1600,0,24073.0
108510,Mercedes,Diesel,Automatic,First,2015,71942,1800,0,27540.0
108511,Hyundai,Petrol,Automatic,Second,2021,39651,2500,1,24916.0
108512,Honda,Petrol,Automatic,First,2024,69598,2200,1,33333.0
108513,Volkswagen,Petrol,Automatic,Second,2015,55315,2500,1,21590.0
108514,Toyota,Electric,Automatic,First,2016,59891,1800,2,26034.0
108515,Toyota,Diesel,Automatic,Third,2016,7393,2500,0,28516.0
108516,Ford,Hybrid,Automatic,First,2013,76828,1000,0,12568.0
108517,Mercedes,Hybrid,Automatic,Second,2023,24313,1800,1,41048.0
108518,Audi,Electric,Automatic,First,2020,25379,3500,1,49287.0
108519,Honda,Hybrid,Manual,First,2021,77082,1200,0,27129.0
108520,Volkswagen,Diesel,Automatic,First,2020,15278,1800,0,30974.0
108521,Nissan,Petrol,Manual,First,2020,88304,1200,1,14183.0
108522,BMW,Petrol,Manual,Second,2025,41739,2000,0,39174.0
108523,BMW,Diesel,Manual,First,2020,82024,3000,1,36312.0
108524,Audi,Electric,Automatic,Second,2012,24764,1200,0,30123.0
108525,Kia,Diesel,Manual,Second,2019,49415,3500,0,24858.0
108526,Nissan,Diesel,Automatic,First,2019,87792,1200,1,18458.0
108527,BMW,Diesel,Automatic,First,2023,57742,3500,0,40406.0
108528,Audi,Petrol,Automatic,Third,2024,36993,1400,1,35652.0
108529,BMW,Petrol,Manual,First,2024,78502,3500,0,44929.0
108530,Mercedes,Diesel,Automatic,First,2015,3000,1800,1,33545.0
108531,Ford,Petrol,Manual,Second,2024,98936,3500,0,31369.0
108532,Kia,Diesel,Automatic,First,2025,31320,3000,1,36254.0
108533,Mercedes,Hybrid,Manual,First,2021,110053,1400,1,32087.0
108534,Nissan,Hybrid,Manual,First,2012,86742,3000,0,20946.0
108535,Audi,Petrol,Manual,Third,2012,55989,3000,1,23051.0
108536,Honda,Hybrid,Automatic,First,2025,77927,3000,1,39526.0
108537,Nissan,Petrol,Manual,Third,2012,10382,1600,2,10333.0
108538,Nissan,Petrol,Manual,First,2014,41362,3500,0,21751.0
108539,Hyundai,Diesel,Automatic,First,2021,50113,2000,0,23602.0
108540,Honda,Petrol,Automatic,Third,2014,75632,1200,1,10707.0
108541,Toyota,Petrol,Manual,First,2015,63848,1000,0,14118.0
108542,Hyundai,Petrol,Automatic,First,2022,55934,1200,0,20409.0
108543,Audi,Diesel,Manual,First,2024,50926,1600,1,36620.0
108544,Toyota,Petrol,Automatic,Third,2024,59235,2200,0,31429.0
108545,BMW,Diesel,Automatic,First,2013,64137,1200,2,22912.0
108546,BMW,Diesel,Automatic,Second,2022,86429,3500,0,41949.0
108547,Nissan,Diesel,Automatic,First,2022,76348,1000,1,21810.0
108548,Hyundai,Hybrid,Automatic,First,2020,78170,1400,1,21634.0
108549,Volkswagen,Petrol,Manual,First,2021,110844,2200,0,22297.0
108550,Honda,Petrol,Automatic,Third,2020,79505,1400,0,22281.0
108551,Toyota,Petrol,Manual,Second,2021,68391,1200,0,22586.0
108552,Honda,Petrol,Manual,Second,2018,87017,1000,0,14315.0
108553,Hyundai,Diesel,Automatic,First,2013,60040,1400,0,13548.0
108554,Nissan,Petrol,Automatic,First,2014,65117,2200,0,19259.0
108555,Mercedes,Petrol,Automatic,Second,2025,104695,1400,0,38568.0
108556,BMW,Hybrid,Automatic,Second,2019,70269,1800,2,34040.0
108557,Toyota,Diesel,Automatic,Second,2020,85851,2000,0,25479.0
108558,Toyota,Diesel,Automatic,First,2015,102485,1800,0,19982.0
108559,Audi,Hybrid,Manual,Third,2020,118946,1000,0,28084.0
108560,Toyota,Hybrid,Automatic,First,2015,11538,1800,1,27211.0
108561,Hyundai,Diesel,Automatic,First,2024,15111,1400,0,29712.0
108562,Toyota,Petrol,Manual,Third,2013,31238,2500,1,20974.0
108563,Toyota,Electric,Manual,Second,2018,13056,1800,0,30896.0
108564,Honda,Diesel,Manual,First,2020,168804,2500,0,21094.0
108565,Nissan,Petrol,Manual,Second,2013,99193,3000,1,14333.0
108566,Ford,Petrol,Automatic,First,2019,48842,1200,0,23650.0
108567,Toyota,Diesel,Manual,First,2017,68788,1600,1,21402.0
108568,Volkswagen,Electric,Manual,Second,2020,40668,3500,2,34844.0
108569,Nissan,Petrol,Automatic,First,2016,28384,1000,0,15320.0
108570,Kia,Petrol,Automatic,First,2012,3000,3500,0,18301.0
108571,Audi,Hybrid,Automatic,First,2016,11197,3000,0,39951.0
108572,Honda,Electric,Automatic,First,2021,88457,3500,0,41262.0
108573,Audi,Petrol,Automatic,First,2018,47948,2500,1,33926.0
108574,Mercedes,Petrol,Automatic,Second,2022,37028,1200,0,33788.0
108575,Toyota,Diesel,Automatic,Second,2025,120342,2000,0,29678.0
108576,BMW,Petrol,Automatic,First,2018,76846,1800,0,35815.0
108577,Volkswagen,Hybrid,Automatic,Second,2015,102006,1800,0,18723.0
108578,Honda,Petrol,Manual,Second,2021,44395,1400,0,22706.0
108579,Audi,Petrol,Automatic,Second,2017,98200,1000,0,25404.0
108580,Toyota,Petrol,Automatic,First,2017,82218,2000,0,25234.0
108581,BMW,Petrol,Manual,First,2022,22954,2000,0,36727.0
108582,BMW,Petrol,Automatic,Second,2021,65003,1800,1,33433.0
108583,Mercedes,Petrol,Automatic,First,2021,6382,3000,1,41606.0
108584,Nissan,Hybrid,Automatic,First,2012,57427,3500,0,27665.0
108585,Volkswagen,Petrol,Manual,Second,2016,41685,3000,0,26238.0
108586,Ford,Electric,Automatic,First,2018,77462,3500,1,34594.0
108587,Volkswagen,Petrol,Automatic,Third,2016,53987,1000,0,17780.0
108588,Mercedes,Diesel,Automatic,Second,2019,102215,2200,0,33885.0
108589,Hyundai,Petrol,Manual,Second,2012,57310,2000,0,9868.0
108590,Nissan,Petrol,Manual,Second,2020,70278,1400,0,13892.0
108591,Honda,Diesel,Manual,First,2013,77101,1600,0,18828.0
108592,Nissan,Diesel,Manual,Second,2019,54427,1600,0,19531.0
108593,Mercedes,Hybrid,Automatic,Second,2016,102403,1600,0,33746.0
108594,Mercedes,Hybrid,Manual,First,2021,91462,2200,1,38887.0
108595,Honda,Diesel,Manual,Third,2018,76092,1600,0,17383.0
108596,Honda,Petrol,Manual,Second,2022,49736,3500,2,34146.0
108597,Honda,Hybrid,Manual,Third,2022,30447,2000,0,28988.0
108598,Nissan,Diesel,Automatic,Second,2018,65463,1000,0,18001.0
108599,Toyota,Electric,Manual,First,2012,61283,2500,0,27986.0
108600,Audi,Hybrid,Manual,First,2019,39474,1600,0,37636.0
108601,Kia,Petrol,Manual,First,2024,56121,1400,0,23789.0
108602,Honda,Petrol,Automatic,First,2014,28667,3000,0,25701.0
108603,Audi,Diesel,Manual,First,2024,113390,1200,0,29323.0
108604,Kia,Diesel,Manual,Second,2024,94527,2500,0,25927.0
108605,Nissan,Diesel,Automatic,Second,2015,26794,2000,0,18640.0
108606,Audi,Hybrid,Manual,First,2014,72704,2000,0,29763.0
108607,Honda,Petrol,Manual,First,2022,5046,3500,1,37156.0
108608,Ford,Petrol,Automatic,First,2013,55470,2000,1,17480.0
108609,Mercedes,Petrol,Automatic,Second,2018,58644,1200,0,26842.0
108610,Audi,Diesel,Automatic,Third,2021,41797,2200,1,35243.0
108611,BMW,Diesel,Automatic,Second,2025,39626,2500,1,41649.0
108612,BMW,Petrol,Automatic,First,2016,71939,2500,1,31694.0
108613,Audi,Diesel,Automatic,First,2018,50724,3500,0,38776.0
108614,Honda,Petrol,Automatic,Second,2012,82989,2200,1,14529.0
108615,Volkswagen,Petrol,Automatic,First,2021,104980,2200,0,22499.0
108616,Honda,Diesel,Automatic,Third,2013,75291,1800,0,15081.0
108617,Nissan,Petrol,Manual,First,2025,105656,1600,0,24895.0
108618,Honda,Diesel,Automatic,First,2017,42301,1600,1,24425.0
108619,Nissan,Hybrid,Manual,First,2024,64879,1200,0,27485.0
108620,Volkswagen,Hybrid,Automatic,Second,2017,98121,1600,1,17658.0
108621,Ford,Petrol,Automatic,First,2014,58616,2200,1,18832.0
108622,Nissan,Diesel,Automatic,First,2021,73542,1200,1,21655.0
108623,Hyundai,Diesel,Manual,First,2012,34488,2200,0,12098.0
108624,BMW,Hybrid,Manual,First,2024,115254,3000,0,40583.0
108625,Mercedes,Hybrid,Manual,Third,2014,42274,3500,0,38118.0
108626,BMW,Petrol,Automatic,First,2015,70708,1400,1,27581.0
108627,Nissan,Petrol,Manual,First,2012,44102,2500,0,20003.0
108628,Hyundai,Diesel,Automatic,First,2025,27969,1800,0,29698.0
108629,Toyota,Diesel,Manual,First,2018,77632,3500,1,30015.0
108630,Ford,Petrol,Automatic,Second,2014,117145,3500,1,22240.0
108631,Ford,Petrol,Automatic,First,2019,41842,3500,1,27728.0
108632,Toyota,Diesel,Automatic,Second,2024,33352,1600,0,33978.0
108633,Mercedes,Petrol,Manual,Third,2018,47332,2500,0,31815.0
108634,Volkswagen,Petrol,Automatic,First,2023,54164,3500,0,34825.0
108635,Kia,Petrol,Automatic,Second,2025,77108,1000,0,20148.0
108636,Hyundai,Petrol,Automatic,Third,2017,7472,2200,0,15989.0
108637,Nissan,Diesel,Manual,First,2019,98767,3000,0,23978.0
108638,Kia,Petrol,Automatic,First,2020,106431,2200,0,18415.0
108639,Mercedes,Petrol,Manual,Second,2013,76231,3000,0,32736.0
108640,Volkswagen,Petrol,Manual,Second,2021,31919,2200,1,28063.0
108641,Ford,Petrol,Manual,First,2020,97581,1200,0,18907.0
108642,Nissan,Diesel,Manual,First,2021,50658,1800,2,21578.0
108643,Nissan,Petrol,Manual,Second,2016,70145,1600,0,16729.0
108644,Volkswagen,Diesel,Automatic,First,2012,63515,3500,0,23133.0
108645,BMW,Petrol,Automatic,Second,2012,28886,2500,1,27617.0
108646,Hyundai,Petrol,Manual,Second,2018,123387,3500,0,16714.0
108647,Volkswagen,Petrol,Automatic,Second,2017,25489,3000,1,27248.0
108648,Honda,Petrol,Automatic,Second,2021,65379,3000,0,34680.0
108649,Honda,Diesel,Manual,Second,2025,69430,1400,1,23959.0
108650,Volkswagen,Diesel,Automatic,Second,2020,66723,1400,0,25124.0
108651,Ford,Hybrid,Manual,First,2023,72334,1800,0,28452.0
108652,Volkswagen,Petrol,Automatic,Second,2012,65223,1200,2,11893.0
108653,Audi,Petrol,Automatic,Second,2021,76757,1600,1,26419.0
108654,Mercedes,Petrol,Automatic,Second,2021,35152,1400,0,34297.0
108655,Honda,Hybrid,Automatic,Second,2021,29635,2000,0,34147.0
108656,Kia,Petrol,Manual,Second,2021,98418,1000,0,14769.0
108657,Volkswagen,Petrol,Automatic,First,2018,79269,1800,0,22463.0
108658,Honda,Petrol,Automatic,Third,2024,60245,1600,0,29263.0
108659,Mercedes,Petrol,Manual,First,2019,104463,1000,0,27842.0
108660,Mercedes,Electric,Automatic,Third,2021,80691,1600,0,41237.0
108661,Kia,Diesel,Automatic,First,2015,86908,2200,0,18439.0
108662,Nissan,Hybrid,Automatic,First,2012,109610,1400,0,13048.0
108663,Audi,Diesel,Automatic,Second,2022,69051,1800,0,34896.0
108664,Volkswagen,Diesel,Automatic,Second,2022,53742,2500,0,30506.0
108665,Toyota,Petrol,Manual,Second,2024,52392,1400,0,25474.0
108666,Volkswagen,Diesel,Automatic,First,2014,3000,1400,0,19921.0
108667,Nissan,Petrol,Automatic,Second,2013,33803,2500,0,15505.0
108668,Hyundai,Petrol,Automatic,Second,2014,87614,1400,1,9669.0
108669,BMW,Diesel,Automatic,First,2023,40434,1200,0,36355.0
108670,Ford,Hybrid,Manual,Third,2017,52624,1200,0,19293.0
108671,Nissan,Diesel,Automatic,Second,2021,86563,2500,0,27758.0
108672,Mercedes,Diesel,Manual,First,2014,69048,2000,0,30673.0
108673,Toyota,Petrol,Automatic,First,2021,70688,3500,0,35838.0
108674,Ford,Petrol,Manual,Second,2024,105529,1400,0,22488.0
108675,Honda,Petrol,Automatic,Second,2015,87357,3500,0,21415.0
108676,Volkswagen,Diesel,Automatic,First,2012,3000,3500,1,25400.0
108677,Ford,Electric,Automatic,Second,2017,113347,1000,0,20395.0
108678,Honda,Petrol,Automatic,Second,2013,55565,2000,1,16782.0
108679,BMW,Petrol,Automatic,First,2015,84081,3000,0,32267.0
108680,Honda,Diesel,Automatic,First,2016,70998,2000,0,21107.0
108681,Toyota,Hybrid,Manual,Second,2016,40398,1000,0,20684.0
108682,Mercedes,Diesel,Automatic,Second,2015,77740,2000,1,28853.0
108683,Nissan,Petrol,Automatic,Second,2014,46998,3000,0,21301.0
108684,Kia,Electric,Manual,Second,2015,53796,2000,0,19636.0
108685,Nissan,Hybrid,Automatic,Second,2014,86742,1400,0,14431.0
108686,Nissan,Petrol,Manual,Second,2014,42585,1200,0,12438.0
108687,Honda,Electric,Automatic,First,2015,5932,2500,0,30946.0
108688,Volkswagen,Diesel,Automatic,First,2024,39299,1200,0,28062.0
108689,Ford,Petrol,Automatic,Second,2020,102912,2200,0,21999.0
108690,Kia,Diesel,Manual,Second,2020,93689,1400,0,12443.0
108691,Kia,Hybrid,Manual,First,2019,79979,1800,0,21476.0
108692,Ford,Diesel,Manual,Second,2015,76297,1400,0,13582.0
108693,Ford,Petrol,Automatic,Second,2013,124904,1400,2,9944.0
108694,Mercedes,Electric,Manual,First,2023,102979,2200,0,48225.0
108695,Toyota,Petrol,Automatic,Second,2020,42053,2200,0,29187.0
108696,BMW,Diesel,Automatic,First,2017,78799,2200,0,32976.0
108697,Toyota,Diesel,Manual,Second,2019,83761,1600,0,20451.0
108698,Ford,Petrol,Automatic,Second,2015,43710,2500,0,22195.0
108699,Volkswagen,Petrol,Automatic,Second,2019,77201,3000,0,30565.0
108700,Audi,Hybrid,Automatic,First,2017,41369,1000,0,31773.0
108701,Audi,Petrol,Manual,First,2017,63026,2200,0,29219.0
108702,BMW,Diesel,Automatic,First,2017,59319,2500,0,36128.0
108703,Ford,Diesel,Automatic,Second,2024,102856,1200,3,20444.0
108704,Audi,Diesel,Manual,First,2020,94712,2000,1,31834.0
108705,BMW,Diesel,Automatic,First,2012,37461,1800,0,29599.0
108706,Kia,Petrol,Automatic,Third,2012,126293,1600,0,5048.0
108707,BMW,Petrol,Manual,First,2016,84734,1600,1,25590.0
108708,Kia,Hybrid,Manual,First,2012,22270,3500,0,29472.0
108709,Mercedes,Diesel,Automatic,Second,2021,36360,2000,0,35594.0
108710,Audi,Petrol,Automatic,Second,2020,26105,1000,0,33618.0
108711,BMW,Electric,Automatic,First,2015,50645,1000,0,33165.0
108712,BMW,Hybrid,Automatic,Second,2013,117217,1600,0,23622.0
108713,BMW,Petrol,Automatic,First,2014,63430,1400,0,26456.0
108714,Volkswagen,Electric,Automatic,First,2020,73611,1800,0,29082.0
108715,BMW,Diesel,Automatic,First,2022,123888,3500,0,41367.0
108716,Volkswagen,Petrol,Manual,First,2019,37837,3500,0,31414.0
108717,Nissan,Petrol,Manual,Second,2014,75265,1800,1,11263.0
108718,Mercedes,Diesel,Manual,First,2024,97852,1000,0,34770.0
108719,Nissan,Hybrid,Manual,Second,2019,38442,1800,0,23515.0
108720,Hyundai,Petrol,Automatic,First,2015,90042,2000,1,14430.0
108721,Nissan,Petrol,Automatic,First,2017,72400,1600,0,19553.0
108722,Ford,Petrol,Manual,First,2015,24169,3500,1,29238.0
108723,Kia,Diesel,Manual,First,2022,92084,1200,0,20089.0
108724,Ford,Petrol,Manual,First,2016,75049,3500,0,23781.0
108725,Toyota,Petrol,Automatic,Second,2021,67905,3000,1,33628.0
108726,Nissan,Diesel,Automatic,Second,2020,75969,3000,1,24080.0
108727,Audi,Hybrid,Automatic,Second,2025,113420,3000,0,42726.0
108728,Honda,Diesel,Automatic,Second,2013,65645,3000,0,20017.0
108729,Nissan,Petrol,Automatic,First,2020,41008,3500,0,33307.0
108730,Mercedes,Petrol,Automatic,Second,2014,26218,2200,0,36289.0
108731,Nissan,Petrol,Manual,Second,2016,41963,1200,1,14049.0
108732,Volkswagen,Electric,Automatic,First,2018,37758,2200,0,32972.0
108733,Toyota,Hybrid,Automatic,Third,2024,45214,1000,0,34363.0
108734,BMW,Petrol,Manual,First,2025,59616,2000,0,40630.0
108735,Toyota,Petrol,Automatic,First,2025,87872,2000,0,35922.0
108736,Toyota,Diesel,Automatic,First,2023,36523,1800,0,31621.0
108737,Kia,Diesel,Automatic,Second,2025,38374,2200,0,28994.0
108738,Honda,Diesel,Manual,Third,2023,59881,1400,0,27589.0
108739,Toyota,Hybrid,Automatic,Third,2013,64665,2200,0,22442.0
108740,Kia,Hybrid,Manual,Second,2025,88629,2000,1,24539.0
108741,BMW,Diesel,Automatic,Second,2015,71685,1400,0,25358.0
108742,Ford,Hybrid,Automatic,First,2012,78438,2000,0,18856.0
108743,BMW,Hybrid,Automatic,First,2024,69555,1000,0,43486.0
108744,Audi,Hybrid,Automatic,Second,2024,23230,1200,1,39129.0
108745,Toyota,Electric,Automatic,First,2022,17658,3500,1,43442.0
108746,Toyota,Petrol,Manual,First,2014,3000,1600,0,21064.0
108747,Ford,Petrol,Automatic,First,2025,28464,1800,2,28574.0
108748,Mercedes,Hybrid,Manual,First,2017,55248,1400,0,34992.0
108749,Toyota,Hybrid,Manual,First,2013,72995,1600,1,17606.0
108750,Honda,Electric,Manual,First,2019,3000,1200,0,33670.0
108751,Hyundai,Petrol,Automatic,First,2018,39789,2500,0,21866.0
108752,Toyota,Diesel,Manual,First,2014,48279,1800,0,23763.0
108753,Hyundai,Petrol,Automatic,First,2012,48445,1000,1,10232.0
108754,BMW,Diesel,Automatic,Second,2023,48729,1600,1,34045.0
108755,Nissan,Petrol,Manual,Second,2023,22233,3500,0,33324.0
108756,Mercedes,Petrol,Automatic,Second,2021,57172,1200,1,36373.0
108757,Kia,Petrol,Manual,Second,2015,36801,3000,0,18690.0
108758,Volkswagen,Diesel,Automatic,First,2024,102284,1800,0,26162.0
108759,Mercedes,Petrol,Automatic,Second,2015,98000,2000,1,28389.0
108760,Volkswagen,Petrol,Automatic,Third,2022,38688,3000,0,33051.0
108761,BMW,Petrol,Automatic,First,2016,42402,3000,0,35906.0
108762,Mercedes,Petrol,Automatic,First,2014,117613,1400,1,24873.0
108763,Kia,Electric,Automatic,Second,2022,22098,3000,0,37202.0
108764,Volkswagen,Petrol,Manual,First,2013,66303,1600,0,13003.0
108765,Ford,Petrol,Manual,Third,2013,108970,1000,0,3500.0
108766,Honda,Hybrid,Manual,Second,2019,37156,2500,0,33220.0
108767,Mercedes,Diesel,Manual,First,2024,16689,1200,0,38613.0
108768,BMW,Diesel,Automatic,First,2018,48267,3500,0,42527.0
108769,Toyota,Diesel,Manual,Second,2023,56388,1600,0,25724.0
108770,Kia,Electric,Automatic,First,2025,69371,1400,0,29871.0
108771,Volkswagen,Petrol,Automatic,Second,2025,67889,3000,0,38644.0
108772,Volkswagen,Electric,Manual,First,2012,76160,1800,0,21854.0
108773,Honda,Hybrid,Automatic,Third,2023,3000,1200,1,31994.0
108774,Volkswagen,Diesel,Manual,First,2024,66147,1600,0,26278.0
108775,Hyundai,Diesel,Automatic,Second,2020,42692,1800,0,23416.0
108776,Audi,Diesel,Automatic,First,2014,103662,2000,0,26752.0
108777,Hyundai,Petrol,Automatic,First,2014,86871,2500,1,17140.0
108778,Volkswagen,Petrol,Automatic,Second,2012,93749,3000,0,16973.0
108779,Kia,Electric,Manual,First,2022,94335,3000,0,33371.0
108780,Mercedes,Diesel,Manual,First,2015,68876,1000,2,21760.0
108781,BMW,Petrol,Automatic,First,2021,50477,1000,0,31529.0
108782,Toyota,Hybrid,Automatic,First,2025,59941,1400,0,38727.0
108783,Mercedes,Diesel,Automatic,First,2023,92631,2500,0,43488.0
108784,Ford,Petrol,Manual,Second,2022,55886,1800,0,24523.0
108785,Mercedes,Diesel,Automatic,First,2013,67054,3500,0,36742.0
108786,Mercedes,Diesel,Manual,First,2023,61701,2000,0,37086.0
108787,BMW,Petrol,Manual,First,2025,56732,2500,0,44600.0
108788,Honda,Electric,Manual,Second,2014,102328,1600,1,18124.0
108789,Volkswagen,Petrol,Automatic,Second,2023,48943,3000,0,36472.0
108790,Honda,Diesel,Manual,Second,2022,31050,3500,0,35122.0
108791,Ford,Petrol,Automatic,Second,2024,85127,1600,0,25430.0
108792,Nissan,Diesel,Manual,Second,2012,60273,3500,0,18400.0
108793,Toyota,Petrol,Manual,First,2014,47422,3500,0,24631.0
108794,Hyundai,Petrol,Automatic,First,2025,50362,1800,0,28359.0
108795,Toyota,Hybrid,Manual,First,2015,54241,2000,0,24121.0
108796,Volkswagen,Petrol,Manual,First,2017,42756,2000,0,23089.0
108797,Toyota,Hybrid,Manual,Second,2014,111637,2500,0,17880.0
108798,Audi,Diesel,Manual,Second,2022,97683,3000,1,38070.0
108799,Hyundai,Electric,Automatic,Second,2017,26260,1000,0,22952.0
108800,Ford,Diesel,Automatic,First,2023,46288,1400,0,26249.0
108801,Volkswagen,Petrol,Manual,Second,2023,54035,2200,0,26805.0
108802,Kia,Petrol,Automatic,First,2013,3000,1400,1,15537.0
108803,Ford,Hybrid,Automatic,First,2025,44709,1800,2,29721.0
108804,Audi,Hybrid,Automatic,Third,2025,78973,1600,0,38254.0
108805,Hyundai,Petrol,Automatic,First,2022,58420,1800,0,23204.0
108806,BMW,Diesel,Automatic,First,2019,103117,1400,0,29348.0
108807,Audi,Diesel,Automatic,Second,2016,76977,1400,1,23862.0
108808,Ford,Electric,Automatic,Second,2012,107009,3500,0,23378.0
108809,Volkswagen,Electric,Manual,First,2017,84819,2500,0,27012.0
108810,Nissan,Electric,Manual,Second,2014,60653,1400,0,19721.0
108811,Volkswagen,Hybrid,Automatic,Third,2015,34116,2500,0,27670.0
108812,Hyundai,Electric,Automatic,First,2021,29762,1800,0,32682.0
108813,Nissan,Petrol,Manual,First,2019,74228,1000,0,15621.0
108814,Honda,Hybrid,Manual,Second,2019,92429,1200,0,21884.0
108815,Hyundai,Diesel,Manual,First,2022,69275,2200,0,22378.0
108816,Hyundai,Electric,Manual,First,2024,78292,1000,0,27681.0
108817,Audi,Diesel,Manual,Second,2019,85464,1200,1,26035.0
108818,Volkswagen,Petrol,Automatic,Second,2023,52842,1000,0,22297.0
108819,Ford,Diesel,Automatic,First,2016,79127,3500,0,26320.0
108820,BMW,Diesel,Automatic,First,2024,81099,2200,0,41293.0
108821,Toyota,Petrol,Manual,Second,2025,31703,1200,0,30900.0
108822,Mercedes,Petrol,Automatic,First,2012,69938,3500,0,33381.0
108823,BMW,Diesel,Manual,Second,2020,77458,1400,1,26680.0
108824,Toyota,Petrol,Manual,Second,2025,76149,2200,0,30710.0
108825,Honda,Petrol,Manual,First,2022,73178,1000,0,25524.0
108826,Ford,Petrol,Automatic,Third,2020,88522,1600,0,18783.0
108827,Volkswagen,Electric,Automatic,Third,2019,130967,2200,0,24363.0
108828,Kia,Hybrid,Manual,First,2022,70826,1200,0,19653.0
108829,Hyundai,Petrol,Automatic,First,2014,112454,1600,0,11382.0
108830,BMW,Hybrid,Automatic,First,2017,14055,3000,0,44163.0
108831,Toyota,Diesel,Manual,First,2018,69279,2200,2,25802.0
108832,Kia,Petrol,Manual,First,2015,17712,1400,0,14512.0
108833,BMW,Petrol,Automatic,First,2023,49817,1400,1,37660.0
108834,Ford,Diesel,Manual,First,2021,115653,1600,0,20610.0
108835,Volkswagen,Diesel,Automatic,First,2018,89055,1600,0,21819.0
108836,Nissan,Hybrid,Automatic,First,2020,68258,2500,1,29020.0
108837,BMW,Petrol,Manual,First,2017,99285,2000,0,26354.0
108838,BMW,Petrol,Manual,First,2013,72564,2000,0,26790.0
108839,Volkswagen,Electric,Automatic,First,2017,53054,2500,0,32537.0
108840,Honda,Petrol,Automatic,Third,2024,14012,2500,0,38293.0
108841,Audi,Diesel,Automatic,First,2014,77734,2500,0,30225.0
108842,BMW,Petrol,Manual,Third,2018,36058,1000,0,26699.0
108843,Volkswagen,Petrol,Manual,First,2014,64653,2500,0,17179.0
108844,Audi,Petrol,Automatic,Second,2023,61610,1800,0,37606.0
108845,Volkswagen,Petrol,Automatic,First,2024,53638,1400,0,31296.0
108846,Volkswagen,Petrol,Automatic,Second,2019,74618,2200,0,25478.0
108847,Honda,Petrol,Manual,First,2022,119123,1200,0,25536.0
108848,Volkswagen,Diesel,Manual,Third,2022,70004,3500,0,28649.0
108849,Ford,Diesel,Automatic,First,2016,62404,3500,0,25435.0
108850,BMW,Petrol,Manual,First,2024,58251,2000,1,38348.0
108851,Toyota,Hybrid,Automatic,First,2014,65630,1600,0,24137.0
108852,Toyota,Petrol,Automatic,Second,2024,96817,1000,0,26628.0
108853,Toyota,Petrol,Automatic,Third,2012,3000,2000,1,20066.0
108854,Volkswagen,Diesel,Automatic,First,2016,57195,1400,0,19104.0
108855,Kia,Diesel,Manual,Second,2021,3000,1600,1,22158.0
108856,Audi,Diesel,Manual,Second,2021,50681,1600,1,29962.0
108857,Audi,Petrol,Automatic,Second,2022,66648,2500,1,36296.0
108858,Volkswagen,Hybrid,Automatic,Second,2014,95328,2200,0,18007.0
108859,Ford,Diesel,Automatic,First,2015,88156,3000,0,23849.0
108860,Ford,Petrol,Automatic,First,2024,105387,2200,0,26219.0
108861,Hyundai,Petrol,Manual,Second,2021,54464,3000,0,25373.0
108862,Volkswagen,Hybrid,Manual,First,2015,37451,1000,0,18851.0
108863,Mercedes,Diesel,Automatic,Second,2014,47373,1600,0,27072.0
108864,Honda,Petrol,Automatic,Second,2017,84319,1000,0,18917.0
108865,Toyota,Petrol,Automatic,Second,2017,106874,2000,0,22691.0
108866,Honda,Petrol,Manual,First,2012,77870,1200,1,10083.0
108867,Toyota,Diesel,Automatic,First,2024,50325,3500,0,43498.0
108868,Nissan,Hybrid,Automatic,First,2015,23655,3000,0,26088.0
108869,Nissan,Petrol,Automatic,Third,2012,57931,1600,0,7920.0
108870,Volkswagen,Petrol,Automatic,First,2018,85379,1600,1,17430.0
108871,Nissan,Electric,Automatic,First,2018,27146,2000,0,31678.0
108872,Kia,Diesel,Manual,First,2017,124921,1800,2,7212.0
108873,Hyundai,Diesel,Manual,First,2022,58938,2000,1,24799.0
108874,Ford,Petrol,Automatic,First,2013,95133,3000,0,20670.0
108875,Kia,Diesel,Automatic,First,2015,32854,2000,0,23244.0
108876,Honda,Diesel,Manual,First,2023,51150,2000,1,29356.0
108877,Honda,Petrol,Manual,Third,2014,104858,1600,1,9898.0
108878,Nissan,Electric,Automatic,Second,2022,29561,2200,0,34295.0
108879,Ford,Hybrid,Manual,Second,2019,81516,1600,1,21614.0
108880,Hyundai,Diesel,Manual,First,2013,38929,1800,1,12657.0
108881,Toyota,Diesel,Automatic,Second,2021,37605,1600,1,30206.0
108882,Kia,Diesel,Automatic,Third,2013,62689,3000,1,12814.0
108883,Hyundai,Petrol,Manual,Third,2012,45163,2000,0,12623.0
108884,BMW,Petrol,Manual,First,2020,74193,3500,0,39101.0
108885,Audi,Hybrid,Automatic,Second,2014,57899,2000,0,33639.0
108886,Nissan,Diesel,Automatic,First,2019,42954,1800,1,24733.0
108887,Toyota,Hybrid,Automatic,First,2018,59383,3000,0,32686.0
108888,BMW,Petrol,Manual,First,2023,110610,1800,1,33928.0
108889,Toyota,Diesel,Automatic,Second,2012,36968,2500,1,20092.0
108890,Toyota,Diesel,Automatic,Second,2022,32901,2000,0,30900.0
108891,Nissan,Diesel,Manual,First,2017,35281,2000,0,17892.0
108892,Toyota,Hybrid,Automatic,Second,2019,36001,1400,0,27432.0
108893,Hyundai,Electric,Manual,First,2017,37494,3000,1,28522.0
108894,Hyundai,Petrol,Automatic,First,2020,25102,3500,0,31588.0
108895,BMW,Petrol,Automatic,First,2021,91416,1400,0,34479.0
108896,Honda,Petrol,Automatic,First,2025,70233,3000,0,36684.0
108897,Ford,Diesel,Manual,First,2014,63524,1200,0,14747.0
108898,Kia,Petrol,Manual,First,2017,137030,2500,1,12555.0
108899,Kia,Diesel,Automatic,Third,2021,82766,2200,0,17481.0
108900,Mercedes,Petrol,Manual,Second,2024,171621,1400,0,25660.0
108901,Nissan,Diesel,Manual,First,2025,103801,2200,1,23068.0
108902,Volkswagen,Hybrid,Automatic,Second,2015,28574,2500,1,24701.0
108903,Volkswagen,Diesel,Automatic,First,2021,24986,1600,0,28440.0
108904,BMW,Diesel,Automatic,First,2023,49542,3000,0,48394.0
108905,Toyota,Petrol,Manual,First,2014,54402,2500,0,21124.0
108906,Toyota,Petrol,Automatic,First,2019,103311,3500,0,33369.0
108907,Nissan,Diesel,Automatic,First,2018,52657,1200,0,17300.0
108908,Audi,Diesel,Automatic,First,2018,61674,2000,1,32845.0
108909,Honda,Electric,Automatic,First,2016,29970,1000,1,25658.0
108910,Mercedes,Electric,Automatic,Third,2023,84837,1000,1,41431.0
108911,Hyundai,Hybrid,Automatic,Third,2025,97940,3500,0,36938.0
108912,Toyota,Petrol,Automatic,Third,2012,88235,1000,0,14775.0
108913,Mercedes,Diesel,Automatic,Third,2017,68907,2200,1,30956.0
108914,Kia,Petrol,Manual,First,2017,95754,2200,0,16798.0
108915,Audi,Petrol,Automatic,Second,2014,81024,1000,0,21651.0
108916,Hyundai,Petrol,Automatic,First,2016,88691,1800,1,15557.0
108917,Nissan,Petrol,Automatic,Second,2020,41552,1800,1,23635.0
108918,Mercedes,Petrol,Automatic,Second,2018,56241,2000,0,34351.0
108919,BMW,Diesel,Manual,First,2019,83605,1600,0,31310.0
108920,Hyundai,Electric,Automatic,First,2020,51079,1200,0,30487.0
108921,Nissan,Petrol,Automatic,First,2017,126164,1600,0,18423.0
108922,Volkswagen,Electric,Automatic,First,2016,77717,1800,1,23822.0
108923,Nissan,Petrol,Automatic,Third,2021,82256,1400,0,19410.0
108924,Nissan,Petrol,Automatic,Second,2016,96619,1200,1,9998.0
108925,Hyundai,Diesel,Automatic,First,2016,73100,2000,1,17852.0
108926,Audi,Diesel,Automatic,First,2024,79140,3500,0,42502.0
108927,Hyundai,Petrol,Manual,First,2015,47693,1600,1,15306.0
108928,Ford,Petrol,Automatic,Third,2013,54888,2200,0,14225.0
108929,Honda,Diesel,Automatic,Third,2018,64903,2000,0,21055.0
108930,Audi,Petrol,Automatic,Second,2018,32130,2500,1,31199.0
108931,BMW,Diesel,Manual,Second,2019,113333,1800,1,23537.0
108932,Audi,Diesel,Automatic,Second,2019,30818,2000,0,33844.0
108933,Kia,Petrol,Automatic,First,2022,32774,3000,0,29870.0
108934,BMW,Hybrid,Automatic,Third,2019,65282,1800,1,31986.0
108935,Volkswagen,Petrol,Manual,First,2020,78588,3000,0,26103.0
108936,Hyundai,Diesel,Automatic,First,2017,43173,1400,0,19897.0
108937,Nissan,Hybrid,Manual,First,2015,49602,3000,1,24779.0
108938,Hyundai,Electric,Manual,Second,2013,56864,1200,0,15629.0
108939,Kia,Diesel,Manual,First,2016,65990,2500,0,16453.0
108940,Mercedes,Diesel,Automatic,Second,2017,84273,1000,1,24673.0
108941,Kia,Petrol,Manual,Second,2018,42526,3000,0,18410.0
108942,Ford,Diesel,Automatic,Second,2017,52317,2200,0,23577.0
108943,Nissan,Diesel,Automatic,Second,2015,76450,3500,2,22677.0
108944,Nissan,Petrol,Manual,First,2015,100403,1000,0,11619.0
108945,Toyota,Hybrid,Automatic,First,2018,92395,1000,0,23438.0
108946,Mercedes,Petrol,Manual,First,2012,76485,2500,0,27057.0
108947,Toyota,Hybrid,Automatic,First,2014,3273,3000,0,34065.0
108948,Volkswagen,Hybrid,Manual,Third,2021,38765,1200,2,25214.0
108949,Honda,Diesel,Automatic,Third,2025,41478,1400,0,31543.0
108950,Honda,Diesel,Manual,First,2025,95426,1200,0,26129.0
108951,Hyundai,Petrol,Automatic,Second,2013,33157,1000,0,12594.0
108952,Honda,Electric,Automatic,Second,2013,18920,1200,0,25879.0
108953,Nissan,Petrol,Manual,Third,2018,76669,2500,0,20630.0
108954,Kia,Diesel,Manual,First,2016,79898,1200,0,9055.0
108955,Mercedes,Diesel,Automatic,Second,2024,42351,3000,0,43598.0
108956,Hyundai,Electric,Automatic,First,2023,51744,1000,0,28190.0
108957,Hyundai,Hybrid,Automatic,First,2025,112968,2000,0,32176.0
108958,Mercedes,Diesel,Automatic,First,2014,23712,2000,0,33378.0
108959,Nissan,Petrol,Automatic,First,2020,33815,2000,0,23138.0
108960,Volkswagen,Petrol,Manual,First,2025,83347,2200,1,28887.0
108961,Volkswagen,Petrol,Automatic,First,2020,68457,1000,0,21673.0
108962,Hyundai,Hybrid,Automatic,Second,2014,62986,3000,2,22532.0
108963,Volkswagen,Diesel,Manual,Second,2013,18574,1800,1,15917.0
108964,Nissan,Hybrid,Automatic,Third,2014,36289,2500,0,22097.0
108965,Ford,Diesel,Automatic,First,2020,55655,1200,0,27472.0
108966,Ford,Diesel,Manual,Third,2024,121934,1800,0,20927.0
108967,Toyota,Petrol,Manual,Second,2019,49066,2200,1,27081.0
108968,Audi,Petrol,Manual,First,2014,20521,1400,0,24046.0
108969,BMW,Petrol,Manual,Second,2015,51676,2200,0,29119.0
108970,Honda,Diesel,Automatic,Second,2016,43493,2200,1,21575.0
108971,Volkswagen,Petrol,Automatic,First,2015,82298,3500,0,27853.0
108972,Ford,Diesel,Manual,Second,2023,3000,1200,0,24338.0
108973,Kia,Diesel,Automatic,Second,2022,44610,2500,0,28438.0
108974,Mercedes,Diesel,Automatic,Third,2023,107825,3000,0,43413.0
108975,Audi,Petrol,Manual,Third,2025,83689,2000,1,33428.0
108976,Toyota,Petrol,Manual,Second,2013,66894,2000,1,16469.0
108977,BMW,Petrol,Automatic,Second,2022,48281,2500,0,40256.0
108978,Ford,Diesel,Manual,Third,2020,85236,1800,1,14237.0
108979,Toyota,Petrol,Manual,Third,2013,84134,1000,1,8548.0
108980,Audi,Hybrid,Manual,Second,2016,31305,3500,0,38189.0
108981,Mercedes,Hybrid,Manual,Second,2022,97950,3000,0,41767.0
108982,Honda,Petrol,Automatic,First,2020,132013,1400,0,18386.0
108983,Ford,Diesel,Manual,Second,2019,52961,2200,0,22956.0
108984,Mercedes,Diesel,Manual,First,2012,34694,2000,0,26641.0
108985,BMW,Diesel,Manual,Second,2014,89102,1600,0,20626.0
108986,Volkswagen,Petrol,Manual,First,2021,92959,2200,1,21734.0
108987,Audi,Petrol,Automatic,First,2025,57131,3000,0,45243.0
108988,BMW,Petrol,Automatic,First,2020,28976,1600,0,33981.0
108989,Honda,Petrol,Automatic,Second,2014,78051,2000,0,19445.0
108990,Mercedes,Hybrid,Manual,Second,2022,3000,1400,0,43151.0
108991,Nissan,Diesel,Manual,First,2025,69231,1400,0,23325.0
108992,Honda,Electric,Automatic,Second,2015,3000,2200,3,28652.0
108993,Hyundai,Petrol,Automatic,Third,2014,52224,3000,1,18819.0
108994,Ford,Petrol,Manual,First,2018,101194,1800,0,15927.0
108995,Volkswagen,Diesel,Automatic,Second,2020,129667,1400,1,19078.0
108996,Audi,Petrol,Automatic,First,2015,96511,2000,0,29639.0
108997,Kia,Petrol,Automatic,Third,2020,70047,2500,0,22777.0
108998,Mercedes,Diesel,Manual,First,2013,79426,1600,0,25547.0
108999,Nissan,Petrol,Manual,Third,2013,71901,2200,0,16088.0
109000,Kia,Diesel,Automatic,First,2020,34090,2200,1,23287.0
109001,Ford,Petrol,Automatic,First,2018,77693,1800,0,19636.0
109002,Ford,Diesel,Manual,First,2016,54508,3500,1,21601.0
109003,Audi,Hybrid,Manual,First,2016,88857,1200,0,28721.0
109004,Nissan,Petrol,Manual,Second,2024,99298,1600,1,19517.0
109005,Ford,Electric,Automatic,First,2020,51682,1800,0,30424.0
109006,Kia,Diesel,Automatic,First,2022,62777,1400,0,20676.0
109007,Nissan,Electric,Manual,Second,2015,72326,1600,0,20022.0
109008,Kia,Petrol,Automatic,Second,2022,71630,1800,1,19500.0
109009,Honda,Diesel,Automatic,Second,2025,131046,1000,0,21834.0
109010,BMW,Petrol,Manual,Second,2012,56700,1400,0,24366.0
109011,Nissan,Hybrid,Manual,Third,2017,8692,3000,1,24528.0
109012,Toyota,Diesel,Manual,Second,2025,58827,3000,1,34303.0
109013,BMW,Diesel,Manual,First,2014,122270,3000,0,28957.0
109014,BMW,Electric,Automatic,First,2025,77236,3000,0,52131.0
109015,Nissan,Petrol,Automatic,First,2013,68214,3000,0,22078.0
109016,Volkswagen,Petrol,Automatic,First,2015,28852,1600,1,21154.0
109017,Ford,Diesel,Automatic,Third,2020,60938,2200,0,22513.0
109018,Honda,Diesel,Automatic,Second,2019,110925,1000,0,18336.0
109019,Volkswagen,Petrol,Manual,First,2023,98084,1800,0,25381.0
109020,Volkswagen,Diesel,Automatic,First,2024,108402,1200,1,25169.0
109021,Toyota,Electric,Automatic,Second,2024,27742,3500,1,44920.0
109022,Mercedes,Diesel,Automatic,Third,2018,87166,1600,2,27267.0
109023,Nissan,Petrol,Automatic,First,2013,3447,3000,0,23266.0
109024,Kia,Petrol,Automatic,First,2012,62281,1800,0,10201.0
109025,Ford,Electric,Manual,Third,2024,74395,1200,1,26772.0
109026,Volkswagen,Diesel,Automatic,Third,2023,100301,1000,0,21731.0
109027,Honda,Electric,Manual,First,2018,92958,1200,0,27391.0
109028,Mercedes,Petrol,Manual,First,2023,102898,3500,0,43572.0
109029,Toyota,Diesel,Automatic,Second,2021,107083,1000,0,22746.0
109030,Hyundai,Diesel,Manual,Second,2025,62753,1400,0,23327.0
109031,Ford,Petrol,Automatic,First,2016,25053,2500,1,26230.0
109032,Hyundai,Diesel,Manual,Third,2022,81868,2200,0,21015.0
109033,BMW,Diesel,Manual,First,2019,90425,1000,0,28008.0
109034,Volkswagen,Diesel,Automatic,Second,2016,48729,3500,0,28364.0
109035,Audi,Hybrid,Automatic,Second,2021,67240,1400,1,33690.0
109036,Ford,Hybrid,Automatic,First,2016,85590,2200,0,25537.0
109037,Kia,Hybrid,Manual,First,2019,111027,1800,0,17576.0
109038,Mercedes,Hybrid,Automatic,First,2020,22858,2000,0,46029.0
109039,Honda,Diesel,Manual,Second,2013,101920,1800,1,12586.0
109040,Ford,Petrol,Automatic,First,2019,63218,2500,1,25062.0
109041,Kia,Hybrid,Manual,Second,2018,60059,1000,1,13362.0
109042,Nissan,Diesel,Automatic,Second,2019,102523,2200,0,20244.0
109043,Hyundai,Petrol,Automatic,Second,2014,48777,3000,0,19585.0
109044,Nissan,Diesel,Automatic,Third,2015,81093,3000,0,18591.0
109045,Mercedes,Petrol,Automatic,Second,2018,44252,1400,0,30140.0
109046,Toyota,Diesel,Automatic,Second,2016,58777,1600,0,20678.0
109047,Volkswagen,Petrol,Automatic,Second,2018,109263,1600,1,16455.0
109048,Ford,Petrol,Automatic,Second,2017,77750,2500,0,20335.0
109049,Audi,Electric,Automatic,First,2015,103451,2200,0,35286.0
109050,Hyundai,Hybrid,Automatic,Second,2013,3527,2500,2,21761.0
109051,Hyundai,Hybrid,Automatic,First,2023,104578,1800,1,25653.0
109052,Ford,Diesel,Automatic,Second,2017,34309,1400,3,14921.0
109053,BMW,Hybrid,Automatic,Second,2017,46151,3000,1,43606.0
109054,Nissan,Hybrid,Automatic,First,2025,51206,3000,0,39479.0
109055,Hyundai,Diesel,Manual,First,2017,76307,3500,0,27585.0
109056,Kia,Electric,Automatic,First,2012,76778,3500,0,25401.0
109057,Honda,Petrol,Manual,First,2017,83383,1200,0,16948.0
109058,Volkswagen,Electric,Automatic,Second,2013,76258,2500,0,28742.0
109059,Hyundai,Petrol,Manual,Second,2021,76696,1400,0,20141.0
109060,Kia,Diesel,Manual,First,2016,55850,3000,0,24345.0
109061,Mercedes,Petrol,Manual,First,2018,71816,1200,1,30693.0
109062,Mercedes,Diesel,Manual,Second,2021,78183,3000,1,36859.0
109063,Volkswagen,Diesel,Automatic,First,2012,22506,1200,0,13752.0
109064,BMW,Electric,Automatic,Third,2016,80996,2200,0,35091.0
109065,Audi,Electric,Automatic,First,2020,71635,2200,0,42005.0
109066,Volkswagen,Electric,Automatic,Second,2014,96622,2500,1,22233.0
109067,Toyota,Petrol,Automatic,First,2024,110208,1600,0,26451.0
109068,BMW,Electric,Automatic,First,2013,111951,1600,1,28119.0
109069,Hyundai,Diesel,Automatic,First,2021,3000,2500,0,29662.0
109070,Volkswagen,Hybrid,Automatic,Second,2013,39073,2000,1,20327.0
109071,Nissan,Petrol,Automatic,First,2014,34471,2000,1,17973.0
109072,Mercedes,Diesel,Automatic,Second,2012,65952,3500,0,35827.0
109073,Kia,Electric,Manual,First,2013,45219,1800,1,17952.0
109074,Volkswagen,Electric,Automatic,First,2017,94279,3500,0,36692.0
109075,Nissan,Diesel,Automatic,First,2019,44842,1400,2,17174.0
109076,BMW,Hybrid,Automatic,First,2015,71150,1200,1,27896.0
109077,Toyota,Petrol,Manual,First,2025,41490,2500,0,35459.0
109078,Kia,Diesel,Automatic,First,2013,69013,1000,0,6907.0
109079,Honda,Diesel,Manual,Second,2016,3000,1000,0,17516.0
109080,Toyota,Petrol,Automatic,Third,2024,45144,1800,0,31692.0
109081,Hyundai,Petrol,Automatic,Second,2023,12348,1800,0,28542.0
109082,Nissan,Petrol,Manual,First,2014,98294,1200,0,8484.0
109083,Volkswagen,Diesel,Manual,First,2016,68415,3500,1,25200.0
109084,Volkswagen,Petrol,Manual,First,2014,61406,2200,2,16377.0
109085,Ford,Diesel,Automatic,First,2022,53145,1000,0,24820.0
109086,Mercedes,Petrol,Manual,First,2015,59499,1600,0,28246.0
109087,Hyundai,Diesel,Automatic,First,2016,96781,1600,0,14323.0
109088,Nissan,Diesel,Automatic,First,2025,65050,1200,1,26170.0
109089,Volkswagen,Diesel,Automatic,First,2018,53243,1400,0,19125.0
109090,Honda,Diesel,Automatic,First,2013,12650,1200,0,21737.0
109091,Kia,Diesel,Manual,First,2017,48511,2000,0,17913.0
109092,Hyundai,Petrol,Automatic,First,2017,61443,1200,0,14227.0
109093,BMW,Hybrid,Manual,Second,2017,76173,2200,2,30264.0
109094,Honda,Petrol,Automatic,First,2018,80897,2000,1,25678.0
109095,Kia,Petrol,Automatic,First,2022,86341,3500,0,24916.0
109096,Audi,Diesel,Manual,First,2014,60844,1200,0,23430.0
109097,Mercedes,Petrol,Manual,First,2024,37869,1400,0,40210.0
109098,Hyundai,Hybrid,Manual,Second,2016,59532,2500,2,21400.0
109099,Nissan,Petrol,Manual,First,2025,36690,1000,0,22696.0
109100,Toyota,Diesel,Automatic,First,2023,10755,3000,0,39293.0
109101,Kia,Petrol,Manual,Second,2020,77439,1200,0,14416.0
109102,BMW,Petrol,Manual,Second,2025,6918,2500,2,46327.0
109103,Volkswagen,Petrol,Automatic,Second,2025,32146,2500,0,36543.0
109104,Toyota,Hybrid,Automatic,Second,2020,63349,2500,0,35285.0
109105,Honda,Electric,Automatic,First,2018,114495,1600,0,29430.0
109106,Mercedes,Diesel,Automatic,First,2020,44385,1200,0,32816.0
109107,Nissan,Hybrid,Manual,Second,2014,3000,1200,0,18716.0
109108,Toyota,Diesel,Automatic,Third,2023,60258,2200,0,32879.0
109109,BMW,Electric,Manual,Second,2018,62035,1000,1,35821.0
109110,Kia,Hybrid,Automatic,First,2012,36142,1200,1,13345.0
109111,Nissan,Petrol,Automatic,First,2025,57497,1400,0,23988.0
109112,Audi,Diesel,Manual,Second,2024,41604,2200,0,37824.0
109113,Volkswagen,Diesel,Automatic,First,2025,75288,2500,0,33681.0
109114,Mercedes,Petrol,Automatic,First,2018,42586,1600,0,34956.0
109115,Toyota,Petrol,Manual,Second,2014,42876,1600,2,20513.0
109116,Mercedes,Electric,Manual,First,2014,88511,3500,1,39242.0
109117,Mercedes,Electric,Automatic,Second,2025,58546,1000,0,43750.0
109118,Mercedes,Hybrid,Automatic,Second,2018,47055,1000,0,33161.0
109119,Kia,Electric,Automatic,First,2019,110294,2200,1,24899.0
109120,Mercedes,Hybrid,Manual,Second,2024,75232,3000,1,43796.0
109121,Audi,Petrol,Manual,Second,2015,13910,1200,0,22962.0
109122,Honda,Petrol,Automatic,First,2023,27993,3000,0,37715.0
109123,BMW,Petrol,Manual,First,2012,61760,2200,0,27552.0
109124,Nissan,Petrol,Automatic,First,2016,91295,2500,0,17946.0
109125,Audi,Petrol,Automatic,Third,2021,3000,1800,0,36277.0
109126,Nissan,Diesel,Automatic,First,2015,27004,1000,0,18820.0
109127,BMW,Hybrid,Automatic,First,2020,105861,2500,1,35138.0
109128,Honda,Hybrid,Automatic,First,2014,40539,3500,0,31473.0
109129,Hyundai,Diesel,Manual,First,2015,40716,1400,1,14095.0
109130,Nissan,Electric,Automatic,First,2021,21285,1800,0,32829.0
109131,Nissan,Diesel,Manual,First,2014,81306,2200,0,15360.0
109132,Honda,Hybrid,Manual,First,2014,14515,2200,0,27397.0
109133,Toyota,Diesel,Manual,Second,2018,61741,2200,2,18699.0
109134,Audi,Petrol,Automatic,Second,2016,78678,1200,0,22614.0
109135,Toyota,Electric,Automatic,Second,2016,67139,1200,0,26429.0
109136,Toyota,Petrol,Automatic,First,2025,71393,1400,0,32472.0
109137,Toyota,Diesel,Automatic,Second,2015,46621,2000,0,21204.0
109138,Mercedes,Petrol,Manual,First,2021,97515,3500,0,44539.0
109139,Volkswagen,Diesel,Automatic,First,2024,77037,1200,0,27471.0
109140,Nissan,Electric,Automatic,First,2019,21813,2200,0,31138.0
109141,Toyota,Petrol,Manual,First,2012,49295,3000,2,21503.0
109142,Audi,Hybrid,Manual,First,2022,122166,3000,0,40117.0
109143,Volkswagen,Petrol,Automatic,First,2020,75935,1200,0,21102.0
109144,Volkswagen,Petrol,Automatic,First,2022,86069,2500,0,26909.0
109145,Toyota,Petrol,Manual,First,2020,29134,2500,0,30268.0
109146,Kia,Hybrid,Automatic,First,2022,95233,2500,0,26398.0
109147,Toyota,Petrol,Automatic,Third,2016,3000,1200,0,21874.0
109148,Kia,Diesel,Automatic,Second,2012,74298,1400,0,9382.0
109149,Toyota,Petrol,Automatic,Second,2023,55546,1600,1,24391.0
109150,Audi,Petrol,Automatic,Second,2023,56520,2000,1,35814.0
109151,Kia,Hybrid,Automatic,First,2013,95760,1200,0,16322.0
109152,Mercedes,Petrol,Manual,Third,2013,31289,1800,1,25420.0
109153,Volkswagen,Petrol,Manual,Second,2017,72100,3000,2,20607.0
109154,Toyota,Petrol,Manual,First,2021,72832,2000,1,26621.0
109155,Volkswagen,Diesel,Automatic,First,2020,72576,2500,0,29835.0
109156,Toyota,Diesel,Automatic,First,2014,107445,1200,1,15248.0
109157,Nissan,Petrol,Manual,Second,2025,63819,1600,1,20946.0
109158,Nissan,Petrol,Automatic,First,2019,78436,2000,0,21397.0
109159,Ford,Petrol,Manual,Second,2013,96081,1600,1,8008.0
109160,Toyota,Petrol,Automatic,Second,2016,42391,3000,1,27287.0
109161,Ford,Hybrid,Manual,First,2023,60291,1200,1,26035.0
109162,Honda,Hybrid,Manual,Second,2015,26829,2200,1,25560.0
109163,Honda,Diesel,Automatic,Second,2016,81816,3000,0,22974.0
109164,Volkswagen,Petrol,Automatic,First,2015,68239,1200,0,19834.0
109165,Kia,Diesel,Automatic,First,2012,87069,2000,1,13751.0
109166,Toyota,Hybrid,Automatic,Second,2024,62621,1200,0,28863.0
109167,BMW,Diesel,Automatic,First,2012,48610,1800,0,28673.0
109168,Toyota,Hybrid,Manual,Second,2017,75907,2500,0,25662.0
109169,Toyota,Diesel,Automatic,First,2019,108220,1400,1,21260.0
109170,BMW,Diesel,Automatic,First,2018,82459,1800,2,29231.0
109171,Honda,Petrol,Automatic,Third,2015,22125,1400,0,21940.0
109172,Ford,Diesel,Automatic,First,2024,70662,1400,1,25311.0
109173,Volkswagen,Petrol,Automatic,First,2016,128786,1000,0,12349.0
109174,Honda,Hybrid,Manual,Second,2019,45194,1200,0,24535.0
109175,BMW,Hybrid,Manual,Second,2025,50415,2200,0,39894.0
109176,Toyota,Hybrid,Automatic,First,2017,6257,1600,0,27148.0
109177,Honda,Diesel,Automatic,Second,2019,62346,1000,0,22684.0
109178,Audi,Petrol,Manual,First,2017,51390,1600,2,26523.0
109179,Nissan,Petrol,Automatic,Second,2024,79255,3000,0,29244.0
109180,Toyota,Diesel,Automatic,First,2019,65331,2500,1,28654.0
109181,Hyundai,Hybrid,Automatic,First,2023,70586,2000,0,26583.0
109182,BMW,Diesel,Automatic,Second,2023,81610,2000,1,32085.0
109183,Mercedes,Petrol,Automatic,Second,2015,10466,1200,0,30137.0
109184,Kia,Electric,Manual,Second,2021,99350,1800,0,25993.0
109185,Mercedes,Electric,Automatic,First,2013,77446,3000,0,37664.0
109186,Honda,Petrol,Manual,Third,2014,94188,2500,0,17043.0
109187,Toyota,Diesel,Automatic,First,2016,77521,1600,0,22806.0
109188,Kia,Hybrid,Manual,First,2015,76683,2200,0,19461.0
109189,Kia,Diesel,Automatic,Third,2016,59543,3000,0,20582.0
109190,Volkswagen,Electric,Automatic,First,2025,50329,1800,0,36952.0
109191,Mercedes,Petrol,Manual,First,2012,91139,1200,0,22098.0
109192,Toyota,Diesel,Manual,Third,2012,78029,1200,0,9605.0
109193,Volkswagen,Diesel,Automatic,Third,2023,54672,2500,0,28527.0
109194,Ford,Hybrid,Manual,Second,2013,104986,2500,0,17413.0
109195,Mercedes,Hybrid,Automatic,First,2022,59408,2500,1,43478.0
109196,Nissan,Electric,Manual,First,2013,77125,1800,2,17303.0
109197,Nissan,Diesel,Manual,First,2024,30542,1200,0,24753.0
109198,Volkswagen,Hybrid,Automatic,First,2019,51564,3500,0,36712.0
109199,Ford,Petrol,Automatic,First,2021,31751,2500,0,32256.0
109200,Audi,Petrol,Automatic,First,2015,32081,1600,2,26580.0
109201,Audi,Petrol,Manual,First,2025,59101,3000,0,41969.0
109202,Nissan,Hybrid,Automatic,First,2017,48998,3500,0,33153.0
109203,Hyundai,Electric,Manual,Second,2013,93768,2000,0,17495.0
109204,BMW,Petrol,Automatic,First,2012,45894,3500,0,35455.0
109205,BMW,Petrol,Manual,Second,2023,79562,2200,1,34982.0
109206,Hyundai,Hybrid,Automatic,First,2018,42761,1400,0,20409.0
109207,Volkswagen,Diesel,Manual,First,2015,64665,1200,0,16701.0
109208,BMW,Electric,Manual,Second,2015,32083,1200,0,32064.0
109209,BMW,Petrol,Automatic,First,2013,84968,1400,1,22722.0
109210,Mercedes,Petrol,Automatic,First,2020,109338,2200,0,36161.0
109211,Mercedes,Diesel,Manual,Second,2013,30094,2500,0,29506.0
109212,Hyundai,Petrol,Automatic,First,2016,82342,1600,0,16879.0
109213,Toyota,Petrol,Manual,Third,2017,112859,1400,0,16101.0
109214,Ford,Petrol,Manual,Second,2014,40375,2200,0,20134.0
109215,Volkswagen,Petrol,Manual,First,2022,108793,1400,1,23406.0
109216,Mercedes,Petrol,Automatic,First,2025,66003,2500,0,44186.0
109217,Mercedes,Electric,Automatic,Second,2014,61577,1600,1,30479.0
109218,Audi,Petrol,Manual,Second,2017,56172,2500,0,31807.0
109219,Ford,Petrol,Automatic,Second,2016,56641,1200,0,16312.0
109220,Audi,Hybrid,Manual,Second,2016,28450,2500,1,35403.0
109221,Toyota,Diesel,Automatic,First,2016,47546,2500,0,25663.0
109222,Ford,Diesel,Automatic,First,2020,129128,3500,0,25995.0
109223,BMW,Diesel,Automatic,Second,2019,22194,1400,1,33099.0
109224,Audi,Hybrid,Manual,First,2015,70285,1200,0,29919.0
109225,Nissan,Hybrid,Automatic,Second,2017,62476,2200,1,20818.0
109226,Volkswagen,Diesel,Automatic,Second,2016,60495,3000,0,24875.0
109227,BMW,Hybrid,Manual,Second,2022,41064,3500,0,48236.0
109228,Ford,Diesel,Manual,First,2017,13014,1000,0,19387.0
109229,Nissan,Petrol,Manual,Second,2022,73372,1800,0,21070.0
109230,Toyota,Hybrid,Automatic,First,2019,45474,1400,0,30447.0
109231,Nissan,Diesel,Manual,Second,2017,67573,3000,0,22536.0
109232,Mercedes,Electric,Automatic,Second,2017,42591,2500,0,42728.0
109233,Hyundai,Petrol,Manual,First,2013,80326,3000,0,15743.0
109234,Nissan,Petrol,Manual,First,2018,63114,3000,1,23427.0
109235,Kia,Electric,Automatic,Second,2023,70541,3500,0,34981.0
109236,Toyota,Petrol,Automatic,First,2024,80107,1400,0,29375.0
109237,BMW,Electric,Manual,First,2023,65176,2200,0,45962.0
109238,Audi,Electric,Automatic,Third,2024,41367,1800,0,46234.0
109239,Honda,Hybrid,Manual,Second,2014,90693,2000,1,17157.0
109240,Toyota,Diesel,Automatic,Second,2023,120625,2500,0,30433.0
109241,Kia,Diesel,Manual,First,2023,76127,3500,1,26540.0
109242,Mercedes,Hybrid,Automatic,Third,2024,3000,2500,1,48970.0
109243,Audi,Hybrid,Automatic,Second,2024,39482,2200,0,46140.0
109244,Volkswagen,Diesel,Automatic,First,2018,58645,1000,1,17350.0
109245,Honda,Electric,Automatic,Second,2023,53370,1000,0,31891.0
109246,Nissan,Diesel,Automatic,First,2025,18078,2000,0,31005.0
109247,Kia,Electric,Automatic,First,2016,42174,3000,0,29142.0
109248,Nissan,Petrol,Automatic,First,2015,63934,2500,2,17289.0
109249,Volkswagen,Petrol,Manual,First,2021,71200,1000,1,22113.0
109250,Toyota,Diesel,Automatic,Second,2023,64390,2500,1,31914.0
109251,Hyundai,Petrol,Manual,First,2012,38425,1800,0,12800.0
109252,Kia,Hybrid,Automatic,Second,2023,27854,1200,1,24474.0
109253,Ford,Petrol,Automatic,First,2019,49763,2200,0,26664.0
109254,BMW,Electric,Automatic,First,2025,49975,1200,0,48070.0
109255,Ford,Petrol,Automatic,First,2013,77934,1600,0,13968.0
109256,Hyundai,Petrol,Automatic,First,2021,28648,1600,0,25540.0
109257,Volkswagen,Petrol,Automatic,First,2019,69624,1800,0,22605.0
109258,Ford,Diesel,Automatic,First,2025,62893,2000,1,34227.0
109259,Mercedes,Petrol,Automatic,Second,2018,52982,1200,2,27363.0
109260,Kia,Petrol,Automatic,Second,2014,76235,2500,0,17363.0
109261,Mercedes,Diesel,Automatic,Second,2025,51060,3000,0,45606.0
109262,Honda,Petrol,Automatic,Second,2022,95165,1400,2,22555.0
109263,Hyundai,Petrol,Manual,Second,2018,86296,2200,0,17962.0
109264,Honda,Hybrid,Automatic,First,2012,44447,1600,0,23361.0
109265,Honda,Petrol,Automatic,Third,2016,111600,3500,1,24161.0
109266,Honda,Petrol,Automatic,First,2024,5144,1600,0,35821.0
109267,Toyota,Petrol,Automatic,Second,2013,111098,1000,0,9660.0
109268,Toyota,Petrol,Automatic,Second,2013,106483,1800,0,16040.0
109269,Hyundai,Diesel,Manual,Second,2014,32059,2000,0,16674.0
109270,Audi,Petrol,Manual,Third,2018,55729,1800,0,29748.0
109271,Ford,Hybrid,Automatic,First,2013,31419,2000,1,21065.0
109272,Toyota,Electric,Automatic,First,2015,50966,1400,0,27888.0
109273,Nissan,Petrol,Automatic,First,2015,106072,1200,0,11408.0
109274,Mercedes,Electric,Automatic,First,2012,60110,1800,1,29442.0
109275,Toyota,Petrol,Manual,Second,2018,3700,2000,0,27847.0
109276,Volkswagen,Petrol,Manual,First,2015,86932,3500,0,25117.0
109277,Honda,Petrol,Automatic,Second,2012,71450,2000,0,17447.0
109278,Toyota,Petrol,Manual,Second,2014,29331,1800,0,16451.0
109279,Hyundai,Diesel,Automatic,First,2019,111727,1200,0,15041.0
109280,Mercedes,Petrol,Automatic,First,2015,85826,1000,0,23568.0
109281,Mercedes,Hybrid,Automatic,First,2012,55313,3500,1,33646.0
109282,Audi,Diesel,Automatic,Third,2018,72370,2000,0,28780.0
109283,BMW,Petrol,Manual,Second,2019,102871,1000,0,28642.0
109284,BMW,Diesel,Manual,First,2016,82218,1000,0,25365.0
109285,Ford,Electric,Automatic,First,2020,20272,2000,0,33590.0
109286,Nissan,Petrol,Automatic,First,2025,42880,1000,2,23749.0
109287,Kia,Petrol,Manual,First,2018,6476,1200,1,15581.0
109288,Hyundai,Diesel,Manual,Second,2015,58731,1000,1,10715.0
109289,Volkswagen,Diesel,Automatic,Second,2020,6340,2200,0,29231.0
109290,Toyota,Diesel,Automatic,First,2017,68019,1600,1,24903.0
109291,Hyundai,Petrol,Manual,Second,2022,89246,1600,0,18491.0
109292,Nissan,Diesel,Manual,First,2019,60485,1600,0,23307.0
109293,BMW,Diesel,Manual,First,2013,26675,1800,0,29566.0
109294,Hyundai,Diesel,Automatic,Second,2016,63398,3000,0,20672.0
109295,Toyota,Petrol,Automatic,First,2014,71812,1800,1,17732.0
109296,Audi,Diesel,Manual,First,2016,92365,3500,0,33944.0
109297,Ford,Petrol,Manual,Second,2019,44610,1200,0,16484.0
109298,Audi,Diesel,Automatic,First,2024,79970,2500,0,41276.0
109299,BMW,Electric,Automatic,First,2017,30255,2500,0,46629.0
109300,Honda,Diesel,Manual,Second,2012,37130,3000,0,22883.0
109301,BMW,Petrol,Manual,First,2018,102473,1600,1,26487.0
109302,Ford,Petrol,Manual,First,2021,122780,1400,0,18078.0
109303,Toyota,Hybrid,Automatic,First,2012,42172,3500,1,29992.0
109304,Nissan,Hybrid,Manual,First,2012,99550,2000,0,13909.0
109305,Kia,Diesel,Automatic,First,2015,85433,1000,0,11751.0
109306,Audi,Petrol,Manual,Second,2020,50082,2000,0,31570.0
109307,BMW,Diesel,Automatic,Second,2019,62371,1800,0,31695.0
109308,Nissan,Diesel,Manual,First,2021,80404,1000,3,13749.0
109309,Audi,Electric,Automatic,Second,2014,83460,2000,0,33761.0
109310,BMW,Diesel,Manual,First,2017,105377,1400,2,24515.0
109311,Ford,Diesel,Automatic,First,2012,36973,2500,0,20455.0
109312,Audi,Diesel,Automatic,Second,2021,91107,1400,0,33819.0
109313,BMW,Petrol,Manual,Second,2012,87376,1400,0,19156.0
109314,Toyota,Hybrid,Automatic,First,2017,109367,2200,1,23155.0
109315,Ford,Diesel,Automatic,First,2016,55038,1000,1,16307.0
109316,Nissan,Electric,Manual,First,2017,98663,3500,1,29341.0
109317,Nissan,Diesel,Automatic,First,2020,108609,3500,0,28745.0
109318,Kia,Petrol,Manual,First,2023,73545,2500,0,24760.0
109319,Hyundai,Diesel,Automatic,Second,2016,71937,1600,0,15944.0
109320,Honda,Petrol,Manual,First,2013,64953,1800,0,19140.0
109321,Toyota,Petrol,Manual,First,2025,90470,1800,0,32196.0
109322,Ford,Petrol,Manual,First,2012,98749,1600,1,9870.0
109323,Audi,Diesel,Manual,Second,2024,83136,1000,0,30534.0
109324,Nissan,Diesel,Automatic,First,2024,84728,1400,0,26028.0
109325,Toyota,Petrol,Manual,First,2022,44983,2500,0,31292.0
109326,Ford,Diesel,Manual,First,2024,45627,1200,0,26465.0
109327,Ford,Petrol,Automatic,Second,2025,28405,2500,0,34883.0
109328,Audi,Electric,Automatic,First,2013,125699,1600,0,28108.0
109329,Ford,Diesel,Manual,First,2019,53256,3000,0,25925.0
109330,Volkswagen,Diesel,Automatic,First,2012,85790,2500,0,15269.0
109331,Toyota,Petrol,Automatic,First,2017,36177,2500,0,31746.0
109332,BMW,Hybrid,Automatic,First,2016,50390,1600,1,29804.0
109333,Nissan,Diesel,Automatic,First,2021,29731,1200,0,24150.0
109334,Nissan,Electric,Manual,First,2022,39536,2500,0,36841.0
109335,BMW,Petrol,Automatic,Second,2020,67311,2200,0,33403.0
109336,Toyota,Petrol,Automatic,First,2015,74648,1200,0,22444.0
109337,Honda,Diesel,Manual,Second,2016,66427,2200,0,22685.0
109338,Toyota,Petrol,Automatic,First,2016,41095,1000,0,18202.0
109339,Mercedes,Petrol,Manual,Third,2022,59342,2000,0,36081.0
109340,Ford,Electric,Manual,Third,2013,91808,2200,1,20062.0
109341,Hyundai,Petrol,Manual,Second,2022,99279,1200,0,15653.0
109342,Audi,Electric,Manual,Third,2013,85845,1200,0,25929.0
109343,Volkswagen,Petrol,Automatic,First,2020,75179,2500,1,27768.0
109344,Hyundai,Diesel,Automatic,Second,2024,55981,1200,1,23169.0
109345,BMW,Diesel,Automatic,First,2023,44900,3500,1,44758.0
109346,Audi,Diesel,Automatic,Second,2014,62680,1200,0,20420.0
109347,Audi,Electric,Automatic,First,2017,70153,1800,0,37957.0
109348,Audi,Petrol,Automatic,First,2015,95342,1600,3,24786.0
109349,Nissan,Hybrid,Automatic,Third,2015,46643,1000,0,15825.0
109350,Volkswagen,Diesel,Automatic,First,2016,34664,2500,0,26808.0
109351,Nissan,Petrol,Automatic,Second,2016,6325,1600,0,20890.0
109352,Ford,Electric,Automatic,Second,2018,97350,3000,0,28766.0
109353,Mercedes,Petrol,Automatic,First,2018,61328,1200,0,30029.0
109354,Kia,Hybrid,Manual,First,2025,17678,1200,0,27091.0
109355,Volkswagen,Petrol,Manual,First,2023,47685,2000,0,29058.0
109356,Hyundai,Hybrid,Manual,Third,2012,43582,1200,0,10320.0
109357,Ford,Diesel,Manual,Third,2017,49519,1200,0,12032.0
109358,Toyota,Petrol,Manual,Second,2015,83633,2000,0,19269.0
109359,BMW,Diesel,Manual,Second,2013,33099,2000,0,27480.0
109360,Mercedes,Petrol,Automatic,First,2017,89977,2500,0,35184.0
109361,Ford,Petrol,Automatic,First,2018,44464,3500,0,28554.0
109362,Toyota,Petrol,Manual,First,2013,41266,1000,0,18483.0
109363,Mercedes,Petrol,Automatic,Second,2013,30046,1000,0,24874.0
109364,Toyota,Petrol,Automatic,First,2021,61867,2200,0,28841.0
109365,Volkswagen,Diesel,Automatic,Second,2022,73191,3000,0,33101.0
109366,Toyota,Diesel,Automatic,Second,2018,52449,2200,0,26056.0
109367,Mercedes,Diesel,Manual,First,2020,63034,1600,0,28155.0
109368,Toyota,Petrol,Automatic,First,2014,56817,3000,0,26414.0
109369,Hyundai,Diesel,Automatic,First,2014,91383,2000,1,11631.0
109370,Ford,Diesel,Automatic,Second,2019,58021,3500,0,26585.0
109371,Mercedes,Petrol,Manual,First,2013,66805,1000,0,22764.0
109372,Hyundai,Hybrid,Manual,First,2020,111399,2000,0,19964.0
109373,Toyota,Diesel,Automatic,Second,2018,145811,3500,0,24884.0
109374,Toyota,Diesel,Manual,First,2019,40133,2000,0,27295.0
109375,Audi,Petrol,Automatic,First,2020,106237,1000,0,30411.0
109376,Mercedes,Petrol,Manual,Second,2023,35800,2500,0,38242.0
109377,Volkswagen,Hybrid,Manual,Second,2025,86358,1800,0,32622.0
109378,Toyota,Hybrid,Manual,Second,2014,118233,1600,0,16954.0
109379,BMW,Petrol,Automatic,First,2017,83289,3500,0,41225.0
109380,Nissan,Petrol,Automatic,First,2025,64100,1000,1,26189.0
109381,Kia,Diesel,Automatic,Second,2019,8977,1800,0,18142.0
109382,Nissan,Diesel,Automatic,First,2012,47627,1000,1,10959.0
109383,Volkswagen,Hybrid,Automatic,Second,2024,46232,1400,0,32980.0
109384,Ford,Petrol,Automatic,First,2017,44021,3500,0,27593.0
109385,Honda,Petrol,Automatic,First,2014,65492,1000,0,18582.0
109386,BMW,Petrol,Manual,First,2025,72954,3500,1,46227.0
109387,Honda,Petrol,Automatic,Second,2019,3000,1400,0,25828.0
109388,Toyota,Petrol,Manual,Second,2020,15408,1200,3,20939.0
109389,Ford,Hybrid,Manual,First,2024,101164,1600,0,27324.0
109390,Hyundai,Diesel,Manual,Second,2025,54446,2200,2,24769.0
109391,Toyota,Hybrid,Manual,First,2024,46294,1000,0,33754.0
109392,Honda,Petrol,Manual,First,2016,74680,2200,0,21283.0
109393,Toyota,Petrol,Manual,First,2013,101078,2000,1,16184.0
109394,Kia,Petrol,Automatic,First,2018,13756,1600,0,22235.0
109395,Audi,Petrol,Automatic,First,2023,27102,3000,0,48339.0
109396,Kia,Hybrid,Manual,First,2017,49733,2200,0,20463.0
109397,Ford,Petrol,Automatic,First,2017,104542,3500,1,22135.0
109398,Hyundai,Petrol,Automatic,First,2023,114521,3500,0,28995.0
109399,Kia,Petrol,Manual,First,2012,66604,1800,1,10799.0
109400,Mercedes,Petrol,Automatic,Second,2012,77469,1200,0,19922.0
109401,Hyundai,Hybrid,Manual,Second,2017,46105,1000,1,15663.0
109402,Honda,Petrol,Automatic,Third,2017,62244,1200,0,17445.0
109403,Kia,Diesel,Manual,First,2015,65389,3000,1,16507.0
109404,Audi,Diesel,Automatic,First,2019,30109,1200,1,31036.0
109405,Hyundai,Petrol,Manual,Second,2024,74016,1800,0,22606.0
109406,Toyota,Petrol,Automatic,Second,2020,87987,2500,0,25386.0
109407,Audi,Hybrid,Manual,First,2017,84218,2500,0,32448.0
109408,Toyota,Diesel,Automatic,Second,2021,36465,3000,0,34037.0
109409,Kia,Petrol,Automatic,Second,2019,46541,1600,1,19626.0
109410,BMW,Petrol,Automatic,Second,2019,51311,3500,1,42466.0
109411,BMW,Petrol,Automatic,Second,2013,73840,2200,0,29425.0
109412,Honda,Petrol,Manual,Third,2015,71415,3000,0,19629.0
109413,Audi,Petrol,Automatic,Third,2012,100054,2200,1,20580.0
109414,Toyota,Petrol,Automatic,First,2012,70492,1000,1,13195.0
109415,Volkswagen,Petrol,Automatic,First,2025,103224,2000,0,32145.0
109416,Audi,Petrol,Manual,First,2017,103282,1200,0,26593.0
109417,Mercedes,Petrol,Automatic,First,2018,47280,2200,1,36455.0
109418,Honda,Hybrid,Automatic,First,2016,68139,3000,0,32893.0
109419,Nissan,Diesel,Manual,First,2019,59581,2200,0,27972.0
109420,Nissan,Electric,Manual,First,2020,81417,2500,0,32239.0
109421,Toyota,Petrol,Manual,Second,2015,81262,1200,2,12193.0
109422,BMW,Diesel,Manual,First,2012,80874,3500,0,28695.0
109423,Hyundai,Petrol,Automatic,First,2017,63365,1800,1,16615.0
109424,Mercedes,Diesel,Manual,First,2012,69393,3500,0,37481.0
109425,Nissan,Petrol,Manual,Second,2013,119108,1000,1,3500.0
109426,Toyota,Petrol,Manual,Second,2023,52242,1400,1,24645.0
109427,Toyota,Electric,Automatic,First,2022,50636,1000,0,36533.0
109428,Kia,Diesel,Manual,Third,2015,43787,1200,0,7940.0
109429,BMW,Electric,Automatic,First,2015,84506,1600,1,34285.0
109430,Audi,Petrol,Manual,Second,2017,77534,2000,0,29213.0
109431,Hyundai,Petrol,Automatic,First,2019,67498,1000,0,13263.0
109432,Kia,Petrol,Automatic,First,2014,49998,3000,0,18127.0
109433,Nissan,Diesel,Automatic,First,2017,72643,1000,0,14136.0
109434,Hyundai,Diesel,Automatic,First,2014,82352,2500,0,17745.0
109435,Honda,Electric,Manual,Second,2013,33633,1000,0,20570.0
109436,BMW,Petrol,Manual,Second,2024,83639,1000,1,31066.0
109437,Nissan,Diesel,Manual,First,2023,27902,2500,0,29090.0
109438,Toyota,Petrol,Automatic,First,2015,122636,1200,0,14621.0
109439,Nissan,Petrol,Manual,First,2015,60791,1000,0,15052.0
109440,Volkswagen,Diesel,Manual,First,2023,103991,2200,1,30065.0
109441,Ford,Diesel,Automatic,Third,2013,63147,1000,2,8576.0
109442,Ford,Petrol,Manual,First,2023,104623,1600,1,20925.0
109443,Nissan,Petrol,Automatic,First,2022,111114,3500,0,28922.0
109444,Volkswagen,Petrol,Automatic,Third,2014,79836,3500,0,19920.0
109445,Nissan,Petrol,Automatic,First,2020,38258,3000,2,27230.0
109446,Ford,Petrol,Automatic,First,2021,40175,3500,0,29816.0
109447,Kia,Petrol,Automatic,First,2020,75165,1400,0,19630.0
109448,Honda,Petrol,Automatic,Second,2023,68759,2000,0,28966.0
109449,Ford,Electric,Manual,Second,2021,92795,3500,0,37060.0
109450,Honda,Electric,Automatic,First,2018,61233,3000,0,37206.0
109451,Toyota,Diesel,Automatic,Second,2013,78778,1600,2,12281.0
109452,Honda,Electric,Manual,Second,2024,65529,1400,0,34904.0
109453,Kia,Diesel,Automatic,Second,2016,77873,1800,0,12272.0
109454,Volkswagen,Petrol,Manual,Second,2019,75456,2200,1,21382.0
109455,Honda,Petrol,Automatic,First,2012,89037,1800,0,15464.0
109456,Hyundai,Electric,Automatic,First,2012,76716,1600,1,17443.0
109457,Audi,Diesel,Automatic,Second,2022,107763,1000,3,25265.0
109458,Ford,Hybrid,Manual,First,2022,123932,2000,0,24192.0
109459,Volkswagen,Hybrid,Automatic,First,2017,97769,1600,2,21829.0
109460,Mercedes,Petrol,Automatic,First,2018,63121,2000,1,35002.0
109461,Toyota,Petrol,Manual,Second,2025,90772,2000,0,31508.0
109462,Audi,Petrol,Manual,First,2018,88629,1600,0,27854.0
109463,Hyundai,Petrol,Automatic,First,2025,46330,2500,1,30669.0
109464,BMW,Petrol,Manual,First,2014,123817,1600,0,24370.0
109465,Kia,Petrol,Automatic,Second,2021,101826,1800,0,21039.0
109466,Nissan,Petrol,Automatic,First,2015,60760,1800,0,16317.0
109467,Audi,Petrol,Automatic,First,2020,67085,1200,0,30864.0
109468,Volkswagen,Petrol,Automatic,Second,2022,30898,2500,0,35121.0
109469,Volkswagen,Petrol,Automatic,Second,2021,66406,2500,1,28344.0
109470,Volkswagen,Diesel,Automatic,First,2024,80004,3500,1,36569.0
109471,Toyota,Petrol,Automatic,First,2015,60267,2500,0,20728.0
109472,Honda,Diesel,Automatic,Second,2016,31689,1000,1,15952.0
109473,Ford,Electric,Automatic,Third,2017,83291,2200,0,25675.0
109474,BMW,Petrol,Manual,First,2018,57112,1400,0,31896.0
109475,Nissan,Petrol,Manual,First,2016,41812,1000,0,12107.0
109476,Volkswagen,Hybrid,Automatic,First,2018,76772,1800,1,23430.0
109477,Nissan,Diesel,Manual,Second,2023,31850,1600,1,21937.0
109478,Mercedes,Hybrid,Automatic,Second,2013,68305,2200,0,32517.0
109479,Toyota,Petrol,Automatic,First,2018,101843,1000,0,20534.0
109480,Volkswagen,Hybrid,Automatic,First,2016,91791,1000,1,20402.0
109481,Mercedes,Electric,Automatic,Third,2021,79772,2500,0,42708.0
109482,BMW,Diesel,Manual,Second,2016,66971,1600,1,23688.0
109483,BMW,Petrol,Manual,Third,2022,3000,3000,0,40087.0
109484,Ford,Hybrid,Automatic,Second,2017,55846,3500,0,28635.0
109485,Hyundai,Hybrid,Automatic,First,2023,65011,3500,0,34378.0
109486,Ford,Hybrid,Automatic,First,2020,88198,1800,0,27702.0
109487,Honda,Petrol,Automatic,Second,2015,39087,2000,1,20686.0
109488,Nissan,Hybrid,Manual,First,2016,81045,1200,0,15808.0
109489,Kia,Petrol,Automatic,First,2016,84090,1400,0,13442.0
109490,BMW,Petrol,Automatic,First,2025,67144,2200,0,43002.0
109491,Kia,Diesel,Manual,Third,2014,91775,2200,1,9883.0
109492,Toyota,Petrol,Automatic,First,2014,28187,2000,0,21687.0
109493,Audi,Diesel,Manual,First,2023,37908,1600,0,36183.0
109494,Volkswagen,Diesel,Automatic,Second,2012,68208,3500,0,23221.0
109495,Toyota,Petrol,Automatic,Second,2025,43154,1600,0,34161.0
109496,BMW,Diesel,Automatic,Third,2015,62089,2500,0,29673.0
109497,Mercedes,Electric,Automatic,Second,2020,99359,3000,0,44459.0
109498,Nissan,Petrol,Manual,First,2013,3000,2500,1,17871.0
109499,Kia,Diesel,Automatic,First,2024,135484,2500,0,25213.0
109500,Ford,Petrol,Manual,Third,2021,84453,1800,0,22219.0
109501,Audi,Diesel,Automatic,First,2015,67645,1200,0,23010.0
109502,Hyundai,Petrol,Manual,Second,2020,53876,3500,0,27792.0
109503,Toyota,Petrol,Manual,First,2020,77591,1200,0,24884.0
109504,Hyundai,Petrol,Automatic,First,2019,52940,1200,1,17721.0
109505,Kia,Electric,Automatic,Second,2013,69472,2000,0,18648.0
109506,Kia,Diesel,Manual,Second,2022,66187,3500,3,24008.0
109507,Volkswagen,Diesel,Automatic,Third,2014,51631,1800,0,16543.0
109508,Mercedes,Petrol,Manual,Second,2017,72447,1600,0,26930.0
109509,Mercedes,Diesel,Automatic,Second,2013,47686,1600,0,25049.0
109510,Honda,Petrol,Manual,Second,2014,76189,2500,0,16865.0
109511,Ford,Petrol,Automatic,Second,2012,84813,3500,0,20208.0
109512,BMW,Diesel,Manual,First,2015,123571,1200,1,18047.0
109513,BMW,Petrol,Automatic,Third,2022,69474,1800,1,34945.0
109514,Kia,Petrol,Manual,First,2017,133787,2200,1,12792.0
109515,Toyota,Diesel,Automatic,Third,2012,81954,2200,0,19177.0
109516,Nissan,Hybrid,Automatic,Second,2025,71842,2500,0,29506.0
109517,BMW,Petrol,Manual,First,2023,39112,1400,0,37270.0
109518,BMW,Petrol,Manual,First,2012,58575,1200,1,19486.0
109519,Toyota,Petrol,Manual,First,2019,97242,2500,0,28554.0
109520,Ford,Electric,Automatic,First,2018,31421,3000,0,34069.0
109521,Audi,Hybrid,Manual,First,2018,42773,1000,0,29678.0
109522,Mercedes,Diesel,Automatic,Second,2018,64334,3000,0,38062.0
109523,Volkswagen,Electric,Manual,First,2016,62808,2500,1,26582.0
109524,Volkswagen,Petrol,Automatic,First,2015,98679,2200,0,20228.0
109525,Volkswagen,Electric,Automatic,Third,2024,101577,2500,0,37396.0
109526,Toyota,Petrol,Manual,First,2018,29875,1400,0,22397.0
109527,Volkswagen,Petrol,Automatic,Second,2022,89381,1200,0,24588.0
109528,Kia,Diesel,Manual,First,2025,50266,1600,1,24281.0
109529,Honda,Petrol,Automatic,Second,2014,74130,2200,1,19963.0
109530,Toyota,Diesel,Manual,First,2020,62286,1200,1,21617.0
109531,Toyota,Petrol,Manual,Second,2013,88985,2200,0,17473.0
109532,Mercedes,Diesel,Manual,Second,2012,4192,2200,0,29185.0
109533,Volkswagen,Petrol,Automatic,Third,2019,54683,3500,0,30935.0
109534,Hyundai,Petrol,Manual,First,2025,110055,3000,1,28272.0
109535,Audi,Electric,Automatic,First,2017,62572,1400,0,36173.0
109536,Honda,Hybrid,Manual,Second,2025,3000,3000,0,44056.0
109537,Toyota,Electric,Automatic,First,2024,43962,2200,1,37794.0
109538,Honda,Diesel,Manual,First,2025,96307,2500,0,29285.0
109539,Toyota,Diesel,Manual,First,2015,32025,1400,0,20613.0
109540,Ford,Diesel,Automatic,First,2021,49174,1800,0,21319.0
109541,Mercedes,Petrol,Manual,First,2020,82849,2200,0,33734.0
109542,Kia,Petrol,Automatic,First,2016,74009,2500,0,21617.0
109543,Ford,Petrol,Manual,First,2024,25151,2000,0,28099.0
109544,Nissan,Hybrid,Manual,First,2022,12340,2000,0,33264.0
109545,Volkswagen,Petrol,Automatic,First,2012,44644,1800,0,21147.0
109546,Nissan,Electric,Automatic,Second,2012,72165,1600,1,18157.0
109547,Audi,Diesel,Manual,Third,2025,73677,2200,0,38573.0
109548,Hyundai,Diesel,Automatic,First,2018,102705,3500,0,20448.0
109549,Kia,Petrol,Automatic,Second,2025,7639,1800,1,27358.0
109550,Ford,Petrol,Automatic,Third,2024,79360,2500,0,28012.0
109551,Honda,Electric,Automatic,Second,2012,49426,1000,2,17057.0
109552,Honda,Petrol,Automatic,Third,2017,60280,2500,0,26121.0
109553,Audi,Petrol,Automatic,First,2018,82726,1800,0,32479.0
109554,Toyota,Petrol,Automatic,Second,2022,107945,1600,1,22734.0
109555,Honda,Petrol,Automatic,Second,2021,64010,2000,0,25949.0
109556,Volkswagen,Petrol,Automatic,First,2016,68221,2200,0,19923.0
109557,Hyundai,Diesel,Automatic,Second,2014,82860,1400,0,11860.0
109558,Mercedes,Diesel,Manual,First,2014,72077,1600,0,25593.0
109559,Volkswagen,Diesel,Manual,First,2023,86990,2200,0,28355.0
109560,Hyundai,Petrol,Automatic,First,2013,129063,2200,1,9174.0
109561,Audi,Hybrid,Manual,Second,2022,154860,1400,0,29431.0
109562,Volkswagen,Hybrid,Manual,Second,2023,63837,3000,0,35293.0
109563,Mercedes,Petrol,Automatic,First,2023,121899,1400,0,38335.0
109564,Mercedes,Petrol,Automatic,First,2012,53304,2500,1,28273.0
109565,BMW,Petrol,Automatic,First,2025,42713,2500,0,43679.0
109566,Toyota,Hybrid,Manual,First,2022,3000,1400,0,32318.0
109567,Audi,Diesel,Automatic,Second,2019,70884,2200,1,32191.0
109568,Volkswagen,Electric,Manual,Second,2024,58209,1400,0,33360.0
109569,Kia,Petrol,Manual,Second,2020,67154,1200,0,15048.0
109570,Kia,Diesel,Automatic,Third,2013,68681,2200,0,12149.0
109571,Audi,Petrol,Automatic,Second,2025,68517,2500,1,36004.0
109572,Volkswagen,Petrol,Automatic,First,2024,71200,3000,1,32977.0
109573,Ford,Diesel,Automatic,First,2024,3000,1000,0,28388.0
109574,Ford,Petrol,Automatic,First,2015,30588,3000,1,24294.0
109575,Toyota,Diesel,Manual,First,2014,70167,1200,0,11825.0
109576,Volkswagen,Diesel,Manual,Second,2015,19919,1400,1,18089.0
109577,Mercedes,Hybrid,Automatic,First,2015,81897,2500,0,34471.0
109578,Honda,Petrol,Automatic,Second,2019,50743,1200,0,24399.0
109579,Kia,Electric,Automatic,Second,2022,55933,2200,0,31474.0
109580,Volkswagen,Electric,Automatic,Second,2014,73057,2500,0,24613.0
109581,Volkswagen,Electric,Manual,First,2014,90511,3500,0,26817.0
109582,Honda,Hybrid,Automatic,First,2023,81587,1800,0,35363.0
109583,Honda,Hybrid,Manual,Second,2017,58973,1400,2,20762.0
109584,Hyundai,Diesel,Manual,Second,2022,78726,3000,1,22427.0
109585,BMW,Petrol,Automatic,Second,2014,45071,2500,0,28674.0
109586,Toyota,Diesel,Automatic,Second,2016,19812,1400,3,18438.0
109587,Kia,Diesel,Automatic,First,2015,18080,2500,1,22449.0
109588,Honda,Electric,Automatic,First,2022,58830,1400,0,33637.0
109589,Ford,Diesel,Automatic,Second,2015,72417,2000,1,16885.0
109590,Audi,Petrol,Manual,First,2013,45393,1000,0,20304.0
109591,Ford,Diesel,Manual,Second,2020,37987,1600,1,20337.0
109592,Hyundai,Electric,Manual,First,2016,46029,2500,1,23894.0
109593,Hyundai,Petrol,Manual,First,2016,46441,2000,0,15783.0
109594,Honda,Petrol,Manual,First,2018,38039,1800,0,22409.0
109595,Hyundai,Diesel,Automatic,Third,2023,72743,2000,0,20486.0
109596,Mercedes,Petrol,Manual,Second,2014,66816,2200,0,30460.0
109597,Nissan,Petrol,Manual,Second,2023,140261,1000,0,17409.0
109598,Volkswagen,Petrol,Automatic,First,2017,54632,1400,2,17147.0
109599,Volkswagen,Hybrid,Manual,First,2012,51342,1000,1,18479.0
109600,Honda,Petrol,Manual,Third,2016,93195,3000,0,23148.0
109601,Hyundai,Petrol,Automatic,First,2016,57060,1600,0,14165.0
109602,Audi,Hybrid,Manual,First,2020,26706,1200,0,34250.0
109603,Mercedes,Electric,Automatic,First,2023,89164,1800,1,42946.0
109604,Toyota,Electric,Automatic,First,2016,53034,1200,1,27046.0
109605,Hyundai,Petrol,Automatic,First,2019,103990,2200,0,18694.0
109606,Mercedes,Electric,Automatic,Second,2014,92985,1600,1,31810.0
109607,BMW,Petrol,Automatic,Third,2023,132007,1800,0,34325.0
109608,Toyota,Diesel,Automatic,First,2022,48178,3000,0,35094.0
109609,Volkswagen,Diesel,Manual,First,2017,64641,1200,0,14840.0
109610,BMW,Petrol,Automatic,Second,2025,41484,1800,0,44826.0
109611,Honda,Diesel,Automatic,First,2025,52872,1600,0,34094.0
109612,Kia,Petrol,Automatic,Third,2013,60450,1400,0,8152.0
109613,Honda,Hybrid,Automatic,First,2020,3000,1000,1,30502.0
109614,Audi,Petrol,Automatic,First,2017,85271,2000,0,34566.0
109615,Mercedes,Diesel,Automatic,Second,2016,76252,2200,0,30190.0
109616,Kia,Petrol,Automatic,Second,2020,142360,1000,0,10093.0
109617,Toyota,Petrol,Automatic,First,2012,74369,2000,1,18875.0
109618,Toyota,Electric,Automatic,First,2014,12561,1000,0,24470.0
109619,BMW,Hybrid,Manual,First,2024,85940,2000,0,39413.0
109620,Audi,Electric,Automatic,First,2013,58972,1600,0,32825.0
109621,Volkswagen,Petrol,Manual,First,2020,52256,2000,1,24616.0
109622,Hyundai,Petrol,Automatic,Second,2022,61553,1000,0,16969.0
109623,Hyundai,Diesel,Automatic,First,2017,96668,1000,0,15443.0
109624,Kia,Diesel,Automatic,First,2022,75684,1400,0,18003.0
109625,Audi,Petrol,Manual,Second,2017,133881,2000,0,22951.0
109626,Audi,Diesel,Automatic,First,2016,49762,1400,0,28445.0
109627,Toyota,Petrol,Manual,Second,2015,77155,2200,0,20410.0
109628,Volkswagen,Petrol,Automatic,Second,2015,69550,1600,0,17811.0
109629,Mercedes,Petrol,Automatic,First,2013,31714,3000,0,34044.0
109630,Volkswagen,Diesel,Manual,Second,2018,41479,2200,1,20828.0
109631,Ford,Diesel,Automatic,First,2017,90641,1600,0,17696.0
109632,Audi,Diesel,Automatic,Second,2014,56032,3000,0,32660.0
109633,Honda,Diesel,Automatic,Second,2023,83718,1800,0,25756.0
109634,Nissan,Petrol,Automatic,Second,2018,63326,1600,0,17694.0
109635,Audi,Electric,Automatic,First,2020,41904,1200,0,37957.0
109636,Kia,Electric,Automatic,First,2021,43705,3000,1,37654.0
109637,Honda,Diesel,Automatic,First,2025,29686,3500,0,39532.0
109638,Kia,Petrol,Manual,Second,2012,95241,2500,1,7421.0
109639,BMW,Diesel,Automatic,Third,2023,55563,2000,0,36315.0
109640,Nissan,Diesel,Manual,First,2022,36791,1000,0,19646.0
109641,Nissan,Electric,Automatic,First,2023,47553,2500,0,38823.0
109642,Toyota,Electric,Manual,Second,2021,18116,1600,2,30241.0
109643,Audi,Hybrid,Manual,First,2019,78767,1000,1,34890.0
109644,Toyota,Petrol,Automatic,First,2025,77182,1400,0,29612.0
109645,Hyundai,Electric,Automatic,First,2013,88242,2000,0,19677.0
109646,Kia,Diesel,Automatic,First,2012,51827,1200,2,7022.0
109647,Ford,Hybrid,Automatic,Third,2020,46423,2500,0,27785.0
109648,Ford,Petrol,Automatic,Third,2013,68805,1800,0,11417.0
109649,Hyundai,Petrol,Manual,First,2018,59503,1800,0,21423.0
109650,BMW,Diesel,Automatic,Third,2018,29725,1000,1,27706.0
109651,Ford,Petrol,Automatic,First,2012,103535,3000,0,18342.0
109652,Kia,Petrol,Automatic,Second,2024,51139,1200,0,21243.0
109653,Ford,Hybrid,Manual,First,2025,109138,3000,0,35952.0
109654,Hyundai,Petrol,Automatic,Second,2021,24458,3500,0,29758.0
109655,Honda,Petrol,Automatic,First,2025,95072,3500,2,36210.0
109656,Toyota,Petrol,Automatic,First,2012,64775,1000,1,15839.0
109657,Mercedes,Petrol,Automatic,Third,2018,69006,3500,2,37906.0
109658,Kia,Electric,Manual,First,2017,148363,2500,0,25034.0
109659,Toyota,Petrol,Manual,Third,2015,44656,1400,0,17278.0
109660,Nissan,Petrol,Manual,First,2014,83084,1400,0,15189.0
109661,Volkswagen,Electric,Automatic,First,2016,97322,2200,2,25172.0
109662,Ford,Hybrid,Manual,Second,2016,91414,2200,0,19459.0
109663,Ford,Petrol,Automatic,Second,2022,63180,2200,1,25016.0
109664,BMW,Hybrid,Automatic,First,2014,52469,2200,1,35199.0
109665,Toyota,Diesel,Automatic,First,2025,71447,1400,0,29794.0
109666,Volkswagen,Hybrid,Automatic,Second,2017,93532,2500,0,23957.0
109667,Ford,Diesel,Automatic,First,2023,90213,1000,0,22559.0
109668,Nissan,Electric,Automatic,First,2025,49732,1400,0,33151.0
109669,BMW,Petrol,Automatic,Second,2014,58411,2500,0,30211.0
109670,Toyota,Petrol,Automatic,Second,2024,64887,1200,0,29768.0
109671,BMW,Petrol,Manual,Third,2015,79564,2200,0,24261.0
109672,Toyota,Petrol,Manual,Second,2014,79702,1600,0,18504.0
109673,Audi,Electric,Automatic,First,2023,57833,2000,0,44565.0
109674,Audi,Diesel,Manual,First,2023,101453,3000,0,38408.0
109675,Hyundai,Petrol,Manual,First,2017,48433,2500,0,15799.0
109676,Kia,Petrol,Manual,First,2025,101396,1600,0,20712.0
109677,BMW,Petrol,Automatic,First,2020,75663,2200,0,33136.0
109678,Hyundai,Electric,Manual,Second,2014,96490,1400,0,17131.0
109679,BMW,Diesel,Automatic,Second,2025,104156,3000,0,45212.0
109680,Ford,Diesel,Manual,Second,2012,42404,1200,0,10058.0
109681,Mercedes,Diesel,Manual,Second,2025,34819,2000,0,41292.0
109682,BMW,Hybrid,Manual,First,2024,115327,1800,0,37225.0
109683,Ford,Diesel,Automatic,Second,2018,114854,1600,0,17476.0
109684,Volkswagen,Petrol,Manual,Second,2023,75645,1200,0,23434.0
109685,Audi,Hybrid,Automatic,Second,2016,65673,3000,0,36391.0
109686,Hyundai,Diesel,Automatic,First,2015,20873,1800,0,16314.0
109687,Mercedes,Diesel,Automatic,Second,2014,56362,1000,0,25419.0
109688,Nissan,Electric,Manual,Second,2018,50788,1800,0,25457.0
109689,Audi,Hybrid,Manual,First,2013,88330,2200,1,26572.0
109690,Hyundai,Hybrid,Manual,First,2022,77684,1400,0,24540.0
109691,Mercedes,Electric,Automatic,Second,2015,117247,2200,0,32731.0
109692,Nissan,Petrol,Automatic,Second,2013,4423,2000,0,20375.0
109693,Honda,Diesel,Automatic,Second,2021,83415,2200,0,24973.0
109694,Ford,Diesel,Automatic,First,2019,46424,3000,0,30134.0
109695,Honda,Petrol,Automatic,First,2014,63884,1200,0,18112.0
109696,Ford,Hybrid,Automatic,First,2016,95099,1200,1,22053.0
109697,Toyota,Hybrid,Automatic,First,2022,58710,1000,0,28878.0
109698,Kia,Diesel,Manual,First,2015,161871,1200,1,3500.0
109699,Mercedes,Electric,Automatic,Second,2016,54187,1400,1,30092.0
109700,Honda,Petrol,Manual,Second,2015,52443,2200,0,20445.0
109701,Kia,Diesel,Automatic,Third,2019,11946,1400,0,21128.0
109702,Mercedes,Diesel,Automatic,First,2017,76614,2500,0,37682.0
109703,Hyundai,Petrol,Automatic,First,2025,67134,1400,1,25673.0
109704,Toyota,Petrol,Automatic,First,2024,21424,1200,0,33300.0
109705,Hyundai,Hybrid,Automatic,First,2012,52271,3500,1,23191.0
109706,Ford,Diesel,Automatic,First,2016,85151,3500,0,30059.0
109707,Kia,Hybrid,Manual,Second,2012,29233,1600,0,13716.0
109708,Mercedes,Diesel,Manual,First,2023,41940,1600,0,40689.0
109709,BMW,Petrol,Automatic,First,2014,71207,1800,0,27773.0
109710,Kia,Petrol,Automatic,First,2023,82357,1800,0,22416.0
109711,Volkswagen,Petrol,Manual,First,2022,104649,1400,0,21286.0
109712,Nissan,Electric,Manual,Second,2017,162647,1000,0,17204.0
109713,Honda,Petrol,Manual,Second,2020,58803,2500,0,26869.0
109714,Mercedes,Electric,Manual,First,2014,9518,3500,0,47317.0
109715,Audi,Electric,Automatic,Second,2023,14050,1200,0,40095.0
109716,Audi,Electric,Automatic,Second,2023,158390,1800,1,34149.0
109717,Nissan,Diesel,Automatic,First,2023,59888,1200,0,24079.0
109718,Ford,Electric,Automatic,First,2024,115006,2000,0,29939.0
109719,Kia,Petrol,Automatic,Second,2015,88716,2200,1,14406.0
109720,Kia,Petrol,Automatic,First,2024,24132,2200,1,28815.0
109721,Audi,Petrol,Manual,First,2021,42699,1000,2,27462.0
109722,Kia,Electric,Automatic,First,2012,133515,3000,0,20993.0
109723,Nissan,Petrol,Automatic,First,2021,45185,1000,0,18782.0
109724,Kia,Diesel,Automatic,Second,2013,76665,2500,0,13131.0
109725,Ford,Petrol,Automatic,Second,2024,65519,1000,1,24156.0
109726,Honda,Petrol,Automatic,Second,2024,3000,1400,1,28618.0
109727,Volkswagen,Petrol,Manual,Third,2018,129457,3500,0,21062.0
109728,Honda,Hybrid,Manual,Second,2019,23851,1600,0,27186.0
109729,Volkswagen,Diesel,Automatic,First,2012,65268,3000,0,26999.0
109730,BMW,Electric,Automatic,First,2020,36384,2500,0,47656.0
109731,Honda,Diesel,Manual,First,2017,95372,1800,1,19965.0
109732,Nissan,Electric,Automatic,Second,2012,69366,1600,0,16421.0
109733,Toyota,Diesel,Automatic,Second,2015,109191,3500,2,23230.0
109734,BMW,Diesel,Automatic,Second,2015,131411,3000,0,28027.0
109735,Volkswagen,Diesel,Manual,First,2018,98003,1000,2,16199.0
109736,Volkswagen,Diesel,Automatic,Second,2012,80661,2000,1,14888.0
109737,BMW,Hybrid,Manual,First,2024,46356,2500,0,46345.0
109738,Volkswagen,Diesel,Automatic,First,2021,51430,2200,1,29592.0
109739,Mercedes,Hybrid,Automatic,First,2020,91030,2500,0,44531.0
109740,Toyota,Hybrid,Manual,Second,2025,65713,1400,0,33780.0
109741,Nissan,Petrol,Automatic,First,2012,112045,1800,0,15664.0
109742,Mercedes,Diesel,Automatic,First,2021,112463,1000,0,32946.0
109743,Volkswagen,Petrol,Automatic,First,2014,75640,2500,0,21824.0
109744,Honda,Diesel,Automatic,First,2012,40880,1200,1,16625.0
109745,Mercedes,Diesel,Automatic,Second,2012,59777,3500,0,35446.0
109746,Honda,Electric,Manual,First,2015,93707,1400,2,18668.0
109747,BMW,Petrol,Manual,Second,2013,30181,3500,0,33010.0
109748,Kia,Petrol,Manual,First,2025,95863,1200,1,18145.0
109749,Hyundai,Petrol,Manual,First,2020,40964,1000,0,14950.0
109750,Volkswagen,Petrol,Manual,Second,2025,47361,1200,0,24881.0
109751,Hyundai,Hybrid,Manual,Second,2012,42900,3500,1,17871.0
109752,Toyota,Hybrid,Manual,Second,2014,28669,1200,0,21205.0
109753,Honda,Diesel,Automatic,First,2013,108290,2000,1,15328.0
109754,Mercedes,Hybrid,Automatic,First,2012,75293,1600,1,31729.0
109755,Hyundai,Petrol,Manual,Second,2022,40132,3500,0,28581.0
109756,Ford,Petrol,Automatic,First,2020,49232,1600,0,21881.0
109757,Volkswagen,Petrol,Manual,Third,2016,108101,1000,0,13552.0
109758,Hyundai,Hybrid,Automatic,First,2022,57521,3500,0,33968.0
109759,Mercedes,Diesel,Automatic,First,2017,87882,1200,0,31348.0
109760,Mercedes,Diesel,Manual,First,2019,58873,1400,0,33345.0
109761,Toyota,Petrol,Automatic,Second,2018,89515,3000,0,24819.0
109762,Audi,Petrol,Manual,First,2024,41077,1800,1,36092.0
109763,Nissan,Electric,Manual,Third,2018,35841,1600,2,20575.0
109764,Ford,Petrol,Manual,First,2020,62607,3500,0,27742.0
109765,Hyundai,Hybrid,Automatic,Second,2014,86403,1400,0,12292.0
109766,Nissan,Petrol,Automatic,First,2021,51920,3500,0,31562.0
109767,Ford,Petrol,Automatic,Second,2019,58895,1000,1,16061.0
109768,Audi,Diesel,Manual,First,2017,70001,1000,0,25626.0
109769,Hyundai,Petrol,Automatic,Second,2019,48511,3500,0,22650.0
109770,Ford,Diesel,Automatic,First,2015,44498,2500,0,22630.0
109771,Nissan,Diesel,Automatic,First,2012,70739,3500,0,19901.0
109772,Honda,Diesel,Automatic,First,2022,104412,3000,0,33450.0
109773,Mercedes,Hybrid,Manual,Second,2024,43679,1400,1,38074.0
109774,Kia,Diesel,Automatic,First,2014,56718,3000,1,18864.0
109775,BMW,Petrol,Automatic,First,2021,78560,2500,1,35901.0
109776,Volkswagen,Diesel,Manual,First,2014,71522,1000,1,14388.0
109777,Kia,Diesel,Manual,First,2024,107095,2000,0,25159.0
109778,Hyundai,Petrol,Manual,Second,2012,64407,3000,1,12882.0
109779,Hyundai,Electric,Manual,First,2025,24182,1600,0,31957.0
109780,Ford,Diesel,Automatic,First,2024,29651,3000,1,34482.0
109781,Mercedes,Hybrid,Automatic,First,2025,103376,1200,0,39672.0
109782,Audi,Hybrid,Manual,First,2025,28545,3500,1,47666.0
109783,Toyota,Petrol,Manual,First,2016,60562,3000,0,28220.0
109784,Ford,Diesel,Automatic,First,2024,32531,1000,1,27379.0
109785,Toyota,Petrol,Manual,First,2023,65918,1600,0,24801.0
109786,BMW,Petrol,Manual,First,2017,73257,1800,1,29298.0
109787,Nissan,Hybrid,Automatic,Second,2020,74743,1200,1,24136.0
109788,Ford,Hybrid,Automatic,First,2019,61728,2000,1,24159.0
109789,BMW,Petrol,Manual,Second,2015,23974,2500,1,28404.0
109790,Volkswagen,Diesel,Manual,First,2017,48190,1200,1,18656.0
109791,Ford,Electric,Manual,Second,2014,46724,3000,0,31747.0
109792,Mercedes,Diesel,Manual,First,2012,94816,1200,1,20469.0
109793,Mercedes,Hybrid,Automatic,First,2020,47401,1000,1,36303.0
109794,Hyundai,Hybrid,Automatic,Second,2019,8045,2000,1,28284.0
109795,Volkswagen,Petrol,Automatic,Second,2017,90710,1800,0,19835.0
109796,Hyundai,Petrol,Manual,First,2014,79516,3500,0,20226.0
109797,Toyota,Diesel,Automatic,First,2022,46158,1400,0,30465.0
109798,Kia,Diesel,Automatic,First,2016,27480,1400,0,19856.0
109799,Audi,Diesel,Manual,Third,2025,51247,2500,0,38697.0
109800,Volkswagen,Diesel,Automatic,Second,2025,64889,1600,0,31087.0
109801,Nissan,Hybrid,Manual,First,2020,82841,1000,0,17138.0
109802,Audi,Petrol,Automatic,Second,2018,118308,1600,1,23094.0
109803,Audi,Petrol,Automatic,First,2013,74373,2000,2,27099.0
109804,Honda,Petrol,Automatic,Second,2017,85206,1200,1,13253.0
109805,Ford,Diesel,Manual,First,2024,17349,2200,0,30428.0
109806,Nissan,Petrol,Automatic,First,2020,32057,1000,1,20318.0
109807,Volkswagen,Diesel,Manual,First,2022,98192,3500,0,29881.0
109808,Hyundai,Petrol,Automatic,Third,2022,25695,3000,1,32044.0
109809,Toyota,Diesel,Automatic,Second,2021,42176,1200,0,28308.0
109810,Ford,Petrol,Automatic,Second,2012,76450,3000,0,16891.0
109811,Honda,Diesel,Manual,First,2023,76270,1000,1,21837.0
109812,Toyota,Petrol,Automatic,First,2016,37492,1600,0,25800.0
109813,Volkswagen,Petrol,Automatic,Second,2020,111625,1800,0,20370.0
109814,Kia,Electric,Manual,Second,2023,30948,2500,0,34537.0
109815,Audi,Petrol,Automatic,Third,2014,73989,1800,0,25496.0
109816,Honda,Diesel,Automatic,First,2014,117747,1000,0,12979.0
109817,Toyota,Electric,Automatic,Second,2023,75310,1000,0,32393.0
109818,Hyundai,Diesel,Manual,Second,2023,15940,1200,0,22435.0
109819,Honda,Hybrid,Automatic,First,2021,93089,3000,1,35326.0
109820,Toyota,Petrol,Manual,First,2020,59377,1000,0,17965.0
109821,Honda,Diesel,Automatic,First,2014,86027,1400,1,17198.0
109822,Hyundai,Diesel,Automatic,Second,2024,107450,2500,1,23929.0
109823,Hyundai,Petrol,Manual,Second,2022,16830,1000,0,20608.0
109824,Nissan,Petrol,Automatic,Second,2020,78245,1600,1,19245.0
109825,Mercedes,Petrol,Manual,Second,2023,102057,2500,0,38352.0
109826,Audi,Diesel,Automatic,First,2021,75669,2000,0,36710.0
109827,Ford,Electric,Automatic,Second,2014,110312,2000,0,20225.0
109828,Ford,Petrol,Automatic,Second,2019,71310,1000,0,15179.0
109829,Volkswagen,Petrol,Automatic,Second,2021,115775,2200,1,22557.0
109830,BMW,Petrol,Automatic,First,2023,15918,1000,0,41890.0
109831,Volkswagen,Diesel,Automatic,Third,2025,92107,1400,0,22340.0
109832,BMW,Hybrid,Automatic,Second,2020,3000,1000,0,34767.0
109833,Honda,Petrol,Automatic,Second,2014,75322,2500,0,20390.0
109834,BMW,Petrol,Automatic,Third,2012,30209,1600,0,22861.0
109835,Mercedes,Diesel,Automatic,First,2024,89554,1800,0,42841.0
109836,Mercedes,Hybrid,Automatic,Second,2020,52857,1000,1,35017.0
109837,Audi,Diesel,Automatic,Second,2018,68028,1000,0,25851.0
109838,Toyota,Diesel,Automatic,First,2017,46330,3500,2,27377.0
109839,Ford,Petrol,Manual,Second,2023,119620,1000,0,15613.0
109840,Audi,Petrol,Manual,First,2015,58864,1400,0,26507.0
109841,Mercedes,Petrol,Automatic,First,2016,39183,2000,1,32361.0
109842,Toyota,Petrol,Automatic,Third,2018,20400,1800,0,21199.0
109843,Volkswagen,Electric,Automatic,First,2020,38016,3500,0,41861.0
109844,Ford,Diesel,Manual,Third,2017,34344,2200,0,21567.0
109845,Nissan,Petrol,Automatic,First,2023,65179,1000,0,18801.0
109846,Ford,Petrol,Automatic,First,2015,56839,2500,0,20398.0
109847,Honda,Petrol,Automatic,First,2023,3000,1800,0,35683.0
109848,Kia,Diesel,Manual,Second,2015,52830,2000,0,13897.0
109849,Ford,Petrol,Manual,First,2021,3000,1200,1,23492.0
109850,Mercedes,Petrol,Automatic,Third,2014,90285,3000,2,30980.0
109851,Honda,Diesel,Automatic,Second,2013,58995,1400,1,15897.0
109852,Hyundai,Petrol,Manual,Second,2015,25309,1800,0,16667.0
109853,BMW,Petrol,Automatic,First,2017,57599,3500,0,38983.0
109854,Volkswagen,Petrol,Automatic,First,2012,94531,2500,0,20280.0
109855,Nissan,Petrol,Manual,Third,2013,57172,1000,0,8748.0
109856,Volkswagen,Petrol,Automatic,First,2019,67100,1600,1,22555.0
109857,Hyundai,Petrol,Automatic,First,2024,90578,1800,0,25414.0
109858,Kia,Hybrid,Automatic,First,2014,47581,2000,2,15544.0
109859,Ford,Diesel,Manual,Third,2012,38012,1400,1,9550.0
109860,Audi,Diesel,Automatic,First,2013,38779,1600,1,22080.0
109861,Honda,Hybrid,Manual,First,2014,89901,1400,1,17677.0
109862,Nissan,Petrol,Automatic,Second,2025,71359,1600,0,28105.0
109863,Hyundai,Hybrid,Manual,Third,2013,81083,2200,0,14029.0
109864,Kia,Petrol,Manual,First,2024,26881,3000,0,29690.0
109865,Volkswagen,Petrol,Automatic,First,2015,115201,3000,1,20962.0
109866,Hyundai,Petrol,Automatic,First,2024,96529,1800,1,23577.0
109867,Nissan,Petrol,Automatic,First,2015,33177,2000,1,19300.0
109868,Nissan,Electric,Manual,First,2022,80465,3000,1,34282.0
109869,Kia,Petrol,Automatic,First,2021,36966,1600,1,21051.0
109870,Volkswagen,Petrol,Manual,First,2013,17691,2200,0,19098.0
109871,Mercedes,Petrol,Automatic,First,2024,77027,1400,0,39085.0
109872,Nissan,Petrol,Automatic,First,2012,71811,3000,0,18865.0
109873,Honda,Petrol,Manual,Third,2014,82254,3000,0,21268.0
109874,Honda,Petrol,Automatic,First,2025,92906,3500,1,37276.0
109875,BMW,Petrol,Automatic,First,2015,89230,1800,1,27045.0
109876,Volkswagen,Hybrid,Manual,First,2022,67882,1600,1,27033.0
109877,Hyundai,Petrol,Manual,First,2017,62829,3500,1,23577.0
109878,Honda,Petrol,Manual,Second,2016,104606,3500,0,26426.0
109879,Kia,Diesel,Manual,Second,2025,54699,3000,1,28234.0
109880,Hyundai,Electric,Manual,First,2013,97510,1800,0,14630.0
109881,Volkswagen,Petrol,Automatic,Second,2015,5853,1000,0,20716.0
109882,Kia,Petrol,Automatic,Second,2023,48044,1200,0,22050.0
109883,Ford,Electric,Automatic,First,2017,63524,3500,1,35032.0
109884,Toyota,Petrol,Automatic,First,2023,83983,2200,0,32581.0
109885,Honda,Diesel,Manual,Second,2015,89273,1400,0,13200.0
109886,Honda,Petrol,Automatic,Third,2022,96607,1000,0,22387.0
109887,BMW,Electric,Automatic,First,2022,71622,3000,1,49059.0
109888,Mercedes,Electric,Manual,First,2025,60762,1600,1,47804.0
109889,BMW,Hybrid,Automatic,Second,2018,99323,1400,0,33530.0
109890,Volkswagen,Petrol,Automatic,First,2024,69310,1800,0,29319.0
109891,BMW,Petrol,Automatic,Second,2017,102958,1000,0,25703.0
109892,Mercedes,Petrol,Manual,First,2017,80732,1000,0,28318.0
109893,Mercedes,Hybrid,Automatic,First,2021,65423,1000,0,34536.0
109894,Nissan,Electric,Automatic,First,2025,92289,2200,0,35399.0
109895,Nissan,Petrol,Automatic,Second,2025,73241,2200,1,28641.0
109896,Toyota,Diesel,Automatic,First,2013,72623,3000,0,23353.0
109897,Kia,Petrol,Automatic,Second,2022,40353,1800,0,25652.0
109898,Ford,Petrol,Manual,First,2024,59403,1200,0,27369.0
109899,Mercedes,Diesel,Automatic,First,2018,50279,3000,0,40797.0
109900,Ford,Petrol,Automatic,First,2020,72755,1600,1,19347.0
109901,Honda,Petrol,Manual,Second,2017,70725,1800,0,20046.0
109902,Audi,Petrol,Manual,Second,2019,59843,1000,1,25957.0
109903,Toyota,Hybrid,Automatic,First,2017,61006,1200,0,27307.0
109904,Volkswagen,Hybrid,Automatic,First,2017,78410,2500,1,27175.0
109905,Hyundai,Electric,Manual,Second,2015,12288,1200,0,20031.0
109906,Ford,Diesel,Automatic,First,2017,21266,2500,1,26283.0
109907,BMW,Diesel,Automatic,First,2021,59829,1000,1,34504.0
109908,Mercedes,Petrol,Automatic,First,2015,102101,3000,1,31569.0
109909,Ford,Electric,Automatic,Third,2021,108032,3000,0,37547.0
109910,Hyundai,Diesel,Manual,Third,2017,20953,3000,0,20225.0
109911,Mercedes,Diesel,Automatic,First,2012,159273,2000,0,25310.0
109912,Volkswagen,Diesel,Automatic,Second,2018,38298,1200,0,21944.0
109913,Audi,Hybrid,Manual,Second,2025,35343,1000,2,32962.0
109914,BMW,Petrol,Automatic,First,2013,3000,2000,0,31327.0
109915,Ford,Petrol,Automatic,First,2017,45481,1600,0,21704.0
109916,Nissan,Diesel,Automatic,First,2020,54845,2500,0,26910.0
109917,Toyota,Hybrid,Manual,First,2021,111165,2500,0,32513.0
109918,Ford,Diesel,Automatic,Second,2014,89470,1200,1,6840.0
109919,Ford,Petrol,Manual,First,2015,98142,1200,0,8831.0
109920,Hyundai,Petrol,Automatic,First,2016,121716,1600,0,13358.0
109921,Hyundai,Diesel,Manual,First,2019,131950,3000,0,19565.0
109922,Toyota,Diesel,Manual,Second,2024,124006,2000,1,24631.0
109923,Ford,Diesel,Manual,Second,2021,76081,2200,0,25327.0
109924,Kia,Petrol,Automatic,Second,2024,52856,1400,1,21447.0
109925,Volkswagen,Electric,Automatic,Third,2017,95683,2200,0,25771.0
109926,Hyundai,Diesel,Automatic,First,2023,42746,1400,0,28690.0
109927,Hyundai,Hybrid,Automatic,Second,2019,83366,1200,0,16542.0
109928,Kia,Petrol,Automatic,Second,2014,58640,1200,1,9890.0
109929,Mercedes,Petrol,Automatic,First,2014,48262,3000,0,37004.0
109930,Ford,Hybrid,Manual,First,2020,14934,2200,0,30291.0
109931,Toyota,Petrol,Manual,First,2024,78818,1800,2,28061.0
109932,Hyundai,Diesel,Automatic,Second,2017,36718,1400,1,14126.0
109933,Toyota,Diesel,Automatic,Second,2019,83663,2500,0,25732.0
109934,Toyota,Hybrid,Manual,Second,2015,60892,1200,0,18489.0
109935,Volkswagen,Petrol,Automatic,First,2016,63968,1400,1,16799.0
109936,Nissan,Petrol,Automatic,Third,2023,60553,1800,0,25176.0
109937,Hyundai,Electric,Automatic,First,2020,22778,1000,0,24396.0
109938,BMW,Diesel,Automatic,Second,2018,44094,2000,1,29876.0
109939,Mercedes,Petrol,Automatic,Second,2025,39153,1200,1,35269.0
109940,Toyota,Petrol,Manual,First,2016,38666,2200,1,22360.0
109941,Hyundai,Electric,Automatic,Second,2018,37626,2200,0,29187.0
109942,Mercedes,Petrol,Automatic,First,2022,35611,1000,0,36058.0
109943,BMW,Diesel,Automatic,First,2020,41182,1600,1,35166.0
109944,Hyundai,Petrol,Manual,Second,2025,43030,1000,0,21747.0
109945,Ford,Hybrid,Manual,First,2024,81157,3500,1,39072.0
109946,Toyota,Hybrid,Automatic,First,2014,70574,2200,0,24737.0
109947,BMW,Diesel,Manual,First,2014,36390,1800,0,30998.0
109948,Ford,Petrol,Automatic,First,2015,52652,2500,1,21551.0
109949,Toyota,Hybrid,Automatic,First,2022,9485,1000,1,32574.0
109950,Honda,Petrol,Manual,Second,2021,69663,3500,0,32316.0
109951,Audi,Electric,Automatic,First,2018,57241,1600,0,41500.0
109952,Kia,Diesel,Automatic,Second,2016,37076,3000,0,24963.0
109953,Toyota,Diesel,Manual,Second,2016,127990,3500,0,23579.0
109954,BMW,Petrol,Automatic,First,2015,57132,1000,0,26620.0
109955,BMW,Diesel,Automatic,Second,2019,78430,1400,1,26582.0
109956,Audi,Petrol,Automatic,First,2014,54837,1200,0,25148.0
109957,Hyundai,Petrol,Automatic,First,2023,30720,3000,0,35484.0
109958,Kia,Petrol,Automatic,First,2013,70521,3500,0,22172.0
109959,Mercedes,Petrol,Automatic,First,2015,49671,1800,0,32426.0
109960,Toyota,Petrol,Manual,Third,2024,85815,2000,0,24957.0
109961,Hyundai,Petrol,Manual,First,2019,55810,2500,1,20504.0
109962,Ford,Hybrid,Automatic,Second,2025,57157,3000,0,35439.0
109963,Mercedes,Petrol,Automatic,Second,2025,95745,2500,0,41081.0
109964,Kia,Diesel,Manual,First,2015,69125,2500,0,15432.0
109965,Hyundai,Petrol,Manual,Third,2019,70188,1000,0,13770.0
109966,Nissan,Diesel,Automatic,Third,2016,72212,3500,0,24973.0
109967,Mercedes,Diesel,Manual,Third,2020,92352,1000,0,28592.0
109968,Volkswagen,Electric,Automatic,First,2013,139547,2500,0,23932.0
109969,Volkswagen,Hybrid,Manual,First,2019,51398,1000,0,26330.0
109970,Toyota,Diesel,Automatic,First,2018,61234,1800,1,23305.0
109971,Toyota,Hybrid,Manual,Second,2013,44161,1600,0,18529.0
109972,Toyota,Petrol,Automatic,First,2016,56326,1800,1,23851.0
109973,Kia,Diesel,Manual,Second,2017,75579,2500,0,17639.0
109974,Nissan,Petrol,Automatic,Second,2020,79900,3500,0,28459.0
109975,Hyundai,Petrol,Automatic,First,2022,98888,2500,0,23062.0
109976,Ford,Petrol,Manual,First,2023,53863,1600,0,27900.0
109977,Honda,Diesel,Manual,Third,2019,76445,2500,0,25351.0
109978,BMW,Diesel,Automatic,First,2018,37634,3500,0,44876.0
109979,Ford,Hybrid,Automatic,First,2022,41109,1800,1,29099.0
109980,Hyundai,Diesel,Manual,First,2012,91699,1600,2,7497.0
109981,Nissan,Petrol,Manual,First,2021,55918,2200,0,24364.0
109982,Kia,Diesel,Automatic,First,2014,44406,1400,0,11583.0
109983,Mercedes,Hybrid,Automatic,First,2012,18923,1800,0,32210.0
109984,Ford,Electric,Manual,First,2021,94469,1800,1,27776.0
109985,Mercedes,Diesel,Manual,Second,2017,13240,1800,1,30363.0
109986,Honda,Hybrid,Manual,First,2014,18345,1200,0,21073.0
109987,Hyundai,Hybrid,Manual,First,2025,82347,3500,1,35496.0
109988,Nissan,Petrol,Manual,Second,2013,58275,2200,0,15755.0
109989,Hyundai,Petrol,Manual,Second,2024,76234,3500,0,28349.0
109990,BMW,Petrol,Manual,First,2021,56237,2200,0,40997.0
109991,Kia,Petrol,Manual,Second,2013,91261,2500,0,13009.0
109992,BMW,Diesel,Manual,First,2019,101145,2200,1,25957.0
109993,Hyundai,Electric,Automatic,First,2012,104323,1000,0,14146.0
109994,BMW,Petrol,Automatic,Second,2020,58212,3000,0,41598.0
109995,Audi,Diesel,Automatic,First,2023,31281,1600,1,35913.0
109996,Hyundai,Diesel,Manual,Second,2018,64280,1000,0,14371.0
109997,Nissan,Petrol,Automatic,Second,2012,39898,3500,0,25178.0
109998,Ford,Petrol,Automatic,First,2016,47650,1200,0,17442.0
109999,Nissan,Diesel,Automatic,First,2016,121830,2500,1,17654.0
110000,Audi,Diesel,Manual,First,2025,90457,2500,0,36113.0
110001,Ford,Electric,Manual,First,2013,56508,3000,0,27208.0
110002,Audi,Petrol,Manual,Second,2012,61974,3000,0,29127.0
110003,Ford,Hybrid,Automatic,First,2018,50011,3500,1,34802.0
110004,Nissan,Petrol,Automatic,First,2023,70432,2500,0,25687.0
110005,Hyundai,Diesel,Automatic,Second,2020,52026,1600,0,22485.0
110006,Toyota,Diesel,Automatic,First,2019,97410,3500,0,32801.0
110007,Volkswagen,Petrol,Manual,First,2018,64646,2200,0,24604.0
110008,Volkswagen,Petrol,Automatic,First,2015,38340,3000,0,28056.0
110009,Audi,Petrol,Automatic,Second,2021,108357,2000,0,32361.0
110010,Volkswagen,Petrol,Automatic,First,2018,79092,2000,0,23033.0
110011,Nissan,Diesel,Automatic,First,2025,76621,1000,0,28385.0
110012,Mercedes,Petrol,Automatic,First,2025,9823,3500,0,49681.0
110013,Audi,Diesel,Automatic,Second,2024,63555,3000,0,45274.0
110014,Ford,Petrol,Automatic,First,2019,43297,1200,0,24435.0
110015,Kia,Hybrid,Automatic,First,2020,3000,1400,0,25131.0
110016,BMW,Hybrid,Automatic,First,2020,62358,1800,0,35499.0
110017,Nissan,Hybrid,Automatic,Second,2016,60774,1800,0,20851.0
110018,Ford,Diesel,Manual,First,2016,102547,1800,1,14867.0
110019,Mercedes,Petrol,Automatic,Second,2017,47873,1600,0,29817.0
110020,Kia,Hybrid,Manual,First,2025,40525,1800,1,24571.0
110021,Volkswagen,Petrol,Manual,Second,2019,44538,1400,0,19879.0
110022,Mercedes,Petrol,Automatic,Second,2025,72435,1000,0,34121.0
110023,Audi,Petrol,Automatic,Second,2014,99528,2200,1,23725.0
110024,Honda,Diesel,Automatic,First,2014,64954,3500,0,26989.0
110025,Honda,Diesel,Automatic,First,2022,47651,1200,0,28565.0
110026,Volkswagen,Diesel,Manual,Second,2016,59500,2500,1,19723.0
110027,Honda,Petrol,Automatic,Second,2022,84589,1000,1,24255.0
110028,Honda,Petrol,Manual,Third,2012,99857,2000,0,10329.0
110029,Ford,Electric,Automatic,First,2016,100480,1000,0,21588.0
110030,Ford,Diesel,Manual,Second,2020,61650,2500,1,22644.0
110031,BMW,Petrol,Manual,First,2016,78856,1200,1,26796.0
110032,Hyundai,Diesel,Manual,Second,2018,89112,2500,0,17132.0
110033,Volkswagen,Petrol,Manual,Third,2021,62873,1600,0,23750.0
110034,Honda,Petrol,Automatic,First,2020,85429,1400,0,24668.0
110035,BMW,Petrol,Manual,Second,2019,88016,1200,0,26690.0
110036,Volkswagen,Petrol,Automatic,First,2016,80934,1600,0,17267.0
110037,Honda,Petrol,Manual,First,2023,89304,3500,0,32801.0
110038,Nissan,Hybrid,Automatic,First,2024,127050,3500,0,34742.0
110039,Toyota,Diesel,Automatic,First,2013,40265,1200,0,18193.0
110040,Nissan,Diesel,Manual,First,2016,104440,1400,0,13932.0
110041,Kia,Diesel,Automatic,First,2021,70806,1200,0,21712.0
110042,Volkswagen,Electric,Automatic,First,2019,63373,1200,1,30547.0
110043,Hyundai,Petrol,Automatic,First,2022,48383,3500,0,32801.0
110044,Kia,Hybrid,Manual,Second,2012,73327,3000,1,12865.0
110045,BMW,Diesel,Manual,First,2021,49371,1000,0,30771.0
110046,BMW,Petrol,Manual,First,2015,60139,1400,1,23544.0
110047,Honda,Petrol,Manual,First,2012,21440,1000,0,11877.0
110048,Kia,Diesel,Automatic,Second,2016,68145,1400,1,15919.0
110049,Honda,Diesel,Automatic,First,2024,37932,1000,0,26515.0
110050,Volkswagen,Petrol,Manual,Third,2013,59994,3000,1,15300.0
110051,BMW,Diesel,Manual,First,2023,65284,1800,1,34439.0
110052,Toyota,Diesel,Automatic,First,2013,37306,1600,0,22039.0
110053,BMW,Petrol,Automatic,First,2018,36866,2500,0,39003.0
110054,Ford,Hybrid,Automatic,First,2015,51606,1000,1,15088.0
110055,Mercedes,Hybrid,Automatic,First,2025,44878,3000,0,50351.0
110056,Hyundai,Diesel,Automatic,First,2013,68694,1200,0,10518.0
110057,Kia,Electric,Automatic,Second,2022,60804,2500,1,28113.0
110058,Honda,Petrol,Automatic,First,2014,92753,2200,0,21745.0
110059,Mercedes,Petrol,Automatic,Second,2014,67486,3500,0,30817.0
110060,Mercedes,Petrol,Manual,Second,2013,74851,1200,1,22661.0
110061,Nissan,Diesel,Manual,Second,2018,62056,3500,0,26024.0
110062,Audi,Diesel,Automatic,First,2012,18372,3500,0,35565.0
110063,Nissan,Diesel,Automatic,First,2024,61616,2000,0,28264.0
110064,Nissan,Petrol,Manual,First,2020,4917,1800,0,27767.0
110065,Hyundai,Petrol,Automatic,Second,2016,50904,2200,0,14992.0
110066,Ford,Hybrid,Manual,Second,2015,82103,1200,0,12318.0
110067,BMW,Hybrid,Automatic,First,2014,30666,3500,2,43027.0
110068,Nissan,Diesel,Manual,First,2014,3000,3000,0,23074.0
110069,Volkswagen,Diesel,Automatic,First,2024,42382,1400,0,32139.0
110070,BMW,Diesel,Automatic,Second,2014,69663,1000,1,20669.0
110071,Ford,Petrol,Manual,First,2012,51354,2500,0,15917.0
110072,Honda,Petrol,Manual,Third,2013,25868,2200,0,22528.0
110073,Audi,Diesel,Automatic,Third,2022,49763,2200,0,37560.0
110074,BMW,Diesel,Manual,Second,2025,80051,1600,0,37526.0
110075,Kia,Petrol,Automatic,First,2018,54877,3500,1,25099.0
110076,Hyundai,Electric,Manual,First,2014,89014,1400,0,15097.0
110077,Mercedes,Hybrid,Automatic,First,2017,48352,3000,1,43451.0
110078,Honda,Petrol,Automatic,Third,2015,19777,1400,0,19025.0
110079,Ford,Diesel,Manual,First,2021,115092,2200,0,21854.0
110080,Nissan,Electric,Automatic,Second,2016,76498,2200,0,24220.0
110081,Volkswagen,Petrol,Automatic,Third,2019,105141,3500,1,26256.0
110082,Volkswagen,Diesel,Automatic,Second,2013,62089,2200,0,16735.0
110083,Audi,Diesel,Automatic,Second,2021,56662,1000,0,29231.0
110084,Ford,Petrol,Manual,First,2016,107471,3500,0,21645.0
110085,Honda,Hybrid,Automatic,First,2013,111233,1200,0,16307.0
110086,Kia,Petrol,Manual,First,2023,25168,1200,2,15025.0
110087,Mercedes,Petrol,Automatic,Third,2025,46442,1400,0,42324.0
110088,Nissan,Petrol,Automatic,Third,2020,37935,1600,0,21940.0
110089,Hyundai,Petrol,Automatic,First,2013,84314,1000,0,8057.0
110090,Toyota,Petrol,Manual,First,2012,42092,1800,0,20003.0
110091,Toyota,Diesel,Automatic,Second,2015,80168,1000,1,12049.0
110092,Nissan,Petrol,Automatic,First,2023,89489,2200,0,28091.0
110093,Honda,Diesel,Automatic,First,2018,121071,2200,0,23133.0
110094,Nissan,Diesel,Manual,First,2013,32023,1200,0,12158.0
110095,Ford,Petrol,Automatic,Third,2022,100050,1600,1,19332.0
110096,Toyota,Diesel,Manual,Third,2021,58051,3000,0,31898.0
110097,Audi,Diesel,Automatic,Second,2020,122558,1000,0,25634.0
110098,Ford,Diesel,Automatic,Second,2023,96510,3500,0,31715.0
110099,Toyota,Petrol,Automatic,First,2012,93550,2000,0,20950.0
110100,Kia,Diesel,Automatic,Second,2012,42614,3500,0,19170.0
110101,Mercedes,Electric,Automatic,First,2019,59133,1000,1,37263.0
110102,Volkswagen,Petrol,Manual,First,2016,77267,2000,0,19739.0
110103,Ford,Petrol,Automatic,First,2023,48143,1000,1,25332.0
110104,Volkswagen,Diesel,Automatic,First,2023,85401,1400,0,24624.0
110105,Volkswagen,Petrol,Automatic,Second,2020,119071,1600,0,22130.0
110106,Toyota,Diesel,Automatic,Third,2019,46244,3500,0,31522.0
110107,Ford,Petrol,Automatic,Second,2017,43633,1800,0,21387.0
110108,Mercedes,Petrol,Manual,Second,2015,47475,2200,0,31165.0
110109,Kia,Diesel,Automatic,First,2025,109503,1200,0,21678.0
110110,BMW,Petrol,Manual,First,2017,59114,2000,0,32398.0
110111,Audi,Petrol,Automatic,Second,2013,113689,1600,1,21196.0
110112,Volkswagen,Petrol,Automatic,First,2016,88196,2000,0,19307.0
110113,Mercedes,Petrol,Automatic,First,2021,78345,2200,2,34929.0
110114,Hyundai,Hybrid,Automatic,Second,2014,121764,2200,0,17133.0
110115,Hyundai,Electric,Automatic,First,2014,42574,1800,0,23318.0
110116,BMW,Petrol,Automatic,First,2025,12180,2200,0,44133.0
110117,BMW,Diesel,Automatic,First,2012,43912,1400,1,24948.0
110118,BMW,Petrol,Manual,First,2025,59019,3500,0,44906.0
110119,Audi,Diesel,Automatic,Second,2022,73232,1800,0,34611.0
110120,Audi,Petrol,Manual,Second,2019,88122,1800,0,26040.0
110121,Kia,Petrol,Automatic,First,2021,76728,1200,0,15738.0
110122,Volkswagen,Diesel,Manual,Third,2014,80175,1600,1,11867.0
110123,Honda,Petrol,Automatic,Second,2012,63402,1200,1,16432.0
110124,Hyundai,Petrol,Automatic,First,2015,83923,3000,0,19457.0
110125,Toyota,Hybrid,Manual,Second,2024,74395,3000,1,35142.0
110126,Toyota,Diesel,Automatic,First,2012,103830,1000,1,12806.0
110127,BMW,Diesel,Automatic,Second,2012,81669,1200,1,22408.0
110128,Nissan,Diesel,Automatic,Second,2012,87989,2500,0,14796.0
110129,Hyundai,Diesel,Automatic,First,2013,144240,1400,0,9199.0
110130,Honda,Petrol,Manual,Second,2023,56163,1400,1,25510.0
110131,Honda,Petrol,Manual,Second,2012,95157,3500,0,21835.0
110132,Toyota,Diesel,Manual,First,2023,68166,2000,0,29701.0
110133,Nissan,Diesel,Manual,First,2017,57555,1800,1,19354.0
110134,Honda,Diesel,Automatic,First,2018,61261,1600,0,25207.0
110135,Hyundai,Diesel,Automatic,First,2012,88933,2200,0,9792.0
110136,Volkswagen,Petrol,Manual,First,2021,60886,1000,0,23273.0
110137,Mercedes,Petrol,Automatic,First,2012,14073,1000,2,27626.0
110138,Nissan,Petrol,Automatic,First,2025,51106,1000,0,27278.0
110139,Honda,Diesel,Automatic,First,2022,107722,2500,0,29315.0
110140,Nissan,Diesel,Manual,Second,2021,86311,3000,0,28630.0
110141,Nissan,Hybrid,Automatic,Third,2020,3000,1400,1,24997.0
110142,Volkswagen,Diesel,Manual,Third,2020,44093,1000,0,18840.0
110143,Hyundai,Hybrid,Automatic,First,2012,32542,3000,0,23424.0
110144,Toyota,Diesel,Automatic,Second,2022,9109,1400,1,30472.0
110145,Volkswagen,Electric,Manual,Third,2019,63129,3000,0,31378.0
110146,Honda,Diesel,Manual,Third,2014,101770,1600,1,12018.0
110147,BMW,Electric,Automatic,Second,2018,36313,1000,0,38106.0
110148,Volkswagen,Petrol,Automatic,Second,2012,48236,1800,1,14166.0
110149,BMW,Petrol,Automatic,First,2018,55827,2200,0,36071.0
110150,Ford,Diesel,Manual,First,2022,11499,2000,2,25408.0
110151,Toyota,Electric,Automatic,First,2012,129697,1600,1,20022.0
110152,Hyundai,Petrol,Automatic,First,2014,90462,3500,0,17469.0
110153,Mercedes,Petrol,Manual,Third,2023,70314,2500,1,35632.0
110154,Nissan,Diesel,Automatic,First,2025,44876,3500,0,35562.0
110155,BMW,Diesel,Automatic,Third,2018,26526,3500,0,40734.0
110156,Mercedes,Petrol,Manual,Second,2012,41569,1000,1,22363.0
110157,Mercedes,Diesel,Manual,First,2025,98151,1600,0,37862.0
110158,BMW,Electric,Manual,First,2020,45312,2200,0,40261.0
110159,Mercedes,Hybrid,Automatic,First,2016,62858,2000,0,39811.0
110160,Nissan,Petrol,Manual,Second,2024,66640,1000,0,21288.0
110161,Kia,Petrol,Manual,Second,2013,164052,1800,1,5266.0
110162,Ford,Petrol,Automatic,Third,2015,47115,2000,0,20134.0
110163,BMW,Petrol,Automatic,First,2019,31093,3500,1,39742.0
110164,Nissan,Petrol,Automatic,First,2015,9921,3000,0,24519.0
110165,Toyota,Hybrid,Manual,First,2021,45178,1800,1,33379.0
110166,BMW,Petrol,Manual,First,2016,135157,1800,0,25257.0
110167,Nissan,Hybrid,Manual,Second,2013,82196,2500,0,17925.0
110168,Nissan,Electric,Automatic,First,2016,109481,2000,0,24438.0
110169,Volkswagen,Petrol,Manual,First,2018,78788,3500,2,26633.0
110170,Kia,Electric,Automatic,First,2020,54804,2500,1,29782.0
110171,BMW,Diesel,Manual,First,2019,86050,2000,0,30876.0
110172,Hyundai,Diesel,Manual,Second,2025,36983,3000,0,29818.0
110173,Nissan,Petrol,Automatic,First,2021,84594,2500,2,24967.0
110174,Ford,Diesel,Automatic,First,2022,95409,2500,0,25768.0
110175,Volkswagen,Petrol,Manual,Second,2017,94895,1000,1,10878.0
110176,Nissan,Diesel,Automatic,First,2024,58815,1600,0,26770.0
110177,BMW,Petrol,Manual,Second,2020,101285,1200,1,25382.0
110178,Honda,Diesel,Automatic,Third,2018,31581,2200,1,25531.0
110179,Nissan,Petrol,Manual,Second,2014,86940,3500,0,22841.0
110180,Audi,Petrol,Automatic,First,2022,73352,2000,0,38028.0
110181,Honda,Diesel,Automatic,Second,2023,44043,2200,0,31582.0
110182,Nissan,Diesel,Manual,Second,2024,31993,1800,1,20405.0
110183,Mercedes,Petrol,Manual,First,2012,62680,1400,0,24199.0
110184,Nissan,Petrol,Automatic,Second,2016,67106,1600,0,14926.0
110185,Toyota,Hybrid,Manual,First,2020,46175,3500,0,39272.0
110186,Mercedes,Diesel,Automatic,Second,2019,26024,1000,0,31455.0
110187,BMW,Petrol,Manual,First,2017,90265,1800,1,25988.0
110188,Ford,Diesel,Automatic,Third,2024,94016,2000,0,26937.0
110189,Honda,Diesel,Automatic,Second,2025,127951,2200,0,28962.0
110190,Hyundai,Petrol,Automatic,First,2019,44921,2500,0,24241.0
110191,Volkswagen,Diesel,Automatic,First,2019,66952,1800,0,23329.0
110192,Ford,Hybrid,Manual,First,2014,93793,1000,0,15568.0
110193,Mercedes,Diesel,Manual,First,2023,96589,1800,0,35164.0
110194,Volkswagen,Petrol,Automatic,First,2017,76254,1000,1,17821.0
110195,Honda,Hybrid,Automatic,First,2018,86633,2500,0,26976.0
110196,Hyundai,Petrol,Manual,First,2013,45006,1200,0,9147.0
110197,Audi,Electric,Automatic,First,2024,68416,1200,0,43767.0
110198,Audi,Petrol,Automatic,First,2022,38808,2000,0,39904.0
110199,Hyundai,Diesel,Automatic,Second,2018,85186,3000,0,21035.0
110200,Volkswagen,Diesel,Automatic,First,2021,97427,1800,0,26315.0
110201,BMW,Petrol,Automatic,First,2017,169119,2000,0,27729.0
110202,Volkswagen,Hybrid,Automatic,First,2013,109359,1400,0,17773.0
110203,Nissan,Diesel,Automatic,First,2013,13535,3000,0,21785.0
110204,Volkswagen,Petrol,Manual,First,2017,34137,1600,0,20055.0
110205,BMW,Diesel,Automatic,First,2014,109673,2000,0,26313.0
110206,Ford,Diesel,Automatic,First,2017,81848,1600,0,18400.0
110207,Honda,Petrol,Automatic,First,2020,68242,2000,0,27604.0
110208,Volkswagen,Electric,Manual,First,2021,63398,1000,0,29323.0
110209,Honda,Hybrid,Automatic,First,2023,36142,1000,1,30972.0
110210,Mercedes,Petrol,Automatic,Second,2012,5916,1000,1,24315.0
110211,Audi,Diesel,Manual,Second,2014,37168,3500,0,32938.0
110212,Audi,Petrol,Automatic,Third,2013,58637,1200,1,24140.0
110213,BMW,Hybrid,Manual,First,2022,71496,2200,1,39020.0
110214,Mercedes,Electric,Manual,Second,2014,56550,1400,0,30895.0
110215,Audi,Petrol,Automatic,Third,2013,26440,1000,0,23024.0
110216,BMW,Hybrid,Automatic,First,2014,48888,2500,1,35067.0
110217,Volkswagen,Diesel,Automatic,Second,2023,68760,2500,0,31500.0
110218,Mercedes,Petrol,Manual,First,2015,72352,1600,1,28600.0
110219,Nissan,Electric,Automatic,First,2024,52654,2200,0,33327.0
110220,Nissan,Diesel,Manual,First,2018,53993,1200,0,21367.0
110221,Nissan,Diesel,Manual,Second,2013,89049,2000,0,12446.0
110222,Ford,Diesel,Automatic,Third,2013,72331,3000,1,18369.0
110223,Nissan,Petrol,Manual,First,2013,53556,2200,0,15753.0
110224,Mercedes,Petrol,Automatic,Second,2024,75415,2000,0,39475.0
110225,Toyota,Electric,Automatic,First,2017,4667,3500,0,41984.0
110226,Audi,Diesel,Manual,First,2019,56109,1200,0,28172.0
110227,Nissan,Hybrid,Automatic,Second,2015,60299,1600,0,19030.0
110228,Mercedes,Petrol,Automatic,First,2023,64292,2000,0,38682.0
110229,Kia,Diesel,Manual,First,2021,38794,1800,0,20158.0
110230,Volkswagen,Electric,Manual,First,2014,84363,1800,1,24273.0
110231,Ford,Petrol,Automatic,Second,2020,27279,1600,1,23941.0
110232,Honda,Petrol,Manual,First,2012,14099,2500,0,22360.0
110233,BMW,Diesel,Automatic,Third,2021,59488,2500,0,35769.0
110234,Kia,Petrol,Manual,Second,2013,47222,1800,1,11731.0
110235,Kia,Petrol,Manual,First,2023,25440,2200,0,24272.0
110236,Ford,Hybrid,Automatic,First,2018,77593,1200,0,20130.0
110237,BMW,Electric,Automatic,Third,2023,63774,1400,0,39823.0
110238,Ford,Diesel,Manual,Second,2014,93494,3500,0,19600.0
110239,Nissan,Hybrid,Manual,Second,2023,74574,3000,1,30685.0
110240,Honda,Hybrid,Automatic,Second,2020,61321,2200,0,31441.0
110241,BMW,Diesel,Automatic,First,2012,30511,2000,0,27695.0
110242,Mercedes,Petrol,Automatic,Second,2023,29953,2200,0,43385.0
110243,Audi,Petrol,Automatic,Second,2020,54567,2000,0,39581.0
110244,Ford,Petrol,Manual,First,2017,51218,1200,0,12719.0
110245,Honda,Petrol,Automatic,Third,2012,88470,1400,0,11693.0
110246,Volkswagen,Petrol,Manual,First,2020,88537,1800,1,19487.0
110247,Toyota,Petrol,Manual,First,2020,17662,1200,0,24129.0
110248,Volkswagen,Petrol,Manual,First,2024,29361,1400,0,27414.0
110249,Toyota,Petrol,Automatic,Second,2021,14028,2200,1,27594.0
110250,Hyundai,Diesel,Manual,First,2022,44115,1200,0,19274.0
110251,Mercedes,Petrol,Manual,First,2016,98657,2000,0,29721.0
110252,Hyundai,Hybrid,Automatic,Third,2018,75779,3500,1,26997.0
110253,Ford,Petrol,Automatic,First,2014,70129,1800,0,14021.0
110254,Ford,Hybrid,Manual,First,2024,61723,1400,0,32167.0
110255,Toyota,Electric,Automatic,First,2019,44248,2500,0,33352.0
110256,BMW,Diesel,Manual,First,2024,90832,2000,0,34256.0
110257,Honda,Diesel,Automatic,First,2014,81161,3000,0,25112.0
110258,Nissan,Electric,Automatic,First,2021,93926,1000,0,29140.0
110259,Kia,Petrol,Automatic,First,2018,36635,1400,0,20396.0
110260,Ford,Electric,Automatic,Second,2015,55992,3500,0,29910.0
110261,Hyundai,Hybrid,Automatic,First,2016,26579,2500,1,26532.0
110262,Hyundai,Diesel,Automatic,Second,2018,39606,1000,0,15534.0
110263,Volkswagen,Petrol,Automatic,First,2013,42256,2500,0,19358.0
110264,Mercedes,Diesel,Automatic,First,2015,79896,3500,0,33856.0
110265,Toyota,Diesel,Automatic,First,2018,77386,1800,2,25093.0
110266,Kia,Diesel,Manual,First,2014,100355,2500,0,11221.0
110267,Toyota,Diesel,Automatic,First,2024,3000,3500,1,39624.0
110268,Ford,Petrol,Manual,First,2015,56642,2200,0,18532.0
110269,Audi,Petrol,Manual,Third,2021,158349,3000,0,28491.0
110270,Kia,Petrol,Automatic,Second,2023,82423,2200,0,26155.0
110271,Volkswagen,Petrol,Automatic,First,2019,58717,1600,0,23396.0
110272,Hyundai,Petrol,Manual,First,2014,88565,1000,0,8588.0
110273,Volkswagen,Petrol,Manual,First,2023,39623,1200,0,25824.0
110274,Ford,Petrol,Automatic,First,2020,32650,1200,0,25391.0
110275,Audi,Diesel,Manual,Second,2016,63306,1000,0,21344.0
110276,Nissan,Petrol,Automatic,Second,2013,73754,3500,0,21440.0
110277,Kia,Electric,Automatic,First,2025,86487,2200,1,34379.0
110278,Toyota,Hybrid,Automatic,First,2019,87689,1600,0,27619.0
110279,Kia,Diesel,Automatic,First,2021,39845,3500,0,32222.0
110280,Hyundai,Petrol,Manual,Second,2019,75025,2200,0,18249.0
110281,Toyota,Diesel,Manual,First,2024,94980,2500,1,32636.0
110282,Nissan,Diesel,Manual,Third,2024,90001,2000,0,20027.0
110283,Nissan,Electric,Automatic,Second,2012,84996,2500,0,18999.0
110284,Mercedes,Diesel,Automatic,Third,2020,80943,1200,0,30689.0
110285,Toyota,Diesel,Automatic,First,2013,78382,1000,0,11537.0
110286,Honda,Hybrid,Automatic,Second,2025,64216,3000,0,39410.0
110287,Audi,Petrol,Automatic,Second,2015,118054,3000,0,28456.0
110288,Honda,Petrol,Automatic,Second,2017,90302,3000,0,23473.0
110289,Nissan,Diesel,Automatic,First,2024,56065,1600,0,25755.0
110290,Toyota,Petrol,Manual,Third,2020,14356,3000,0,29737.0
110291,Mercedes,Petrol,Manual,Third,2012,130052,3000,1,24365.0
110292,Kia,Diesel,Automatic,First,2020,40904,1800,1,22275.0
110293,Kia,Petrol,Manual,First,2019,21868,1000,0,15280.0
110294,Kia,Diesel,Automatic,First,2023,94468,2500,0,28525.0
110295,Mercedes,Electric,Automatic,Second,2018,65013,1000,0,37257.0
110296,Ford,Petrol,Manual,Second,2013,81686,1400,0,8039.0
110297,Toyota,Petrol,Manual,First,2025,27383,1400,0,33738.0
110298,Honda,Petrol,Automatic,First,2018,89716,1800,0,21988.0
110299,Audi,Petrol,Automatic,First,2013,109784,1800,0,25267.0
110300,Nissan,Petrol,Manual,First,2020,64316,1800,1,20232.0
110301,Audi,Petrol,Automatic,First,2023,47319,1600,0,37529.0
110302,Nissan,Petrol,Automatic,Second,2015,39054,1000,0,15754.0
110303,Toyota,Petrol,Manual,Second,2013,88286,1600,1,13245.0
110304,Toyota,Diesel,Automatic,First,2016,99000,3500,1,27808.0
110305,Volkswagen,Hybrid,Automatic,Second,2020,53964,2500,1,28757.0
110306,Honda,Hybrid,Automatic,First,2015,49041,1800,1,24969.0
110307,Hyundai,Diesel,Manual,First,2016,66310,2200,1,14337.0
110308,Nissan,Petrol,Manual,Second,2019,57200,1000,0,14922.0
110309,BMW,Diesel,Automatic,First,2014,23224,1800,0,30376.0
110310,Hyundai,Petrol,Automatic,First,2017,8852,3500,0,28281.0
110311,Kia,Petrol,Automatic,First,2012,56466,2500,0,14784.0
110312,Audi,Hybrid,Automatic,Second,2025,42071,1800,0,42328.0
110313,Toyota,Petrol,Automatic,Second,2014,84468,1000,0,15596.0
110314,BMW,Petrol,Automatic,First,2019,36852,1200,0,33278.0
110315,Nissan,Hybrid,Automatic,First,2021,3000,2000,1,31711.0
110316,Ford,Electric,Manual,Second,2021,55869,1200,0,30192.0
110317,Nissan,Petrol,Automatic,First,2017,85450,3000,0,25925.0
110318,Audi,Petrol,Automatic,First,2021,118799,3000,0,36443.0
110319,Nissan,Diesel,Automatic,First,2025,125051,1200,0,22156.0
110320,Nissan,Diesel,Manual,Third,2015,49035,1000,0,10792.0
110321,Mercedes,Petrol,Automatic,Second,2023,36200,2200,0,44452.0
110322,Honda,Diesel,Automatic,Second,2019,65206,2200,1,26431.0
110323,Hyundai,Electric,Manual,Second,2024,77540,1400,1,28046.0
110324,Ford,Petrol,Manual,First,2014,47008,1200,0,12386.0
110325,Toyota,Electric,Manual,First,2013,49145,3000,1,29487.0
110326,Nissan,Electric,Automatic,Second,2021,100123,3000,0,36485.0
110327,Ford,Petrol,Automatic,First,2019,31468,2000,0,24848.0
110328,Volkswagen,Hybrid,Manual,Second,2023,64732,2200,1,28944.0
110329,Nissan,Petrol,Automatic,First,2015,95607,1200,0,11889.0
110330,Mercedes,Diesel,Automatic,First,2023,96471,2000,0,41816.0
110331,Mercedes,Hybrid,Manual,Second,2020,95168,2000,0,33439.0
110332,BMW,Petrol,Manual,First,2022,131788,2500,0,34482.0
110333,Kia,Diesel,Manual,First,2014,80409,3000,0,17600.0
110334,Audi,Hybrid,Manual,First,2020,60948,1200,2,30538.0
110335,Hyundai,Petrol,Automatic,Second,2021,34173,2200,0,24633.0
110336,Volkswagen,Petrol,Manual,First,2017,46407,3000,0,27438.0
110337,Audi,Petrol,Automatic,First,2025,3000,2000,0,44955.0
110338,Audi,Diesel,Manual,First,2016,72632,2200,0,29844.0
110339,BMW,Electric,Automatic,First,2024,74698,3000,1,50923.0
110340,Mercedes,Hybrid,Automatic,Second,2013,55753,3500,1,38005.0
110341,Honda,Petrol,Automatic,First,2024,35184,1600,1,33851.0
110342,Ford,Diesel,Automatic,Second,2023,65609,1200,0,21960.0
110343,Toyota,Petrol,Automatic,Second,2022,59333,1200,1,25332.0
110344,Honda,Petrol,Automatic,First,2017,44397,1000,0,18986.0
110345,Honda,Diesel,Automatic,Third,2015,65530,3000,1,20848.0
110346,Kia,Diesel,Automatic,Second,2016,92041,3500,0,21472.0
110347,Kia,Diesel,Automatic,Third,2024,52775,1600,0,22982.0
110348,Honda,Electric,Automatic,First,2022,47589,1800,0,37016.0
110349,Mercedes,Diesel,Automatic,First,2017,53340,1600,1,34129.0
110350,Audi,Diesel,Manual,First,2018,53408,1600,0,31141.0
110351,Ford,Petrol,Automatic,First,2015,78673,2000,0,17496.0
110352,Audi,Electric,Automatic,Third,2022,77240,2000,0,40194.0
110353,Audi,Hybrid,Automatic,Second,2019,78052,1000,1,30990.0
110354,Audi,Hybrid,Manual,Second,2025,62755,1000,1,32263.0
110355,Ford,Petrol,Manual,Third,2016,70312,2200,0,15321.0
110356,Ford,Diesel,Automatic,Third,2018,14140,1000,0,19244.0
110357,BMW,Diesel,Manual,First,2017,35369,1000,0,29084.0
110358,Hyundai,Petrol,Manual,Second,2022,64030,2000,0,22436.0
110359,Honda,Diesel,Manual,Second,2022,67828,2500,0,30489.0
110360,Nissan,Electric,Automatic,First,2016,92146,2200,2,25467.0
110361,BMW,Petrol,Manual,Third,2018,50746,2000,1,29727.0
110362,BMW,Petrol,Automatic,Second,2022,9000,2200,0,39485.0
110363,Toyota,Diesel,Manual,Second,2015,80143,1200,0,15143.0
110364,Nissan,Petrol,Manual,First,2018,8920,2000,0,21794.0
110365,Kia,Diesel,Manual,Second,2024,52880,3000,0,27447.0
110366,Toyota,Diesel,Automatic,First,2014,14051,1600,0,23059.0
110367,Kia,Petrol,Manual,First,2019,122540,1200,0,16080.0
110368,Hyundai,Hybrid,Automatic,First,2021,28444,3000,1,32413.0
110369,Volkswagen,Diesel,Automatic,First,2015,66102,2500,0,20539.0
110370,Kia,Hybrid,Automatic,First,2015,59579,2500,0,20247.0
110371,Audi,Hybrid,Manual,Second,2023,14128,2200,0,45502.0
110372,Kia,Hybrid,Automatic,First,2025,108978,2500,0,33951.0
110373,Nissan,Petrol,Automatic,Second,2012,84630,1400,0,7347.0
110374,Ford,Petrol,Automatic,First,2019,50355,2000,0,28069.0
110375,Nissan,Petrol,Automatic,First,2016,25788,2200,0,24122.0
110376,Hyundai,Petrol,Manual,Second,2020,32672,1800,0,16293.0
110377,BMW,Hybrid,Manual,Second,2014,12114,1200,1,28533.0
110378,Audi,Diesel,Automatic,Second,2016,56226,3500,1,32401.0
110379,Volkswagen,Hybrid,Manual,First,2025,72259,2200,1,31262.0
110380,Hyundai,Petrol,Manual,First,2023,101969,1200,0,18788.0
110381,BMW,Petrol,Manual,Second,2023,89534,3000,1,36950.0
110382,Mercedes,Hybrid,Manual,First,2025,90434,3000,1,45753.0
110383,Nissan,Petrol,Manual,First,2015,77089,3500,0,25455.0
110384,Hyundai,Hybrid,Manual,First,2023,74437,2000,0,26514.0
110385,Nissan,Petrol,Automatic,First,2022,59029,1600,1,22761.0
110386,Volkswagen,Electric,Automatic,First,2018,86520,3500,0,35214.0
110387,BMW,Diesel,Manual,First,2021,46388,1600,0,38419.0
110388,Nissan,Hybrid,Automatic,First,2025,62672,1800,1,32790.0
110389,Ford,Petrol,Manual,Second,2016,69508,2200,0,18067.0
110390,Kia,Diesel,Automatic,First,2013,87020,2500,0,15825.0
110391,Toyota,Electric,Automatic,Third,2017,49387,3500,0,34467.0
110392,Volkswagen,Hybrid,Automatic,First,2024,116800,2500,3,35082.0
110393,Toyota,Petrol,Manual,First,2025,142713,2200,1,27428.0
110394,Honda,Petrol,Manual,First,2015,17929,2000,0,26349.0
110395,Kia,Petrol,Automatic,Second,2017,79508,1200,1,12765.0
110396,Volkswagen,Petrol,Automatic,Second,2012,102932,2500,0,16092.0
110397,Hyundai,Diesel,Automatic,Second,2022,48233,1600,0,22996.0
110398,Ford,Petrol,Automatic,Second,2024,83418,2500,1,28120.0
110399,Hyundai,Petrol,Automatic,Second,2023,46754,1800,0,26109.0
110400,Mercedes,Diesel,Manual,Second,2012,46694,1400,0,23860.0
110401,Honda,Diesel,Manual,First,2015,61289,2000,1,18453.0
110402,Ford,Diesel,Automatic,First,2018,34405,1200,0,21744.0
110403,Nissan,Electric,Automatic,First,2022,58150,2000,1,32987.0
110404,Nissan,Petrol,Manual,Second,2018,34655,2000,0,20405.0
110405,Audi,Diesel,Manual,First,2012,65013,1000,0,17695.0
110406,Nissan,Petrol,Manual,Second,2025,66870,3500,2,27872.0
110407,BMW,Petrol,Automatic,First,2016,71386,1800,0,30589.0
110408,Honda,Petrol,Automatic,First,2017,78431,1800,0,21132.0
110409,BMW,Petrol,Automatic,First,2016,72918,2500,1,33998.0
110410,Kia,Petrol,Automatic,First,2018,89864,2200,0,17856.0
110411,Audi,Petrol,Manual,First,2017,47134,3000,2,33754.0
110412,Audi,Hybrid,Automatic,First,2016,93095,3500,1,36001.0
110413,Nissan,Diesel,Manual,First,2016,77332,1400,0,15675.0
110414,Ford,Electric,Automatic,Second,2020,61568,1000,1,24693.0
110415,Kia,Diesel,Manual,First,2014,48782,2200,0,16790.0
110416,Mercedes,Petrol,Automatic,First,2020,17051,3000,0,44792.0
110417,Honda,Petrol,Automatic,First,2024,30357,3500,0,40352.0
110418,Honda,Petrol,Automatic,Third,2022,113669,3500,0,32106.0
110419,Volkswagen,Petrol,Automatic,First,2013,30452,2200,0,19212.0
110420,Hyundai,Diesel,Manual,Third,2021,44151,3500,0,29558.0
110421,Nissan,Diesel,Automatic,First,2018,57190,2200,0,22212.0
110422,Volkswagen,Petrol,Manual,Third,2017,65088,3500,0,25166.0
110423,Mercedes,Petrol,Automatic,First,2019,52738,2000,0,36185.0
110424,Audi,Petrol,Automatic,First,2020,83697,1800,0,34474.0
110425,Toyota,Petrol,Manual,Second,2024,71837,1800,0,29464.0
110426,Mercedes,Petrol,Manual,Third,2017,81261,2500,0,33757.0
110427,Mercedes,Hybrid,Automatic,Second,2013,105957,3000,0,31852.0
110428,Ford,Petrol,Manual,Second,2021,71506,1600,0,20058.0
110429,Ford,Diesel,Manual,First,2023,57880,3500,0,32601.0
110430,Ford,Petrol,Automatic,First,2015,3000,1000,1,19140.0
110431,Ford,Petrol,Manual,First,2025,133443,1800,0,25189.0
110432,Hyundai,Hybrid,Automatic,First,2025,116009,1600,1,23795.0
110433,Nissan,Diesel,Automatic,First,2014,102991,1600,1,14354.0
110434,Honda,Petrol,Manual,First,2014,70668,1000,0,13963.0
110435,Nissan,Hybrid,Automatic,Second,2016,61510,1400,1,17152.0
110436,Nissan,Petrol,Automatic,First,2021,64319,1400,0,23345.0
110437,Honda,Petrol,Automatic,First,2012,75647,2500,1,20389.0
110438,Ford,Hybrid,Manual,First,2020,89654,2000,0,26472.0
110439,Nissan,Diesel,Manual,First,2015,42247,2000,0,16544.0
110440,Hyundai,Petrol,Automatic,First,2018,53839,2000,2,18707.0
110441,Ford,Petrol,Manual,First,2018,55975,2500,0,26350.0
110442,Hyundai,Hybrid,Automatic,Third,2018,81122,1800,0,19469.0
110443,Volkswagen,Petrol,Manual,First,2022,94615,1400,0,24481.0
110444,Nissan,Petrol,Manual,First,2016,103551,1000,2,6723.0
110445,BMW,Diesel,Manual,First,2015,72641,2500,0,31913.0
110446,Hyundai,Electric,Automatic,First,2015,119424,3500,1,24658.0
110447,Volkswagen,Petrol,Manual,First,2024,67848,1600,1,25682.0
110448,Kia,Hybrid,Automatic,First,2016,117794,1400,0,15265.0
110449,Kia,Diesel,Manual,First,2017,94922,2500,1,15029.0
110450,Volkswagen,Petrol,Automatic,Second,2021,54783,3500,0,33398.0
110451,Audi,Diesel,Automatic,Second,2018,134545,2200,0,28254.0
110452,Audi,Electric,Automatic,First,2016,22812,2500,0,38641.0
110453,Ford,Petrol,Automatic,Second,2024,110643,1200,0,21224.0
110454,Audi,Petrol,Automatic,First,2023,59202,2500,1,41570.0
110455,Kia,Electric,Manual,First,2023,10922,1600,0,30345.0
110456,Audi,Diesel,Automatic,First,2020,138572,1200,1,25807.0
110457,BMW,Petrol,Automatic,Second,2025,76094,1600,0,39950.0
110458,Kia,Diesel,Automatic,First,2020,58472,2500,0,28868.0
110459,Hyundai,Diesel,Manual,Second,2012,58885,2000,0,7127.0
110460,Mercedes,Hybrid,Automatic,Second,2016,97415,1400,1,28911.0
110461,Audi,Electric,Automatic,Second,2013,68250,2200,1,33026.0
110462,Audi,Petrol,Automatic,First,2015,128977,2000,2,24431.0
110463,Nissan,Petrol,Manual,First,2022,52021,1800,1,21788.0
110464,Honda,Diesel,Automatic,First,2018,31099,2000,1,26727.0
110465,BMW,Petrol,Automatic,Third,2021,75900,1400,0,30735.0
110466,Kia,Diesel,Manual,Second,2017,77944,1800,1,11017.0
110467,Kia,Petrol,Automatic,Second,2018,35912,1400,1,13504.0
110468,Toyota,Petrol,Automatic,First,2014,25287,1200,0,18109.0
110469,Honda,Diesel,Automatic,First,2025,40173,1200,1,30731.0
110470,Audi,Diesel,Manual,First,2016,54072,1200,0,26096.0
110471,Volkswagen,Hybrid,Automatic,Second,2017,43421,3500,1,29331.0
110472,Nissan,Diesel,Automatic,Second,2022,105697,1600,0,19905.0
110473,Hyundai,Petrol,Automatic,First,2017,57453,1200,0,16333.0
110474,Nissan,Petrol,Manual,First,2017,108167,1600,1,14736.0
110475,Audi,Hybrid,Automatic,Second,2020,3000,3000,0,47790.0
110476,Toyota,Petrol,Automatic,First,2017,79446,1400,0,23575.0
110477,Mercedes,Diesel,Manual,Second,2023,72152,1800,0,39158.0
110478,Kia,Diesel,Manual,First,2013,102278,1200,0,9287.0
110479,Hyundai,Petrol,Manual,First,2020,63500,2200,1,17941.0
110480,Honda,Hybrid,Automatic,Second,2015,36974,3500,1,32233.0
110481,Audi,Petrol,Automatic,Second,2018,72763,1800,0,27461.0
110482,BMW,Diesel,Automatic,First,2017,71884,2200,0,34699.0
110483,Volkswagen,Petrol,Automatic,Third,2020,45942,1400,0,22620.0
110484,Nissan,Petrol,Manual,Third,2021,60043,2000,0,22793.0
110485,Toyota,Diesel,Manual,First,2024,53140,1400,0,29398.0
110486,Mercedes,Diesel,Automatic,Second,2014,116167,1000,1,22547.0
110487,Ford,Diesel,Manual,Second,2019,62971,2500,0,23185.0
110488,Volkswagen,Diesel,Manual,First,2016,63460,3000,1,25028.0
110489,Audi,Diesel,Manual,Third,2017,58667,1800,0,24729.0
110490,Mercedes,Petrol,Manual,First,2025,55418,1000,0,36747.0
110491,Volkswagen,Diesel,Manual,First,2014,72800,1200,0,12201.0
110492,Volkswagen,Diesel,Automatic,Third,2014,43089,2500,1,18707.0
110493,Kia,Petrol,Automatic,First,2018,61779,2200,2,18378.0
110494,Volkswagen,Diesel,Automatic,Second,2017,19778,1600,0,22566.0
110495,BMW,Electric,Automatic,First,2013,72005,1400,0,28349.0
110496,Mercedes,Petrol,Automatic,Third,2021,72770,1600,0,34619.0
110497,Audi,Electric,Automatic,Second,2024,31726,1800,1,46543.0
110498,Audi,Petrol,Manual,Third,2023,83866,1600,2,29922.0
110499,BMW,Petrol,Automatic,Third,2019,54928,3000,0,35176.0
110500,Honda,Petrol,Automatic,First,2023,108270,1000,1,24655.0
110501,Mercedes,Diesel,Automatic,First,2016,58898,1000,1,29067.0
110502,Volkswagen,Petrol,Automatic,Second,2018,105239,3500,0,25426.0
110503,Toyota,Hybrid,Automatic,Second,2014,84226,2200,0,24243.0
110504,Hyundai,Hybrid,Manual,First,2021,30416,1400,0,26240.0
110505,Mercedes,Diesel,Automatic,Third,2016,49353,1600,1,28108.0
110506,Ford,Diesel,Automatic,First,2023,114876,1000,0,20514.0
110507,Toyota,Electric,Automatic,Second,2014,91200,1200,0,23877.0
110508,BMW,Hybrid,Manual,First,2023,35614,1800,0,44055.0
110509,Volkswagen,Diesel,Manual,First,2014,80564,1600,0,12123.0
110510,Honda,Diesel,Automatic,First,2023,45922,1400,1,28190.0
110511,Ford,Diesel,Manual,First,2025,56154,1200,1,24433.0
110512,Honda,Diesel,Manual,First,2012,108021,1000,0,9042.0
110513,Honda,Petrol,Automatic,First,2022,79941,1000,0,27208.0
110514,Nissan,Diesel,Automatic,First,2014,29752,1000,0,15552.0
110515,Kia,Petrol,Automatic,Second,2018,67925,2200,0,18514.0
110516,Ford,Petrol,Automatic,First,2022,100037,1000,0,21089.0
110517,Hyundai,Diesel,Manual,First,2020,76833,1200,0,16910.0
110518,Kia,Electric,Automatic,Third,2012,64039,1200,0,14318.0
110519,Ford,Electric,Automatic,Second,2015,49442,2500,1,25390.0
110520,Honda,Diesel,Automatic,First,2021,66250,1800,2,24755.0
110521,Kia,Diesel,Automatic,Second,2018,3000,1600,0,20768.0
110522,Ford,Petrol,Manual,Third,2017,68340,1400,2,12250.0
110523,Hyundai,Diesel,Automatic,Third,2015,34542,2500,0,17834.0
110524,Toyota,Petrol,Automatic,Second,2022,30331,3500,0,35765.0
110525,Mercedes,Petrol,Automatic,Second,2014,74792,2000,0,29000.0
110526,Volkswagen,Diesel,Automatic,First,2017,71425,2200,0,23702.0
110527,Ford,Petrol,Automatic,Second,2015,59999,1800,1,15874.0
110528,Hyundai,Petrol,Automatic,Second,2016,62224,1800,0,13272.0
110529,Mercedes,Hybrid,Automatic,First,2013,46337,3500,0,42810.0
110530,Kia,Petrol,Automatic,First,2020,11376,2500,0,27402.0
110531,Ford,Petrol,Automatic,First,2013,62242,1000,1,12267.0
110532,Ford,Petrol,Automatic,Second,2024,82825,1400,0,27194.0
110533,BMW,Petrol,Automatic,First,2015,32324,2200,0,33384.0
110534,Ford,Petrol,Automatic,Second,2019,49763,1400,0,20954.0
110535,Volkswagen,Hybrid,Manual,Second,2018,61029,3000,0,29891.0
110536,BMW,Petrol,Automatic,First,2015,59731,1200,0,29574.0
110537,Mercedes,Hybrid,Manual,Third,2019,64782,1000,0,29800.0
110538,Kia,Petrol,Manual,First,2022,66984,2200,0,27538.0
110539,Kia,Diesel,Automatic,First,2017,35299,3000,1,23128.0
110540,Audi,Diesel,Manual,First,2019,79073,1600,1,26915.0
110541,Audi,Diesel,Manual,First,2015,51086,3000,0,31032.0
110542,Mercedes,Diesel,Automatic,First,2016,85850,1400,0,33194.0
110543,Nissan,Electric,Manual,Second,2015,69101,2500,0,20779.0
110544,Hyundai,Petrol,Automatic,Second,2018,75987,3000,0,21523.0
110545,Nissan,Diesel,Automatic,Second,2015,94069,1800,1,11063.0
110546,Hyundai,Hybrid,Manual,Second,2016,78473,1800,0,15589.0
110547,BMW,Petrol,Automatic,First,2020,87725,1800,1,33394.0
110548,Mercedes,Petrol,Manual,First,2019,111088,3000,1,34465.0
110549,Hyundai,Petrol,Manual,Second,2013,28224,3000,0,17716.0
110550,Audi,Diesel,Manual,Second,2018,46192,1400,1,30168.0
110551,Audi,Petrol,Automatic,First,2023,49175,1600,1,36819.0
110552,Honda,Petrol,Manual,Third,2013,104197,2000,1,11123.0
110553,Hyundai,Diesel,Automatic,Second,2021,63998,2500,0,23453.0
110554,Mercedes,Diesel,Automatic,Second,2014,43432,1200,0,28164.0
110555,Toyota,Petrol,Automatic,Second,2012,35500,1600,0,15645.0
110556,BMW,Petrol,Manual,First,2013,86979,1800,0,26815.0
110557,Ford,Diesel,Automatic,Second,2014,74947,2000,0,16745.0
110558,Ford,Electric,Automatic,First,2016,21082,1000,0,25761.0
110559,Hyundai,Diesel,Automatic,Second,2024,46892,2000,0,26368.0
110560,Nissan,Hybrid,Automatic,First,2024,5377,3500,2,40435.0
110561,BMW,Petrol,Manual,First,2017,89831,2200,0,32278.0
110562,Kia,Petrol,Automatic,First,2025,65769,3000,0,30856.0
110563,Volkswagen,Diesel,Automatic,First,2018,59805,2500,1,27763.0
110564,Ford,Hybrid,Manual,First,2016,22045,1400,0,18491.0
110565,Audi,Diesel,Automatic,Second,2016,45903,1800,0,27521.0
110566,BMW,Hybrid,Manual,First,2022,83524,1000,0,32815.0
110567,Nissan,Electric,Automatic,First,2019,55985,3000,0,33161.0
110568,Mercedes,Petrol,Automatic,First,2012,49151,3500,0,36454.0
110569,Nissan,Petrol,Automatic,Second,2020,114973,2200,0,24944.0
110570,BMW,Petrol,Automatic,First,2014,16641,1400,1,30408.0
110571,Kia,Petrol,Manual,First,2022,45685,2000,1,23169.0
110572,Ford,Petrol,Automatic,First,2017,39848,3500,1,26794.0
110573,Audi,Hybrid,Manual,Second,2015,81590,1000,1,24300.0
110574,Toyota,Petrol,Automatic,Second,2013,73075,1400,1,13082.0
110575,Mercedes,Petrol,Automatic,First,2025,62475,1000,0,42246.0
110576,Audi,Petrol,Manual,First,2025,31512,2200,0,39021.0
110577,Kia,Electric,Manual,Second,2024,72643,1400,0,27354.0
110578,Volkswagen,Diesel,Manual,First,2017,9095,1800,0,23770.0
110579,Kia,Electric,Manual,Second,2025,54385,1800,0,30482.0
110580,Kia,Electric,Automatic,First,2021,47343,3000,1,33181.0
110581,Ford,Diesel,Manual,First,2019,91108,1000,0,19210.0
110582,BMW,Petrol,Automatic,First,2015,82078,1400,2,25643.0
110583,BMW,Petrol,Automatic,Second,2019,81535,1600,0,30018.0
110584,Audi,Petrol,Manual,First,2018,69525,1600,0,28387.0
110585,Volkswagen,Diesel,Automatic,First,2012,102618,2500,1,15546.0
110586,Volkswagen,Petrol,Automatic,Second,2016,88325,2500,0,22121.0
110587,Nissan,Petrol,Automatic,First,2025,33376,1600,0,26248.0
110588,Toyota,Diesel,Automatic,First,2019,51343,3500,0,32967.0
110589,Kia,Diesel,Automatic,First,2017,83637,3000,1,20085.0
110590,Toyota,Diesel,Automatic,Third,2020,72021,3000,0,26970.0
110591,Honda,Petrol,Automatic,Second,2022,63902,1400,0,26141.0
110592,Hyundai,Hybrid,Automatic,Second,2018,75596,3000,1,23968.0
110593,Kia,Diesel,Manual,First,2013,7700,2500,0,21548.0
110594,Toyota,Petrol,Automatic,First,2012,77052,1600,0,18447.0
110595,Ford,Hybrid,Automatic,Second,2023,99024,3500,0,31495.0
110596,Hyundai,Electric,Manual,First,2020,87131,1800,0,28893.0
110597,Volkswagen,Petrol,Manual,First,2024,144789,1200,1,19078.0
110598,Kia,Petrol,Automatic,Second,2016,78811,2200,0,16309.0
110599,Kia,Diesel,Manual,First,2013,60564,1200,0,9282.0
110600,Volkswagen,Petrol,Automatic,Second,2022,111093,1000,0,21555.0
110601,Nissan,Hybrid,Automatic,First,2025,38481,3500,0,38286.0
110602,Ford,Petrol,Manual,Second,2024,50937,1800,0,26371.0
110603,Kia,Hybrid,Manual,First,2015,62482,2500,2,20291.0
110604,Toyota,Diesel,Automatic,First,2021,40289,1600,0,26996.0
110605,Kia,Diesel,Automatic,Second,2024,85192,1000,0,20638.0
110606,Hyundai,Petrol,Automatic,Third,2023,91119,1600,0,21265.0
110607,Kia,Petrol,Automatic,Third,2017,50478,3000,1,20003.0
110608,Toyota,Petrol,Manual,First,2020,74746,2500,0,26239.0
110609,Mercedes,Petrol,Automatic,First,2019,74033,3000,0,41970.0
110610,Hyundai,Petrol,Automatic,Second,2017,75779,2200,0,19798.0
110611,Audi,Hybrid,Automatic,First,2015,57266,2000,0,31741.0
110612,Audi,Petrol,Manual,Second,2025,43118,2000,1,37346.0
110613,Hyundai,Hybrid,Automatic,First,2021,107082,1000,0,23924.0
110614,Ford,Petrol,Manual,First,2016,42667,1400,0,18701.0
110615,Mercedes,Hybrid,Manual,Second,2022,54820,1200,1,36237.0
110616,Hyundai,Electric,Automatic,First,2022,94530,2200,1,27929.0
110617,Toyota,Petrol,Manual,Second,2015,64011,3500,0,26165.0
110618,Honda,Hybrid,Manual,First,2015,132906,2000,0,17883.0
110619,BMW,Diesel,Automatic,Second,2019,36137,1400,0,34260.0
110620,Kia,Hybrid,Automatic,First,2015,41160,1600,0,20402.0
110621,Nissan,Diesel,Automatic,First,2024,57856,1000,0,23063.0
110622,Mercedes,Petrol,Automatic,Third,2022,90821,1600,1,30973.0
110623,Toyota,Petrol,Automatic,Second,2014,67274,1200,0,15959.0
110624,Nissan,Petrol,Automatic,Third,2013,81465,1800,0,14394.0
110625,Audi,Diesel,Manual,Second,2021,113421,3000,1,34400.0
110626,Hyundai,Electric,Automatic,Third,2012,3000,3000,0,25161.0
110627,Mercedes,Diesel,Automatic,First,2016,14403,1000,0,31663.0
110628,Volkswagen,Petrol,Automatic,First,2015,46050,2000,2,20573.0
110629,Kia,Hybrid,Manual,Second,2021,60111,1200,0,17922.0
110630,BMW,Hybrid,Automatic,Second,2020,25403,1000,0,35793.0
110631,Audi,Petrol,Automatic,Second,2020,104469,3000,0,33232.0
110632,Hyundai,Petrol,Automatic,Second,2022,68777,1200,0,21939.0
110633,Kia,Petrol,Automatic,Third,2016,103482,2000,0,13885.0
110634,Audi,Hybrid,Automatic,First,2016,61890,2000,0,32234.0
110635,Volkswagen,Hybrid,Automatic,Second,2017,61849,1400,0,20681.0
110636,Nissan,Petrol,Manual,First,2015,34068,2000,0,19261.0
110637,BMW,Petrol,Manual,First,2024,64184,1600,0,35549.0
110638,BMW,Hybrid,Automatic,First,2017,99843,2500,1,36958.0
110639,Kia,Electric,Automatic,Second,2019,82136,1600,0,23846.0
110640,Toyota,Hybrid,Manual,Second,2023,84300,2200,1,32165.0
110641,Kia,Diesel,Automatic,Third,2016,50948,3500,0,22698.0
110642,Audi,Petrol,Manual,First,2019,36968,1200,0,31266.0
110643,Toyota,Diesel,Manual,First,2019,46727,2000,0,28758.0
110644,BMW,Petrol,Manual,First,2014,79150,3500,0,32417.0
110645,Honda,Hybrid,Automatic,First,2017,32910,1800,0,31720.0
110646,BMW,Petrol,Automatic,First,2012,58168,1000,0,25044.0
110647,Kia,Hybrid,Automatic,First,2016,41555,1800,0,18217.0
110648,Audi,Petrol,Automatic,First,2018,36096,2000,0,34066.0
110649,Toyota,Hybrid,Automatic,First,2016,91160,1200,0,22905.0
110650,Hyundai,Petrol,Manual,First,2014,66922,2200,1,12921.0
110651,Toyota,Petrol,Automatic,Third,2013,96545,1000,0,14315.0
110652,Volkswagen,Diesel,Manual,Second,2023,54684,1000,1,21830.0
110653,Ford,Petrol,Manual,Second,2013,95387,1000,1,7909.0
110654,Ford,Electric,Automatic,Second,2020,86147,1200,0,25440.0
110655,Mercedes,Diesel,Automatic,First,2013,41574,1000,0,24865.0
110656,Nissan,Diesel,Manual,Second,2018,96041,2200,0,14040.0
110657,Mercedes,Hybrid,Automatic,Second,2020,42066,1800,0,37717.0
110658,Mercedes,Hybrid,Automatic,First,2023,105637,2200,1,43991.0
110659,Toyota,Diesel,Automatic,Second,2014,109662,1800,0,15397.0
110660,Audi,Electric,Manual,First,2018,73804,2500,0,37669.0
110661,Mercedes,Petrol,Automatic,First,2012,61999,3500,0,32673.0
110662,Kia,Petrol,Automatic,Second,2023,34081,2500,0,27406.0
110663,Toyota,Diesel,Manual,Second,2017,130349,3000,0,21886.0
110664,Audi,Petrol,Automatic,Second,2022,22954,1400,0,36080.0
110665,Ford,Diesel,Automatic,First,2013,23898,1200,0,17045.0
110666,Honda,Petrol,Automatic,First,2021,42744,2200,0,29808.0
110667,Kia,Petrol,Automatic,First,2012,78142,2200,0,10201.0
110668,Hyundai,Hybrid,Automatic,Third,2016,3000,1400,1,18195.0
110669,Nissan,Diesel,Manual,Second,2025,38877,1200,1,23455.0
110670,Hyundai,Electric,Automatic,Second,2024,60891,3500,0,40004.0
110671,Audi,Hybrid,Automatic,First,2017,117686,1200,0,27707.0
110672,Volkswagen,Petrol,Automatic,First,2022,54679,1400,2,25865.0
110673,Audi,Petrol,Manual,First,2013,57706,2500,1,27704.0
110674,Honda,Petrol,Automatic,First,2015,103605,2500,0,20006.0
110675,Ford,Hybrid,Automatic,First,2025,58305,1000,0,25965.0
110676,BMW,Petrol,Automatic,Second,2014,20925,3000,0,33290.0
110677,Audi,Petrol,Automatic,First,2012,78308,1800,0,23129.0
110678,Ford,Electric,Automatic,Second,2025,10821,1800,1,35639.0
110679,Hyundai,Diesel,Manual,First,2012,66345,1200,1,9390.0
110680,Audi,Petrol,Manual,First,2014,92532,1800,0,21421.0
110681,Audi,Petrol,Automatic,Second,2023,52116,2000,1,36279.0
110682,Mercedes,Hybrid,Automatic,First,2013,48583,2200,0,33958.0
110683,Hyundai,Hybrid,Automatic,Second,2013,95871,1000,0,9712.0
110684,Nissan,Petrol,Manual,Second,2023,61516,1400,1,23501.0
110685,Nissan,Petrol,Automatic,Second,2021,50795,1600,0,21308.0
110686,Kia,Hybrid,Manual,First,2025,69801,2200,1,29227.0
110687,Volkswagen,Hybrid,Manual,First,2016,112227,2500,0,21466.0
110688,BMW,Hybrid,Automatic,First,2016,45368,1800,0,36288.0
110689,Audi,Diesel,Manual,Third,2023,62447,2200,1,36235.0
110690,Audi,Electric,Manual,Second,2018,4038,1200,0,36047.0
110691,Kia,Petrol,Automatic,First,2016,100898,2500,0,17047.0
110692,Volkswagen,Petrol,Automatic,First,2025,40500,1200,0,28244.0
110693,Hyundai,Diesel,Automatic,First,2014,73470,1400,1,11470.0
110694,Audi,Diesel,Automatic,First,2021,114075,1400,0,31731.0
110695,Ford,Hybrid,Automatic,Second,2017,69663,2000,0,22328.0
110696,Toyota,Petrol,Automatic,First,2014,105455,3500,0,26032.0
110697,Volkswagen,Hybrid,Automatic,First,2023,97294,2000,0,35147.0
110698,Audi,Petrol,Automatic,First,2019,76970,1000,0,28874.0
110699,Volkswagen,Diesel,Manual,First,2017,3000,3500,0,32559.0
110700,Nissan,Petrol,Manual,First,2025,3000,1200,0,24858.0
110701,BMW,Diesel,Manual,First,2018,103733,1800,0,27159.0
110702,Audi,Diesel,Automatic,Second,2024,76592,3000,0,42160.0
110703,BMW,Petrol,Manual,Second,2014,75055,2000,2,23708.0
110704,Honda,Petrol,Manual,First,2022,51179,2000,0,32169.0
110705,Toyota,Diesel,Automatic,First,2018,52878,1000,1,20569.0
110706,Kia,Hybrid,Manual,Second,2020,59200,2500,0,21955.0
110707,BMW,Petrol,Automatic,First,2019,51566,3000,0,39826.0
110708,Audi,Petrol,Manual,First,2022,76061,1800,2,32439.0
110709,Mercedes,Petrol,Manual,First,2024,85653,3500,0,45910.0
110710,Kia,Electric,Manual,First,2013,36276,1400,1,16203.0
110711,Kia,Petrol,Automatic,First,2021,88836,3500,1,27206.0
110712,Hyundai,Petrol,Automatic,First,2021,68657,1800,0,21894.0
110713,BMW,Hybrid,Automatic,First,2024,61927,1800,0,43314.0
110714,Mercedes,Diesel,Automatic,Second,2013,72505,1000,1,26481.0
110715,BMW,Petrol,Automatic,First,2025,33050,3000,0,45068.0
110716,Hyundai,Electric,Automatic,Third,2018,45648,3500,0,32717.0
110717,Toyota,Diesel,Manual,Second,2025,3000,1200,1,29593.0
110718,Audi,Diesel,Automatic,Second,2021,75146,1800,0,33718.0
110719,Nissan,Petrol,Manual,Second,2023,63949,1000,0,19435.0
110720,Nissan,Hybrid,Automatic,First,2015,60145,2200,1,24976.0
110721,BMW,Petrol,Automatic,Second,2020,59161,2200,1,30990.0
110722,Hyundai,Petrol,Manual,Third,2017,77266,1800,0,14093.0
110723,Volkswagen,Petrol,Automatic,First,2020,44538,3500,0,31050.0
110724,Audi,Hybrid,Automatic,First,2022,72495,3500,0,44632.0
110725,BMW,Diesel,Manual,First,2014,96462,1200,1,24910.0
110726,Volkswagen,Diesel,Automatic,Second,2017,8437,2500,2,27476.0
110727,Audi,Petrol,Manual,First,2017,57295,1400,0,27355.0
110728,Volkswagen,Diesel,Manual,First,2019,40178,1800,0,23058.0
110729,Kia,Hybrid,Automatic,Second,2018,98117,2000,0,19687.0
110730,BMW,Petrol,Manual,First,2014,76944,2000,0,28405.0
110731,Hyundai,Hybrid,Manual,Second,2012,86845,2500,0,13346.0
110732,Audi,Petrol,Manual,First,2013,86828,1000,1,18205.0
110733,Nissan,Hybrid,Manual,First,2022,116440,1800,0,25035.0
110734,BMW,Petrol,Manual,First,2021,74725,2200,0,38140.0
110735,Audi,Diesel,Automatic,Second,2013,39274,1800,1,24302.0
110736,Audi,Electric,Automatic,Second,2012,78150,2500,1,28853.0
110737,Volkswagen,Electric,Manual,First,2015,52338,1200,0,21320.0
110738,Volkswagen,Petrol,Manual,First,2017,76548,1800,0,21610.0
110739,Mercedes,Petrol,Automatic,Second,2015,65779,1600,0,33983.0
110740,BMW,Petrol,Automatic,Second,2024,38918,1400,1,35483.0
110741,Honda,Hybrid,Manual,First,2015,58453,1200,1,20786.0
110742,Ford,Diesel,Automatic,Second,2022,13598,2500,1,32709.0
110743,Honda,Petrol,Automatic,Second,2020,54281,1600,0,23114.0
110744,Audi,Petrol,Automatic,First,2013,59911,3500,0,33248.0
110745,Mercedes,Electric,Manual,First,2012,26452,3500,1,38677.0
110746,Audi,Diesel,Automatic,First,2018,51186,1600,0,29016.0
110747,Honda,Petrol,Automatic,Second,2025,122377,1600,1,26665.0
110748,Audi,Petrol,Manual,First,2016,80663,3000,1,31933.0
110749,Volkswagen,Petrol,Manual,Second,2024,25633,2200,1,31155.0
110750,BMW,Diesel,Automatic,Second,2016,52422,3500,0,42711.0
110751,Nissan,Electric,Automatic,Second,2013,33918,1400,0,18102.0
110752,Honda,Hybrid,Automatic,First,2024,90481,1800,1,33896.0
110753,Ford,Diesel,Manual,Third,2017,40388,1600,0,20251.0
110754,Ford,Hybrid,Automatic,First,2016,50233,1000,1,16019.0
110755,Volkswagen,Petrol,Automatic,First,2016,94006,1600,0,17928.0
110756,BMW,Petrol,Manual,Third,2017,74893,2200,0,28704.0
110757,Toyota,Electric,Manual,Second,2025,59865,1800,1,33762.0
110758,Toyota,Petrol,Automatic,First,2013,65885,2000,1,18839.0
110759,Hyundai,Petrol,Automatic,First,2016,43320,2000,0,19190.0
110760,Hyundai,Electric,Automatic,First,2022,111319,2200,0,32344.0
110761,Honda,Petrol,Automatic,Third,2012,33890,1000,0,13744.0
110762,Volkswagen,Hybrid,Automatic,Second,2024,77225,2000,0,33233.0
110763,Volkswagen,Electric,Automatic,First,2024,83073,3000,0,39324.0
110764,Audi,Diesel,Automatic,Second,2019,113963,3500,0,33013.0
110765,Ford,Petrol,Automatic,Second,2012,59772,1800,1,14009.0
110766,Ford,Petrol,Manual,First,2018,33507,2200,0,25383.0
110767,Ford,Petrol,Automatic,Second,2024,75630,1400,0,26502.0
110768,Mercedes,Petrol,Automatic,First,2017,38168,1600,0,33649.0
110769,BMW,Hybrid,Manual,Second,2019,43359,1600,0,38779.0
110770,Kia,Petrol,Manual,First,2016,24957,2000,1,17934.0
110771,Audi,Petrol,Manual,Second,2022,40654,1400,0,33967.0
110772,Toyota,Diesel,Automatic,First,2017,58157,1400,0,24606.0
110773,Volkswagen,Diesel,Automatic,First,2015,33123,3500,0,28875.0
110774,Toyota,Hybrid,Automatic,First,2021,48377,1800,0,31115.0
110775,Mercedes,Petrol,Automatic,Second,2021,85299,1200,0,31797.0
110776,Toyota,Hybrid,Automatic,First,2012,73227,1000,1,17203.0
110777,Ford,Diesel,Manual,Second,2022,89615,1200,0,20828.0
110778,Nissan,Petrol,Automatic,First,2018,87101,3000,0,23535.0
110779,Audi,Petrol,Manual,Second,2013,70247,1400,0,22631.0
110780,Nissan,Petrol,Automatic,First,2012,55745,1400,0,14796.0
110781,Hyundai,Diesel,Manual,First,2012,64211,1000,0,5520.0
110782,Nissan,Petrol,Automatic,First,2012,43137,1200,0,14638.0
110783,Kia,Electric,Manual,First,2013,32490,2000,0,18250.0
110784,Volkswagen,Diesel,Automatic,Second,2023,90442,1200,1,22081.0
110785,Mercedes,Electric,Manual,Second,2012,87269,3500,0,35668.0
110786,Volkswagen,Petrol,Automatic,First,2024,75684,3500,0,36950.0
110787,Kia,Petrol,Manual,Second,2015,58971,2500,0,15321.0
110788,Volkswagen,Petrol,Automatic,First,2023,72401,2000,2,25305.0
110789,Nissan,Petrol,Manual,First,2024,92089,1200,1,23739.0
110790,BMW,Hybrid,Manual,First,2021,28213,3500,0,46789.0
110791,Volkswagen,Petrol,Manual,First,2021,60231,2000,0,21157.0
110792,Hyundai,Petrol,Automatic,Second,2022,101346,1200,1,18183.0
110793,Audi,Petrol,Manual,Third,2018,69094,1000,0,23327.0
110794,Audi,Petrol,Automatic,First,2021,88168,1800,0,32761.0
110795,Toyota,Hybrid,Automatic,Second,2014,115709,1800,0,19081.0
110796,Honda,Diesel,Automatic,Third,2020,101664,2500,0,25863.0
110797,Nissan,Diesel,Automatic,First,2013,27883,1600,1,13621.0
110798,Ford,Petrol,Manual,First,2013,98859,1200,0,9329.0
110799,Kia,Electric,Automatic,First,2018,76618,2200,0,26187.0
110800,Mercedes,Diesel,Automatic,Second,2024,97629,1400,0,35036.0
110801,Nissan,Petrol,Manual,Second,2020,3000,1400,1,21666.0
110802,Audi,Petrol,Manual,Second,2025,86441,2500,1,34028.0
110803,Toyota,Electric,Automatic,First,2017,75351,1400,0,28355.0
110804,Volkswagen,Diesel,Manual,Second,2022,78035,1200,0,20740.0
110805,Ford,Diesel,Automatic,First,2012,31759,3500,0,24951.0
110806,Ford,Petrol,Manual,Third,2017,73536,3000,0,20914.0
110807,Honda,Petrol,Manual,First,2015,84400,2500,0,23263.0
110808,BMW,Diesel,Automatic,First,2016,111857,1200,1,26184.0
110809,Honda,Diesel,Automatic,Third,2015,79791,2500,0,21614.0
110810,Volkswagen,Diesel,Manual,Second,2025,82874,1800,1,23919.0
110811,Nissan,Diesel,Manual,Second,2014,65306,3500,0,20380.0
110812,Hyundai,Petrol,Automatic,First,2013,25435,3500,0,20149.0
110813,Kia,Hybrid,Automatic,Second,2013,87308,1600,1,11357.0
110814,Ford,Electric,Manual,Second,2021,66401,3500,0,38062.0
110815,Mercedes,Hybrid,Automatic,Second,2022,106517,1800,0,37473.0
110816,Nissan,Petrol,Automatic,Third,2015,43759,3500,0,21545.0
110817,Mercedes,Petrol,Manual,First,2014,83063,1800,0,29578.0
110818,Toyota,Hybrid,Automatic,First,2022,59893,1000,0,30324.0
110819,Mercedes,Diesel,Automatic,Second,2023,104919,1800,1,36126.0
110820,Ford,Diesel,Manual,First,2017,46715,2200,2,19572.0
110821,Ford,Electric,Manual,First,2021,70124,2500,0,35102.0
110822,Ford,Diesel,Manual,First,2024,59987,2500,0,32080.0
110823,Nissan,Diesel,Manual,Second,2014,100969,1200,0,11013.0
110824,Nissan,Petrol,Manual,First,2014,79084,3500,2,19014.0
110825,Kia,Petrol,Manual,First,2015,10651,1000,1,13734.0
110826,Audi,Petrol,Automatic,First,2025,35987,1600,1,38062.0
110827,BMW,Electric,Manual,First,2016,3000,1400,0,37821.0
110828,Volkswagen,Petrol,Automatic,First,2022,85284,2500,1,25857.0
110829,Volkswagen,Diesel,Manual,First,2020,3000,2000,0,28924.0
110830,Toyota,Hybrid,Automatic,Second,2024,81768,1800,0,32093.0
110831,Honda,Diesel,Automatic,First,2022,56143,3000,1,34572.0
110832,Kia,Diesel,Automatic,Second,2016,101659,2000,0,15063.0
110833,Audi,Petrol,Automatic,Second,2025,37179,2000,0,38647.0
110834,Hyundai,Hybrid,Manual,Second,2012,50239,1000,0,9912.0
110835,Toyota,Petrol,Manual,First,2020,69516,3000,0,29556.0
110836,Nissan,Petrol,Automatic,Second,2024,32455,1200,0,28632.0
110837,Audi,Petrol,Automatic,First,2013,63269,1000,1,19561.0
110838,Ford,Petrol,Automatic,First,2024,35964,2200,0,31412.0
110839,Nissan,Petrol,Automatic,First,2015,82286,1800,0,12128.0
110840,Honda,Diesel,Manual,First,2021,86166,2000,0,25407.0
110841,Honda,Petrol,Manual,First,2017,95049,1600,0,19556.0
110842,Volkswagen,Diesel,Automatic,First,2020,33762,2500,0,26385.0
110843,BMW,Petrol,Automatic,First,2013,91707,2200,0,26862.0
110844,BMW,Petrol,Automatic,Second,2020,19625,1000,1,34805.0
110845,Hyundai,Diesel,Automatic,Third,2020,27235,2000,1,20573.0
110846,Nissan,Electric,Manual,First,2012,73510,1400,0,15864.0
110847,Nissan,Hybrid,Manual,First,2023,25401,2500,1,31865.0
110848,Honda,Electric,Manual,Second,2023,99721,2000,0,32192.0
110849,Ford,Diesel,Automatic,First,2022,90109,2000,2,23509.0
110850,Ford,Diesel,Automatic,First,2017,132449,1800,0,17322.0
110851,Mercedes,Diesel,Automatic,Second,2023,52066,2500,0,40694.0
110852,Ford,Diesel,Automatic,Second,2017,80473,2000,1,20077.0
110853,Audi,Petrol,Manual,Second,2020,68055,2200,0,32836.0
110854,BMW,Diesel,Manual,First,2017,61999,3000,0,36883.0
110855,Ford,Petrol,Manual,First,2024,108829,2000,0,26060.0
110856,Kia,Petrol,Automatic,First,2025,56376,2000,0,31884.0
110857,Nissan,Diesel,Manual,First,2013,66626,3000,0,19314.0
110858,Ford,Petrol,Automatic,First,2024,81858,2000,0,28317.0
110859,Mercedes,Petrol,Automatic,First,2019,94025,2200,0,35823.0
110860,Hyundai,Petrol,Automatic,First,2012,45338,1600,1,11473.0
110861,Hyundai,Electric,Automatic,First,2016,96181,1800,0,20978.0
110862,Honda,Petrol,Manual,Third,2021,85930,2500,0,25668.0
110863,Ford,Petrol,Manual,Second,2014,67176,3500,0,18300.0
110864,Nissan,Hybrid,Automatic,Second,2022,53834,3500,0,37738.0
110865,Nissan,Diesel,Automatic,First,2017,107169,1800,1,20002.0
110866,BMW,Petrol,Automatic,First,2025,106126,1600,0,37061.0
110867,Hyundai,Petrol,Automatic,Second,2023,36700,2500,0,28193.0
110868,Honda,Petrol,Automatic,Second,2016,23932,1800,0,22393.0
110869,Ford,Petrol,Manual,Second,2023,65945,1200,0,21011.0
110870,Hyundai,Petrol,Automatic,First,2023,29972,3500,0,34655.0
110871,Hyundai,Petrol,Manual,Second,2024,44271,2500,1,29010.0
110872,Nissan,Hybrid,Automatic,Third,2024,30238,2500,0,33919.0
110873,Ford,Diesel,Automatic,First,2021,94424,2200,1,22737.0
110874,Toyota,Diesel,Automatic,First,2024,42591,3000,0,37485.0
110875,Ford,Petrol,Manual,First,2024,53811,3000,0,34727.0
110876,Audi,Petrol,Automatic,Second,2025,85936,1600,0,37682.0
110877,Hyundai,Hybrid,Automatic,First,2015,99892,2200,1,15439.0
110878,BMW,Petrol,Manual,Second,2014,51348,1000,0,21692.0
110879,Toyota,Hybrid,Automatic,First,2012,89024,1000,0,17406.0
110880,Mercedes,Diesel,Manual,Second,2019,94812,1400,0,30259.0
110881,Honda,Hybrid,Automatic,First,2022,34114,2000,0,38665.0
110882,Ford,Petrol,Manual,First,2016,96653,3500,0,23170.0
110883,BMW,Petrol,Automatic,Second,2019,83932,2500,0,34173.0
110884,Mercedes,Hybrid,Automatic,Second,2020,31366,1800,0,41778.0
110885,Mercedes,Hybrid,Automatic,Third,2024,72747,1400,0,40453.0
110886,Hyundai,Petrol,Automatic,First,2019,30564,1200,0,20112.0
110887,Audi,Electric,Manual,First,2017,47385,3500,0,44583.0
110888,Hyundai,Petrol,Manual,First,2021,55589,2500,0,25334.0
110889,Honda,Petrol,Automatic,First,2019,92693,3000,1,27296.0
110890,Toyota,Diesel,Automatic,First,2016,72435,2200,0,25324.0
110891,Nissan,Diesel,Automatic,First,2020,76281,2000,0,21153.0
110892,Kia,Electric,Manual,Second,2017,47641,3500,0,30092.0
110893,Toyota,Petrol,Automatic,First,2013,59421,1200,1,16474.0
110894,Honda,Petrol,Automatic,Second,2018,21017,1200,0,20824.0
110895,Nissan,Diesel,Manual,Second,2025,79194,2000,0,27160.0
110896,Mercedes,Petrol,Automatic,First,2012,73475,3000,0,30997.0
110897,Toyota,Petrol,Automatic,Third,2021,91820,3000,1,31261.0
110898,Nissan,Diesel,Automatic,First,2023,87656,3000,0,30878.0
110899,Ford,Petrol,Manual,Third,2012,3000,1400,0,11620.0
110900,Hyundai,Diesel,Automatic,Third,2023,44368,1400,0,21807.0
110901,Kia,Petrol,Manual,Third,2025,130797,3000,0,23518.0
110902,BMW,Diesel,Automatic,Second,2019,68416,1800,2,28802.0
110903,Ford,Diesel,Automatic,First,2023,109235,1400,0,24205.0
110904,Toyota,Petrol,Manual,First,2016,65357,2200,1,19659.0
110905,Volkswagen,Petrol,Automatic,Second,2022,54964,2000,0,27331.0
110906,Nissan,Petrol,Automatic,First,2021,31849,3500,0,34050.0
110907,Mercedes,Petrol,Automatic,Second,2020,70841,1400,0,33756.0
110908,Mercedes,Diesel,Automatic,Second,2025,50230,2000,0,42691.0
110909,Volkswagen,Electric,Manual,First,2023,87888,3500,1,36345.0
110910,Toyota,Diesel,Automatic,First,2017,100146,3000,1,27140.0
110911,Mercedes,Diesel,Manual,First,2024,37696,1200,0,36225.0
110912,Audi,Petrol,Manual,Second,2012,40593,1800,0,25044.0
110913,Mercedes,Petrol,Manual,First,2017,65074,3500,1,41292.0
110914,Kia,Electric,Manual,Second,2024,51323,1800,0,32188.0
110915,Audi,Electric,Manual,Second,2012,62199,2000,0,28629.0
110916,Honda,Diesel,Automatic,First,2024,67954,1200,2,24631.0
110917,Honda,Petrol,Automatic,Second,2016,112419,2000,1,20042.0
110918,Nissan,Hybrid,Automatic,Second,2014,85094,1000,1,12984.0
110919,Audi,Petrol,Manual,First,2023,107783,3500,1,40516.0
110920,Ford,Hybrid,Manual,Third,2021,37107,2200,0,29858.0
110921,Nissan,Hybrid,Automatic,First,2021,84206,1000,0,22199.0
110922,Ford,Petrol,Manual,First,2020,110250,1200,1,17451.0
110923,Kia,Electric,Automatic,Second,2012,63651,1600,0,14118.0
110924,Hyundai,Electric,Automatic,First,2017,66287,1800,0,22077.0
110925,Toyota,Electric,Automatic,First,2025,54116,3500,1,50077.0
110926,Audi,Diesel,Automatic,Second,2014,74315,1000,1,19028.0
110927,Volkswagen,Petrol,Manual,Second,2020,17390,1000,2,17523.0
110928,BMW,Diesel,Automatic,First,2013,82639,1800,1,20903.0
110929,Toyota,Petrol,Automatic,First,2023,64765,2000,0,34258.0
110930,Kia,Petrol,Manual,First,2022,16481,1400,0,23355.0
110931,Audi,Petrol,Manual,Second,2018,86387,1800,0,31183.0
110932,Honda,Diesel,Automatic,Second,2020,102897,1200,0,19571.0
110933,Toyota,Petrol,Automatic,Second,2014,60680,2500,0,22639.0
110934,Ford,Petrol,Automatic,Second,2014,67155,1400,0,14094.0
110935,Volkswagen,Petrol,Manual,First,2014,23877,1400,1,16659.0
110936,Toyota,Diesel,Manual,First,2012,27543,3000,0,25004.0
110937,BMW,Diesel,Manual,First,2024,71659,1600,0,37613.0
110938,Kia,Petrol,Automatic,First,2020,14899,3500,0,31544.0
110939,Kia,Electric,Automatic,Second,2020,44583,1400,0,26094.0
110940,Nissan,Petrol,Automatic,Second,2017,25475,1800,0,21016.0
110941,Kia,Diesel,Automatic,First,2020,52549,2000,0,20054.0
110942,Nissan,Hybrid,Automatic,Second,2020,90392,3500,1,30468.0
110943,Kia,Hybrid,Manual,First,2012,60474,1000,0,13152.0
110944,BMW,Petrol,Automatic,First,2014,91539,2200,1,27618.0
110945,Kia,Electric,Automatic,First,2014,60393,1600,0,20714.0
110946,Volkswagen,Electric,Manual,First,2012,90648,3000,1,23743.0
110947,Hyundai,Diesel,Automatic,First,2017,49553,1200,0,16930.0
110948,Honda,Diesel,Manual,Second,2015,106762,1200,0,13068.0
110949,Volkswagen,Petrol,Automatic,First,2019,49283,3500,1,33173.0
110950,Kia,Diesel,Automatic,Third,2017,69237,1200,0,11717.0
110951,Audi,Petrol,Automatic,First,2015,15647,3500,0,40491.0
110952,Ford,Hybrid,Manual,Second,2016,91547,3500,0,25151.0
110953,Hyundai,Petrol,Automatic,Second,2023,19407,2500,1,29403.0
110954,Honda,Diesel,Automatic,First,2013,91517,1200,1,14265.0
110955,Ford,Petrol,Automatic,First,2021,47082,1600,0,26957.0
110956,Volkswagen,Petrol,Manual,First,2023,29353,3500,1,35348.0
110957,BMW,Petrol,Automatic,Third,2012,68937,1000,1,19523.0
110958,BMW,Petrol,Manual,Second,2023,36540,1600,0,35861.0
110959,Ford,Diesel,Manual,Second,2018,85616,2000,0,17153.0
110960,Audi,Hybrid,Manual,Second,2021,52811,2000,0,35745.0
110961,Ford,Diesel,Manual,First,2023,62467,1400,0,24625.0
110962,Volkswagen,Diesel,Automatic,First,2014,57061,3000,0,24048.0
110963,Ford,Diesel,Automatic,First,2024,18629,1800,0,28989.0
110964,Honda,Petrol,Automatic,First,2014,73685,3000,2,24578.0
110965,Audi,Petrol,Automatic,Second,2017,50128,1200,1,24966.0
110966,Mercedes,Petrol,Manual,Second,2014,42789,1400,0,27689.0
110967,Toyota,Diesel,Automatic,Third,2018,58114,2200,1,24180.0
110968,Mercedes,Petrol,Manual,First,2018,120878,1800,1,27346.0
110969,Nissan,Petrol,Manual,First,2016,31246,3000,1,21544.0
110970,Ford,Diesel,Automatic,Second,2012,9432,1200,0,10626.0
110971,BMW,Electric,Automatic,First,2024,86538,3000,1,48204.0
110972,Mercedes,Diesel,Automatic,First,2020,49786,2500,0,40500.0
110973,Kia,Hybrid,Automatic,First,2013,45485,1800,1,15495.0
110974,Volkswagen,Diesel,Automatic,First,2015,44229,1000,0,17967.0
110975,Mercedes,Diesel,Automatic,Third,2021,94671,3500,1,40887.0
110976,Hyundai,Diesel,Automatic,First,2021,64585,1000,1,16791.0
110977,Audi,Hybrid,Manual,Second,2013,40274,2200,0,29484.0
110978,Volkswagen,Petrol,Automatic,Second,2023,66657,1200,2,23648.0
110979,BMW,Petrol,Automatic,First,2012,75350,1000,0,24714.0
110980,Nissan,Petrol,Manual,Second,2024,55878,1400,0,20483.0
110981,Mercedes,Diesel,Automatic,First,2012,72709,1200,0,24503.0
110982,Audi,Hybrid,Automatic,First,2012,74830,1400,2,21738.0
110983,Toyota,Petrol,Manual,Second,2018,3000,3000,0,32466.0
110984,Audi,Petrol,Manual,First,2022,112011,3000,1,38300.0
110985,Audi,Hybrid,Manual,First,2023,75480,3000,0,43320.0
110986,Volkswagen,Diesel,Automatic,First,2020,14177,2000,2,28006.0
110987,Toyota,Diesel,Automatic,First,2012,91808,1400,0,14991.0
110988,Audi,Hybrid,Automatic,First,2021,114379,2000,1,34615.0
110989,Hyundai,Diesel,Manual,First,2017,72840,1400,1,13165.0
110990,Mercedes,Diesel,Automatic,First,2022,59662,2500,0,42393.0
110991,Mercedes,Petrol,Automatic,Third,2016,92232,1800,1,28267.0
110992,Hyundai,Petrol,Manual,First,2025,57248,1200,0,25323.0
110993,Mercedes,Petrol,Manual,First,2014,51148,1800,0,31128.0
110994,Audi,Diesel,Manual,First,2013,61922,1400,0,23158.0
110995,Nissan,Electric,Automatic,Second,2013,74755,1200,0,17215.0
110996,Audi,Electric,Automatic,Second,2013,70525,3500,0,39732.0
110997,Volkswagen,Hybrid,Manual,Third,2018,73554,3500,1,27562.0
110998,Kia,Petrol,Automatic,Second,2015,15622,2500,0,21779.0
110999,Nissan,Electric,Automatic,First,2018,47409,3000,1,31883.0
111000,BMW,Diesel,Automatic,First,2025,95245,1400,1,33886.0
111001,BMW,Petrol,Manual,First,2021,44785,3500,0,41991.0
111002,Nissan,Diesel,Automatic,Second,2012,16398,1600,0,11838.0
111003,Audi,Petrol,Manual,First,2023,124975,2200,0,32295.0
111004,Ford,Petrol,Automatic,Second,2021,122739,2200,1,22083.0
111005,Kia,Hybrid,Automatic,Second,2015,104958,1200,0,13676.0
111006,Hyundai,Diesel,Manual,Second,2020,63298,1000,1,14481.0
111007,Audi,Petrol,Automatic,Second,2018,80742,1400,0,28363.0
111008,Nissan,Diesel,Manual,Second,2021,39424,1200,2,17472.0
111009,Ford,Electric,Automatic,First,2017,52092,2500,0,32269.0
111010,Audi,Diesel,Automatic,First,2018,39154,1800,0,36477.0
111011,Ford,Petrol,Manual,First,2013,86250,3000,0,19790.0
111012,Nissan,Petrol,Manual,First,2012,164105,2200,0,8186.0
111013,Audi,Petrol,Manual,Third,2021,59397,1000,0,29190.0
111014,Toyota,Electric,Automatic,First,2020,95805,2000,0,34815.0
111015,Mercedes,Petrol,Automatic,Second,2013,101198,1600,1,21403.0
111016,Nissan,Diesel,Manual,Second,2013,75379,3500,0,17021.0
111017,BMW,Diesel,Automatic,Second,2014,85850,1000,1,21233.0
111018,BMW,Hybrid,Manual,Second,2023,74295,1200,0,35407.0
111019,Kia,Diesel,Automatic,First,2024,95195,1000,0,21196.0
111020,Honda,Diesel,Manual,First,2014,20186,3500,1,27502.0
111021,BMW,Petrol,Manual,Third,2014,73779,1800,0,26639.0
111022,Honda,Petrol,Automatic,First,2015,66214,1800,0,22304.0
111023,Toyota,Electric,Manual,First,2022,62514,1600,0,37636.0
111024,Nissan,Electric,Automatic,First,2012,44540,1000,0,17641.0
111025,Ford,Electric,Automatic,First,2022,108274,1000,1,24083.0
111026,Kia,Electric,Automatic,First,2024,71795,2200,0,34006.0
111027,Mercedes,Hybrid,Automatic,Third,2012,100056,3500,2,31042.0
111028,Hyundai,Diesel,Automatic,Second,2025,72322,3000,0,30994.0
111029,Honda,Hybrid,Automatic,Second,2023,99346,2200,0,33583.0
111030,Mercedes,Diesel,Automatic,First,2023,84209,1600,1,34913.0
111031,Kia,Petrol,Automatic,First,2015,61062,1600,0,15182.0
111032,Kia,Petrol,Automatic,Second,2012,104591,3000,1,14323.0
111033,BMW,Electric,Automatic,Second,2023,83904,2000,0,41979.0
111034,Mercedes,Petrol,Manual,First,2015,62134,3500,0,34740.0
111035,Audi,Hybrid,Manual,Second,2024,14192,1200,1,38461.0
111036,Volkswagen,Petrol,Manual,Third,2013,84422,1000,1,5511.0
111037,Kia,Petrol,Automatic,First,2018,125940,2000,1,15520.0
111038,Honda,Petrol,Automatic,First,2017,90299,1000,2,16253.0
111039,Hyundai,Petrol,Manual,First,2013,74700,1400,1,10643.0
111040,Hyundai,Petrol,Manual,Third,2013,42783,2000,0,12988.0
111041,Toyota,Petrol,Automatic,First,2023,15209,1800,0,34749.0
111042,Toyota,Hybrid,Manual,Second,2012,93728,3000,0,23034.0
111043,BMW,Petrol,Automatic,Second,2015,76118,2000,0,26151.0
111044,Audi,Petrol,Automatic,First,2013,31091,1400,1,25350.0
111045,BMW,Petrol,Manual,Second,2016,55518,3500,1,34972.0
111046,Hyundai,Diesel,Automatic,First,2023,55900,1600,0,24038.0
111047,Ford,Diesel,Automatic,Second,2023,80497,1800,1,21800.0
111048,Hyundai,Diesel,Automatic,Second,2015,66739,1600,0,13214.0
111049,Kia,Petrol,Automatic,Second,2012,98272,1400,1,6627.0
111050,Mercedes,Petrol,Automatic,First,2016,122196,3000,0,34615.0
111051,Mercedes,Diesel,Automatic,First,2016,78448,3000,0,37476.0
111052,Kia,Hybrid,Manual,Second,2024,3000,1800,2,27416.0
111053,Kia,Petrol,Manual,First,2016,88672,1000,1,7954.0
111054,Hyundai,Diesel,Automatic,First,2013,87080,1000,0,6002.0
111055,Mercedes,Petrol,Automatic,First,2015,90461,2200,1,33106.0
111056,Mercedes,Petrol,Automatic,First,2025,110177,1400,0,36781.0
111057,Nissan,Diesel,Manual,First,2016,101045,2500,0,16709.0
111058,Mercedes,Diesel,Automatic,Second,2022,76457,2000,0,38606.0
111059,Kia,Petrol,Automatic,Second,2022,6412,2000,0,26979.0
111060,Toyota,Petrol,Automatic,First,2017,83840,2000,1,27083.0
111061,Audi,Electric,Automatic,Third,2018,92422,2000,0,36422.0
111062,Ford,Hybrid,Manual,First,2021,117953,1400,0,24051.0
111063,Kia,Hybrid,Manual,First,2022,106167,2000,1,19596.0
111064,Mercedes,Diesel,Manual,First,2014,105282,1400,0,24190.0
111065,Honda,Diesel,Automatic,Second,2014,43678,1800,0,21467.0
111066,Hyundai,Petrol,Manual,Third,2021,70541,1000,0,12885.0
111067,Hyundai,Petrol,Automatic,First,2023,6357,1200,0,24132.0
111068,Audi,Petrol,Automatic,First,2013,37344,1200,0,25260.0
111069,Kia,Diesel,Automatic,First,2020,73806,3000,0,23878.0
111070,Audi,Petrol,Automatic,Second,2012,55379,1800,0,23940.0
111071,Toyota,Hybrid,Automatic,Second,2014,59057,1000,0,19208.0
111072,Volkswagen,Petrol,Manual,Second,2014,110592,1200,0,9766.0
111073,BMW,Petrol,Automatic,First,2019,3000,2000,0,41065.0
111074,Honda,Petrol,Automatic,First,2023,93302,2000,0,30137.0
111075,BMW,Petrol,Manual,Second,2017,115481,1200,0,23725.0
111076,Volkswagen,Petrol,Automatic,Second,2014,76075,1400,0,15912.0
111077,Honda,Petrol,Manual,First,2012,72237,1600,0,16270.0
111078,BMW,Petrol,Manual,First,2014,94472,3500,0,31538.0
111079,Honda,Diesel,Automatic,Third,2015,74831,1000,0,12965.0
111080,Audi,Diesel,Automatic,First,2012,51477,3500,0,29555.0
111081,Ford,Petrol,Manual,First,2014,107988,1200,0,10926.0
111082,Nissan,Diesel,Manual,First,2015,22726,2200,1,20454.0
111083,Honda,Diesel,Automatic,First,2018,50772,2000,0,24505.0
111084,Volkswagen,Petrol,Automatic,First,2015,52259,1800,0,20273.0
111085,Audi,Hybrid,Automatic,Second,2012,60891,2500,0,33137.0
111086,Nissan,Diesel,Manual,First,2020,55094,1400,0,19515.0
111087,Audi,Petrol,Automatic,First,2017,15151,2500,0,38270.0
111088,Toyota,Electric,Manual,Second,2020,91721,1800,1,29460.0
111089,Mercedes,Hybrid,Manual,Third,2018,90135,3000,0,36176.0
111090,Hyundai,Electric,Manual,Second,2015,52739,3000,0,27196.0
111091,Toyota,Diesel,Manual,Second,2012,86107,2200,0,15252.0
111092,Volkswagen,Petrol,Automatic,Third,2018,108109,1400,0,18862.0
111093,Kia,Petrol,Automatic,Second,2020,61493,1600,1,18614.0
111094,Kia,Diesel,Automatic,Third,2023,91181,2000,1,22209.0
111095,Hyundai,Electric,Automatic,Second,2017,58917,1000,1,18727.0
111096,Audi,Diesel,Automatic,Second,2023,86670,1200,0,30147.0
111097,Ford,Hybrid,Manual,Second,2012,129364,2000,1,11072.0
111098,Volkswagen,Petrol,Automatic,Third,2020,89452,3000,0,26278.0
111099,Hyundai,Petrol,Manual,Second,2018,56638,1600,0,16718.0
111100,Nissan,Electric,Automatic,Second,2012,66339,1400,0,16406.0
111101,Nissan,Hybrid,Automatic,First,2025,48536,2500,0,36218.0
111102,Kia,Electric,Automatic,Third,2015,66266,2200,0,21222.0
111103,Mercedes,Hybrid,Manual,First,2016,47098,1200,0,35486.0
111104,Audi,Petrol,Manual,First,2013,63072,3500,0,32108.0
111105,Kia,Diesel,Automatic,Second,2014,9055,1600,0,14056.0
111106,Ford,Electric,Automatic,First,2013,52209,3500,0,30865.0
111107,Hyundai,Diesel,Manual,First,2025,61468,2000,2,23443.0
111108,Honda,Petrol,Automatic,First,2015,111297,1200,0,14133.0
111109,Ford,Petrol,Automatic,First,2018,92713,2000,0,20960.0
111110,Honda,Diesel,Automatic,First,2016,65830,3000,0,23198.0
111111,Audi,Petrol,Automatic,Second,2025,28369,1600,1,38646.0
111112,Hyundai,Diesel,Automatic,Second,2018,63113,3500,0,24702.0
111113,Nissan,Petrol,Automatic,First,2023,54832,2200,0,29945.0
111114,Nissan,Petrol,Manual,Second,2012,44713,3000,0,17013.0
111115,Toyota,Hybrid,Automatic,Second,2025,88380,2500,0,35345.0
111116,Nissan,Diesel,Automatic,First,2014,47777,1200,0,13193.0
111117,Volkswagen,Hybrid,Automatic,Second,2013,57845,3000,0,26246.0
111118,Toyota,Petrol,Automatic,First,2023,23193,2500,0,32735.0
111119,Toyota,Electric,Automatic,Second,2024,67674,1800,1,33969.0
111120,Nissan,Petrol,Manual,First,2012,91509,3000,0,13897.0
111121,Kia,Petrol,Automatic,Third,2016,46633,2000,0,18996.0
111122,Mercedes,Hybrid,Automatic,First,2014,97153,3000,0,36654.0
111123,Mercedes,Hybrid,Automatic,First,2019,94730,3000,0,42181.0
111124,Volkswagen,Petrol,Automatic,First,2016,54612,1400,0,17528.0
111125,BMW,Electric,Automatic,Second,2016,103814,2200,1,31046.0
111126,Kia,Diesel,Automatic,First,2018,99201,1600,1,16445.0
111127,BMW,Electric,Automatic,First,2019,83956,1600,0,37191.0
111128,Honda,Diesel,Manual,First,2012,129027,2200,0,13307.0
111129,Kia,Diesel,Automatic,First,2016,94839,2000,1,16492.0
111130,Hyundai,Petrol,Manual,Second,2020,100323,1600,0,15355.0
111131,BMW,Petrol,Manual,First,2022,64084,1800,0,35153.0
111132,Volkswagen,Diesel,Manual,Second,2023,39284,2000,1,24958.0
111133,Volkswagen,Diesel,Automatic,First,2020,45134,1600,0,28266.0
111134,Kia,Petrol,Automatic,First,2025,64823,2500,0,26935.0
111135,Toyota,Petrol,Manual,First,2018,91260,1600,0,25730.0
111136,Hyundai,Petrol,Automatic,Second,2025,60130,3500,0,32869.0
111137,Audi,Hybrid,Automatic,Second,2015,92900,1600,0,28985.0
111138,Hyundai,Diesel,Automatic,First,2013,11109,3500,0,23455.0
111139,Volkswagen,Hybrid,Manual,Second,2016,37265,3500,0,33668.0
111140,Honda,Electric,Automatic,Second,2015,48408,1000,0,22154.0
111141,BMW,Diesel,Automatic,First,2024,39539,2000,1,38692.0
111142,BMW,Electric,Manual,Second,2012,84824,1000,0,24048.0
111143,Honda,Petrol,Automatic,First,2024,61580,3000,0,36695.0
111144,Ford,Petrol,Manual,First,2018,42444,1800,0,18644.0
111145,Kia,Petrol,Automatic,First,2014,84249,1200,0,10765.0
111146,Volkswagen,Diesel,Manual,Second,2017,115253,3000,0,20653.0
111147,Mercedes,Hybrid,Automatic,First,2023,86108,2500,0,45238.0
111148,Nissan,Diesel,Manual,First,2016,48021,1600,1,17978.0
111149,Honda,Petrol,Manual,First,2023,73542,1400,0,27440.0
111150,Honda,Diesel,Manual,First,2015,44792,1600,0,17550.0
111151,Hyundai,Diesel,Manual,First,2014,90352,3500,0,17227.0
111152,Kia,Petrol,Automatic,Second,2020,71780,1600,0,16980.0
111153,Kia,Diesel,Manual,First,2016,104924,3000,1,20738.0
111154,Mercedes,Electric,Manual,Second,2021,68370,2000,0,42227.0
111155,Nissan,Hybrid,Manual,First,2018,71999,1600,0,18564.0
111156,Kia,Diesel,Manual,Second,2015,21030,1200,1,11313.0
111157,Toyota,Petrol,Automatic,First,2012,9396,3000,0,27191.0
111158,Volkswagen,Petrol,Automatic,Second,2013,73865,2200,1,17129.0
111159,Toyota,Diesel,Automatic,Second,2023,17375,1800,0,29803.0
111160,Ford,Hybrid,Manual,First,2021,40384,1200,0,28590.0
111161,Volkswagen,Petrol,Automatic,Second,2024,76988,1000,0,27065.0
111162,Audi,Petrol,Automatic,First,2016,54573,2200,1,29132.0
111163,Volkswagen,Electric,Manual,First,2025,32440,1400,0,36557.0
111164,Volkswagen,Hybrid,Manual,Third,2023,46729,2500,0,33778.0
111165,Mercedes,Diesel,Manual,First,2019,110134,1600,0,30513.0
111166,Toyota,Petrol,Manual,First,2019,68756,1800,0,22859.0
111167,Nissan,Petrol,Manual,First,2023,79198,1400,0,24342.0
111168,Hyundai,Petrol,Manual,First,2025,68161,2200,0,23824.0
111169,Mercedes,Diesel,Automatic,Third,2019,109935,1600,0,29785.0
111170,Volkswagen,Petrol,Manual,First,2024,75913,1000,0,26390.0
111171,Hyundai,Hybrid,Manual,First,2020,83020,1800,0,22340.0
111172,BMW,Electric,Manual,First,2013,14428,1200,0,34823.0
111173,Hyundai,Petrol,Manual,First,2015,61804,2200,0,15940.0
111174,Honda,Diesel,Automatic,Second,2023,59143,1200,2,25654.0
111175,Mercedes,Diesel,Automatic,Second,2022,31469,1600,2,35536.0
111176,Mercedes,Electric,Manual,First,2021,22794,1200,1,44474.0
111177,Honda,Hybrid,Automatic,Second,2017,56026,2200,1,29345.0
111178,BMW,Petrol,Manual,First,2024,146049,1400,0,31110.0
111179,Kia,Petrol,Automatic,First,2017,34386,1200,0,15434.0
111180,Kia,Hybrid,Manual,Third,2023,71981,1200,0,22301.0
111181,Kia,Diesel,Manual,Second,2023,61540,1200,1,17722.0
111182,Kia,Petrol,Manual,Second,2016,82879,2000,1,11926.0
111183,Toyota,Diesel,Automatic,Second,2013,122491,2500,0,17808.0
111184,Honda,Hybrid,Automatic,First,2019,3150,2200,1,33462.0
111185,BMW,Petrol,Manual,Second,2012,37015,3500,0,33140.0
111186,Volkswagen,Hybrid,Manual,First,2024,111210,1000,0,21549.0
111187,Ford,Petrol,Automatic,Second,2012,76383,1400,0,12495.0
111188,Mercedes,Hybrid,Automatic,First,2023,50653,2500,0,46928.0
111189,Hyundai,Diesel,Automatic,Third,2012,53277,2500,1,13186.0
111190,Kia,Petrol,Manual,Second,2020,15872,3000,0,25641.0
111191,Hyundai,Diesel,Manual,First,2016,75469,2200,0,15210.0
111192,Ford,Hybrid,Manual,First,2025,67977,1800,1,29979.0
111193,Mercedes,Electric,Automatic,First,2023,65636,1400,0,46482.0
111194,Audi,Petrol,Automatic,Second,2013,49285,2500,0,29101.0
111195,Nissan,Diesel,Manual,First,2022,71883,1800,1,22785.0
111196,BMW,Diesel,Automatic,First,2012,37442,1800,0,27613.0
111197,Toyota,Diesel,Automatic,Third,2015,46483,2500,0,23912.0
111198,Hyundai,Hybrid,Automatic,Third,2022,75904,2500,0,28771.0
111199,Kia,Petrol,Automatic,Third,2013,52790,2500,0,14462.0
111200,Honda,Petrol,Automatic,First,2014,67000,1600,1,16214.0
111201,Hyundai,Diesel,Automatic,Second,2013,52869,1400,0,10387.0
111202,Mercedes,Petrol,Automatic,Third,2019,79215,2000,0,32350.0
111203,Audi,Electric,Automatic,Second,2025,49469,1800,0,45958.0
111204,BMW,Diesel,Manual,First,2014,74145,3500,0,32454.0
111205,Honda,Diesel,Automatic,Second,2013,88233,1800,0,18452.0
111206,Nissan,Hybrid,Automatic,Second,2017,63507,1800,0,17752.0
111207,Mercedes,Diesel,Automatic,Second,2018,58777,1400,0,28204.0
111208,Audi,Diesel,Automatic,First,2020,52059,2200,0,41675.0
111209,Honda,Petrol,Automatic,First,2022,59217,1800,0,29363.0
111210,Nissan,Petrol,Manual,Second,2021,109613,1600,0,17144.0
111211,Hyundai,Petrol,Manual,First,2015,97757,1600,0,10634.0
111212,Mercedes,Diesel,Automatic,Second,2016,80780,2200,0,32205.0
111213,Volkswagen,Diesel,Automatic,First,2025,50309,1000,0,30592.0
111214,Nissan,Petrol,Automatic,First,2022,104885,2500,0,28376.0
111215,Audi,Diesel,Manual,First,2017,119597,1000,0,23919.0
111216,Volkswagen,Petrol,Manual,First,2014,11741,2000,0,20053.0
111217,Volkswagen,Electric,Automatic,Second,2014,62466,1600,0,19811.0
111218,Toyota,Petrol,Automatic,First,2014,70167,2200,0,23337.0
111219,Audi,Hybrid,Automatic,Second,2016,51664,2000,0,33502.0
111220,Volkswagen,Diesel,Automatic,Second,2022,19306,1800,1,25893.0
111221,Hyundai,Diesel,Manual,First,2017,40230,1800,0,14863.0
111222,Mercedes,Petrol,Automatic,Third,2020,106529,2000,2,30338.0
111223,Mercedes,Electric,Automatic,Second,2020,36668,2200,0,47664.0
111224,Hyundai,Petrol,Automatic,Second,2023,45985,1400,0,24883.0
111225,Toyota,Diesel,Automatic,Third,2016,69478,1400,0,22270.0
111226,BMW,Electric,Automatic,First,2025,64651,2200,0,50583.0
111227,Toyota,Hybrid,Manual,First,2019,49069,1400,0,28162.0
111228,Mercedes,Diesel,Automatic,First,2018,88080,2200,0,34454.0
111229,BMW,Electric,Automatic,First,2015,87352,1200,1,31910.0
111230,Toyota,Diesel,Manual,First,2012,38646,2500,0,20766.0
111231,Volkswagen,Petrol,Automatic,Second,2014,25698,3000,0,27918.0
111232,BMW,Petrol,Automatic,First,2022,78235,2000,1,36352.0
111233,Mercedes,Petrol,Automatic,First,2021,62756,1200,0,37269.0
111234,Hyundai,Petrol,Manual,First,2016,78836,3000,0,17692.0
111235,Kia,Hybrid,Automatic,First,2021,63514,1800,2,23905.0
111236,Volkswagen,Diesel,Manual,Second,2024,49375,1600,1,27845.0
111237,Volkswagen,Petrol,Automatic,Second,2024,59069,2200,0,30601.0
111238,Kia,Hybrid,Automatic,First,2014,105296,2000,0,17784.0
111239,Nissan,Petrol,Manual,First,2022,44408,1600,0,21439.0
111240,Ford,Electric,Manual,First,2015,58747,3500,1,30960.0
111241,Honda,Electric,Manual,Second,2020,24252,1200,0,29690.0
111242,Audi,Electric,Automatic,Third,2020,19739,1600,0,39522.0
111243,Toyota,Hybrid,Automatic,First,2022,27915,1000,0,33432.0
111244,Ford,Petrol,Manual,Second,2020,10899,2500,0,26758.0
111245,Toyota,Diesel,Automatic,Second,2024,29043,1600,1,29724.0
111246,Ford,Petrol,Automatic,First,2020,78529,1200,0,20543.0
111247,BMW,Petrol,Automatic,Third,2025,85406,1800,1,34487.0
111248,Hyundai,Diesel,Automatic,First,2023,27731,1000,0,23542.0
111249,Audi,Petrol,Automatic,Third,2012,27890,1200,0,22672.0
111250,Audi,Electric,Manual,First,2020,61294,2500,0,46004.0
111251,Toyota,Electric,Manual,First,2023,133742,1600,0,30813.0
111252,Kia,Petrol,Manual,Third,2023,44103,3000,0,26353.0
111253,BMW,Diesel,Manual,First,2022,55983,3500,1,42521.0
111254,Nissan,Diesel,Automatic,Second,2023,103391,1600,0,23504.0
111255,Audi,Hybrid,Automatic,First,2025,99487,1200,0,38817.0
111256,Honda,Diesel,Automatic,Second,2022,87209,2500,2,25335.0
111257,Toyota,Petrol,Manual,First,2024,95180,3500,0,38749.0
111258,Volkswagen,Petrol,Automatic,Third,2013,102138,1600,0,14235.0
111259,Honda,Petrol,Automatic,First,2019,49274,2500,1,29101.0
111260,Mercedes,Electric,Automatic,First,2020,80150,1200,2,36578.0
111261,Toyota,Petrol,Automatic,Second,2023,53052,1600,0,28363.0
111262,Toyota,Petrol,Automatic,Third,2019,40181,1000,0,24413.0
111263,Volkswagen,Hybrid,Automatic,First,2020,81373,2500,1,28973.0
111264,BMW,Hybrid,Manual,First,2016,58271,2000,1,33115.0
111265,Volkswagen,Hybrid,Automatic,First,2021,61010,1200,0,29369.0
111266,Audi,Diesel,Manual,First,2023,100108,1400,1,29699.0
111267,Hyundai,Diesel,Automatic,Second,2018,76094,2000,0,18334.0
111268,Toyota,Diesel,Manual,First,2022,60446,3500,1,37974.0
111269,Mercedes,Petrol,Automatic,Second,2014,61950,3000,0,37989.0
111270,Kia,Diesel,Manual,First,2015,23988,3500,1,21886.0
111271,Toyota,Petrol,Automatic,First,2015,85559,2200,0,22778.0
111272,Volkswagen,Petrol,Manual,First,2024,61147,3000,0,35901.0
111273,Ford,Electric,Manual,Second,2021,58092,3500,1,35834.0
111274,Toyota,Petrol,Automatic,First,2015,113253,1600,0,18602.0
111275,Toyota,Electric,Automatic,First,2022,89008,2500,0,36030.0
111276,Mercedes,Petrol,Automatic,First,2019,71307,1200,0,33096.0
111277,Mercedes,Petrol,Automatic,Second,2013,76758,1200,0,26203.0
111278,Toyota,Diesel,Automatic,First,2023,98732,1600,0,27779.0
111279,Ford,Hybrid,Manual,Third,2013,58658,1400,0,13231.0
111280,Hyundai,Diesel,Automatic,Second,2016,87003,2500,0,18986.0
111281,Nissan,Hybrid,Manual,First,2017,33248,1200,0,19340.0
111282,Ford,Petrol,Manual,Second,2015,72257,1600,0,17007.0
111283,Ford,Electric,Manual,First,2023,15940,3000,1,39336.0
111284,Ford,Petrol,Automatic,Third,2018,69703,3000,0,21219.0
111285,Hyundai,Hybrid,Automatic,First,2021,102680,1600,0,25819.0
111286,BMW,Petrol,Automatic,First,2015,49612,1400,1,27622.0
111287,BMW,Hybrid,Automatic,Second,2019,66763,1000,1,29731.0
111288,Ford,Diesel,Automatic,Second,2013,44196,1000,0,14554.0
111289,Nissan,Petrol,Manual,Second,2025,71870,2500,0,29007.0
111290,Volkswagen,Electric,Manual,Third,2021,31691,3000,0,38466.0
111291,Honda,Petrol,Automatic,First,2015,31284,3000,0,30223.0
111292,BMW,Petrol,Automatic,First,2022,79168,1800,0,36017.0
111293,Kia,Hybrid,Automatic,First,2018,36292,1200,0,20521.0
111294,Mercedes,Petrol,Manual,Third,2016,110399,2200,0,26900.0
111295,Hyundai,Petrol,Manual,Third,2021,109059,1600,0,15123.0
111296,Hyundai,Diesel,Automatic,Third,2022,35816,3500,0,32190.0
111297,Honda,Hybrid,Automatic,First,2013,133232,1600,0,19096.0
111298,BMW,Petrol,Automatic,First,2014,63573,1600,2,24963.0
111299,Nissan,Diesel,Automatic,First,2015,65412,3500,1,24271.0
111300,Nissan,Diesel,Automatic,First,2016,90155,1400,0,17213.0
111301,Mercedes,Hybrid,Manual,First,2018,106259,1600,0,36641.0
111302,Ford,Electric,Automatic,First,2014,105764,1200,0,18477.0
111303,Volkswagen,Hybrid,Manual,First,2020,126301,3000,0,31297.0
111304,BMW,Diesel,Automatic,First,2021,77936,2200,1,36739.0
111305,Nissan,Petrol,Manual,First,2014,77557,1000,0,12032.0
111306,Honda,Petrol,Manual,First,2016,78638,1800,0,22057.0
111307,Mercedes,Diesel,Automatic,Second,2024,69934,1200,0,38101.0
111308,Toyota,Electric,Manual,First,2016,23540,1400,0,26442.0
111309,Mercedes,Diesel,Automatic,Second,2018,3648,1400,0,37432.0
111310,Nissan,Petrol,Automatic,First,2017,35030,2200,0,23009.0
111311,Toyota,Diesel,Automatic,Second,2022,90345,1400,0,25141.0
111312,Kia,Diesel,Automatic,First,2014,59130,2200,2,8318.0
111313,Audi,Diesel,Automatic,First,2023,33331,2500,0,42779.0
111314,Mercedes,Diesel,Manual,Second,2012,100861,1200,0,19712.0
111315,Honda,Diesel,Automatic,Third,2017,47238,1000,0,20378.0
111316,Honda,Petrol,Automatic,First,2022,3000,2000,0,34044.0
111317,Volkswagen,Electric,Manual,First,2017,28444,3000,0,34825.0
111318,Ford,Diesel,Manual,Third,2015,48222,2000,1,15888.0
111319,Mercedes,Petrol,Automatic,First,2013,41165,2500,0,38705.0
111320,Nissan,Petrol,Automatic,First,2020,61335,1800,0,24137.0
111321,Audi,Electric,Automatic,Third,2017,73026,2500,0,36078.0
111322,BMW,Hybrid,Automatic,Second,2024,73756,1600,0,42523.0
111323,Nissan,Petrol,Manual,First,2012,61031,2000,0,13064.0
111324,Honda,Petrol,Automatic,Third,2019,93759,2500,1,22685.0
111325,Kia,Petrol,Automatic,Second,2021,97859,1000,1,12485.0
111326,Nissan,Petrol,Manual,First,2018,81030,2000,1,18044.0
111327,Hyundai,Diesel,Manual,Second,2022,96063,2500,1,22265.0
111328,Honda,Diesel,Automatic,First,2022,21883,1800,1,32196.0
111329,Mercedes,Diesel,Manual,Second,2017,4288,1400,0,30075.0
111330,Kia,Diesel,Manual,Third,2023,35306,1800,0,24154.0
111331,Hyundai,Petrol,Automatic,First,2022,75242,1400,0,19408.0
111332,Toyota,Petrol,Manual,Second,2022,94671,2000,1,24677.0
111333,Audi,Petrol,Automatic,First,2012,33278,2000,0,28606.0
111334,Honda,Petrol,Manual,First,2021,76408,1800,0,25746.0
111335,Mercedes,Petrol,Manual,Second,2024,94496,2200,0,37735.0
111336,Hyundai,Diesel,Automatic,Second,2016,51769,2200,0,17834.0
111337,Hyundai,Hybrid,Automatic,Second,2015,49216,2000,0,21277.0
111338,Ford,Hybrid,Automatic,Second,2018,87542,2000,0,22702.0
111339,Hyundai,Hybrid,Manual,Second,2013,41284,1600,0,15505.0
111340,Audi,Diesel,Manual,First,2012,41686,1600,0,23575.0
111341,Kia,Diesel,Automatic,First,2018,55737,1400,0,18967.0
111342,Kia,Petrol,Manual,First,2019,58547,3500,0,28039.0
111343,Hyundai,Electric,Manual,First,2016,53085,2200,0,22400.0
111344,Mercedes,Petrol,Manual,Second,2019,3000,1400,0,35752.0
111345,Honda,Petrol,Manual,Second,2015,68528,3000,0,25555.0
111346,Mercedes,Petrol,Automatic,Second,2019,109835,3000,4,28503.0
111347,Volkswagen,Electric,Automatic,Third,2022,59026,2000,0,32052.0
111348,Honda,Electric,Manual,First,2014,34510,2200,1,29112.0
111349,Toyota,Hybrid,Manual,First,2018,86505,1400,1,24658.0
111350,Audi,Diesel,Automatic,Second,2017,53446,1400,1,22746.0
111351,Mercedes,Diesel,Automatic,Second,2012,44287,1000,0,22583.0
111352,Ford,Electric,Manual,First,2016,93967,2000,0,24032.0
111353,Kia,Diesel,Manual,First,2025,50401,1400,0,22324.0
111354,Hyundai,Electric,Automatic,First,2025,72332,1000,0,29308.0
111355,Honda,Petrol,Automatic,Second,2025,97196,2500,0,32488.0
111356,Hyundai,Petrol,Manual,Second,2022,68731,2500,1,22005.0
111357,Toyota,Hybrid,Manual,First,2023,52709,2500,0,35924.0
111358,Volkswagen,Petrol,Manual,First,2015,79167,2500,1,19982.0
111359,Hyundai,Electric,Manual,First,2024,3000,1800,0,36194.0
111360,Mercedes,Diesel,Automatic,First,2017,88144,2200,1,33483.0
111361,Honda,Electric,Manual,First,2020,41803,1400,1,29914.0
111362,Ford,Petrol,Manual,First,2015,68322,3500,1,25600.0
111363,Toyota,Diesel,Automatic,First,2013,66345,1200,1,15237.0
111364,Nissan,Diesel,Manual,First,2023,75194,2000,1,24876.0
111365,Audi,Diesel,Manual,Second,2019,74561,1000,1,21509.0
111366,Volkswagen,Diesel,Manual,First,2012,39416,1200,0,9606.0
111367,Mercedes,Electric,Automatic,Second,2017,48004,2200,0,39117.0
111368,Audi,Diesel,Automatic,Third,2015,41194,3000,0,30597.0
111369,Ford,Petrol,Automatic,First,2017,53127,2200,0,22403.0
111370,Audi,Electric,Automatic,First,2014,15520,3500,0,46757.0
111371,Kia,Petrol,Automatic,First,2020,3000,2500,0,31411.0
111372,Honda,Petrol,Automatic,First,2014,78622,2500,0,22280.0
111373,Audi,Petrol,Automatic,First,2014,109676,3500,0,34437.0
111374,Mercedes,Hybrid,Manual,Second,2016,31885,1400,0,33243.0
111375,Nissan,Petrol,Automatic,First,2018,85544,2000,0,21844.0
111376,Kia,Petrol,Automatic,First,2025,24547,1200,1,23404.0
111377,Kia,Electric,Automatic,Second,2025,63897,3000,0,38882.0
111378,Audi,Hybrid,Automatic,First,2017,82840,2200,0,34111.0
111379,Volkswagen,Petrol,Manual,First,2025,118023,1400,0,23964.0
111380,BMW,Hybrid,Automatic,Second,2018,67601,2000,1,34504.0
111381,Volkswagen,Electric,Manual,First,2020,30063,3500,2,41482.0
111382,Hyundai,Petrol,Automatic,Second,2014,65726,1000,2,8660.0
111383,Mercedes,Hybrid,Automatic,Third,2016,70815,2200,1,32480.0
111384,BMW,Diesel,Automatic,Second,2016,138368,3000,1,28778.0
111385,Honda,Diesel,Automatic,First,2014,132933,1800,0,16998.0
111386,Kia,Diesel,Automatic,First,2022,86187,3000,0,30264.0
111387,Mercedes,Diesel,Automatic,First,2021,47499,2500,1,39586.0
111388,Ford,Petrol,Manual,Third,2020,69766,2500,0,21807.0
111389,Hyundai,Hybrid,Automatic,Third,2024,29524,2000,2,24408.0
111390,Nissan,Petrol,Automatic,First,2020,39278,1400,0,23818.0
111391,Hyundai,Diesel,Automatic,Third,2017,99475,1600,0,11226.0
111392,Mercedes,Petrol,Manual,First,2016,91358,1000,0,27968.0
111393,Honda,Hybrid,Automatic,First,2015,81454,2000,0,23580.0
111394,Kia,Petrol,Automatic,First,2015,50330,2200,0,17837.0
111395,Toyota,Diesel,Manual,First,2016,13336,3500,1,29595.0
111396,Toyota,Petrol,Automatic,Second,2013,61738,3000,2,20917.0
111397,Mercedes,Hybrid,Automatic,First,2019,33327,1800,0,38358.0
111398,Audi,Diesel,Automatic,Second,2023,38178,1200,1,32041.0
111399,Volkswagen,Hybrid,Manual,Third,2018,83639,2200,0,24941.0
111400,Hyundai,Petrol,Automatic,Second,2025,136924,2200,1,23834.0
111401,Honda,Petrol,Automatic,First,2025,61893,1800,0,33751.0
111402,Hyundai,Diesel,Manual,Second,2018,71023,1200,0,13140.0
111403,Ford,Electric,Automatic,First,2012,33901,2200,0,23770.0
111404,Toyota,Petrol,Manual,Second,2019,39826,1000,0,20343.0
111405,Kia,Petrol,Automatic,First,2022,61597,2000,0,24591.0
111406,Ford,Petrol,Automatic,Second,2012,3000,2000,1,19105.0
111407,Kia,Diesel,Manual,Second,2025,33890,2000,0,25142.0
111408,Hyundai,Petrol,Manual,Second,2020,82190,1400,0,13875.0
111409,Honda,Hybrid,Automatic,Third,2017,115546,1400,0,20862.0
111410,Toyota,Petrol,Manual,First,2019,77472,1000,0,19641.0
111411,Hyundai,Petrol,Automatic,First,2012,43525,1600,1,16795.0
111412,Toyota,Petrol,Automatic,First,2017,27645,2200,0,27712.0
111413,Mercedes,Diesel,Automatic,First,2024,57582,1000,0,38813.0
111414,Nissan,Diesel,Automatic,First,2024,59377,3500,0,34503.0
111415,Nissan,Petrol,Automatic,First,2012,41025,3500,1,19850.0
111416,Kia,Electric,Automatic,Second,2014,88631,1200,2,12172.0
111417,Hyundai,Petrol,Manual,Third,2013,25163,3500,0,20783.0
111418,BMW,Diesel,Automatic,First,2025,44091,1200,1,38241.0
111419,Toyota,Diesel,Manual,First,2013,54041,1800,0,16929.0
111420,Toyota,Petrol,Automatic,First,2015,130793,2500,1,19560.0
111421,BMW,Hybrid,Automatic,First,2018,92007,1800,1,34297.0
111422,Audi,Hybrid,Manual,Second,2023,78588,1000,0,34672.0
111423,Hyundai,Petrol,Manual,First,2014,88444,1000,0,9631.0
111424,BMW,Diesel,Automatic,Second,2018,71827,1800,0,28259.0
111425,Nissan,Petrol,Automatic,First,2020,73016,1200,0,20545.0
111426,Toyota,Diesel,Manual,Third,2025,58758,1400,0,26360.0
111427,Nissan,Petrol,Automatic,Second,2024,101403,1200,0,21333.0
111428,Hyundai,Hybrid,Manual,Third,2015,69426,3000,0,20502.0
111429,Honda,Petrol,Manual,First,2018,51031,1800,0,24184.0
111430,Honda,Petrol,Manual,First,2012,94001,1000,0,13428.0
111431,Kia,Petrol,Manual,First,2013,59017,1400,1,7769.0
111432,Nissan,Petrol,Manual,Second,2019,64059,2500,1,19525.0
111433,Nissan,Diesel,Automatic,First,2014,58868,1600,1,14545.0
111434,Nissan,Petrol,Automatic,Second,2016,113012,2500,0,19311.0
111435,Audi,Hybrid,Automatic,Second,2019,61424,1000,0,30123.0
111436,Nissan,Petrol,Automatic,Second,2016,72178,2500,1,16976.0
111437,Honda,Diesel,Manual,Second,2023,3000,3500,0,40325.0
111438,Audi,Diesel,Automatic,First,2012,61518,3000,0,29332.0
111439,Kia,Electric,Manual,First,2024,70291,2200,0,33449.0
111440,Mercedes,Electric,Manual,Second,2013,108363,1400,0,27656.0
111441,Ford,Hybrid,Manual,Third,2021,84679,1200,0,21628.0
111442,Kia,Hybrid,Automatic,Second,2022,63233,1000,0,22871.0
111443,Volkswagen,Petrol,Manual,Second,2014,59200,3500,0,20564.0
111444,Audi,Hybrid,Automatic,Third,2021,3000,3500,0,46193.0
111445,Honda,Electric,Manual,First,2013,45546,2200,0,26963.0
111446,Honda,Petrol,Automatic,Third,2020,67361,1000,0,21160.0
111447,Hyundai,Diesel,Manual,First,2016,3000,2000,1,20355.0
111448,Toyota,Petrol,Automatic,First,2012,75034,1000,0,11934.0
111449,Nissan,Diesel,Automatic,First,2022,103844,3500,0,31458.0
111450,Honda,Diesel,Automatic,First,2022,105635,1600,0,29771.0
111451,Nissan,Diesel,Manual,First,2022,42488,1800,0,26237.0
111452,BMW,Diesel,Manual,First,2024,112166,1000,0,33751.0
111453,Toyota,Electric,Automatic,First,2023,60684,2500,1,39156.0
111454,BMW,Diesel,Automatic,First,2019,36967,2200,0,38785.0
111455,Nissan,Hybrid,Automatic,First,2014,52351,1000,0,19740.0
111456,Audi,Petrol,Automatic,Second,2022,66389,1800,0,35590.0
111457,Volkswagen,Petrol,Automatic,First,2020,3000,1600,2,26978.0
111458,Toyota,Diesel,Automatic,First,2020,96294,1000,0,22491.0
111459,Audi,Petrol,Manual,First,2023,7570,1600,1,37142.0
111460,Honda,Petrol,Automatic,First,2017,58709,1600,1,24163.0
111461,Volkswagen,Diesel,Manual,Second,2015,96135,2000,0,15965.0
111462,Mercedes,Diesel,Automatic,Second,2023,64359,1600,0,35804.0
111463,Honda,Diesel,Manual,Second,2023,80492,1800,0,25701.0
111464,Ford,Petrol,Automatic,First,2020,103428,3500,0,26941.0
111465,Kia,Petrol,Automatic,First,2022,89641,1400,1,20678.0
111466,Toyota,Diesel,Automatic,First,2020,72888,2200,2,25461.0
111467,Ford,Petrol,Automatic,Second,2013,148017,1400,1,8351.0
111468,Nissan,Petrol,Automatic,Second,2021,22161,1800,0,22529.0
111469,Toyota,Petrol,Automatic,Third,2017,77260,1200,0,14719.0
111470,Kia,Petrol,Automatic,First,2022,82336,3500,0,27286.0
111471,Toyota,Petrol,Automatic,First,2015,11557,3500,0,35114.0
111472,Audi,Petrol,Automatic,First,2014,46630,2500,1,29092.0
111473,BMW,Petrol,Automatic,Second,2021,33574,1600,2,36525.0
111474,Hyundai,Diesel,Automatic,First,2017,66476,1000,0,13973.0
111475,Audi,Petrol,Automatic,First,2022,53400,1200,0,39370.0
111476,Kia,Petrol,Manual,Third,2023,123873,2200,2,17074.0
111477,Toyota,Electric,Manual,Second,2025,98305,2200,0,37809.0
111478,Audi,Hybrid,Manual,First,2025,74138,1200,0,41666.0
111479,BMW,Petrol,Automatic,First,2019,63680,2500,1,38120.0
111480,Ford,Electric,Automatic,Second,2020,3000,1000,0,29138.0
111481,Audi,Petrol,Automatic,Second,2023,13282,1600,0,37766.0
111482,Nissan,Petrol,Automatic,Second,2020,78102,2500,0,24732.0
111483,Ford,Electric,Manual,First,2013,71173,1800,0,21962.0
111484,Kia,Hybrid,Automatic,Second,2024,11994,2500,1,33223.0
111485,Ford,Diesel,Manual,Second,2019,83544,2500,1,24305.0
111486,Toyota,Diesel,Manual,Second,2022,52533,3000,0,30136.0
111487,Volkswagen,Diesel,Manual,First,2019,31719,1000,0,22236.0
111488,Volkswagen,Petrol,Automatic,First,2016,72063,1000,0,17782.0
111489,Mercedes,Petrol,Automatic,First,2015,82067,3000,2,35481.0
111490,Nissan,Diesel,Automatic,Third,2020,44823,2200,0,23477.0
111491,Toyota,Electric,Automatic,First,2015,84077,3000,1,31851.0
111492,Kia,Petrol,Manual,First,2023,41991,1200,0,19298.0
111493,Honda,Hybrid,Automatic,First,2021,48977,2500,1,31680.0
111494,Volkswagen,Petrol,Automatic,Second,2015,3000,1000,0,18214.0
111495,Kia,Diesel,Automatic,Second,2014,75095,1600,0,11457.0
111496,Ford,Diesel,Automatic,Second,2021,15417,2500,0,29262.0
111497,Audi,Diesel,Automatic,Second,2024,35296,1600,0,39019.0
111498,Volkswagen,Petrol,Automatic,Third,2023,49625,1400,0,27027.0
111499,Toyota,Petrol,Automatic,First,2024,98019,2200,0,30018.0
111500,Volkswagen,Diesel,Manual,Second,2014,48284,1800,0,15847.0
111501,BMW,Petrol,Automatic,First,2014,100122,1000,0,23021.0
111502,BMW,Petrol,Automatic,First,2022,19694,1600,0,40456.0
111503,BMW,Diesel,Automatic,First,2018,79632,1600,1,32469.0
111504,Nissan,Diesel,Manual,First,2024,90465,1000,0,18483.0
111505,Volkswagen,Petrol,Automatic,First,2016,62525,3500,0,25024.0
111506,Mercedes,Diesel,Manual,First,2020,97133,1800,0,31868.0
111507,Kia,Electric,Automatic,First,2013,54969,1200,0,15887.0
111508,BMW,Petrol,Automatic,First,2025,67077,2500,0,41170.0
111509,Ford,Diesel,Automatic,First,2015,3000,3000,0,25834.0
111510,Toyota,Petrol,Manual,Second,2013,49837,1200,1,12025.0
111511,Nissan,Petrol,Automatic,Third,2022,31117,3500,1,34039.0
111512,Hyundai,Petrol,Automatic,Third,2019,92971,3500,0,22554.0
111513,BMW,Petrol,Automatic,Second,2015,89785,1600,0,25763.0
111514,Kia,Hybrid,Automatic,Second,2012,100371,1200,1,9606.0
111515,Ford,Petrol,Automatic,Second,2021,3000,1800,1,29678.0
111516,Toyota,Diesel,Manual,Second,2014,70505,2200,0,18722.0
111517,Audi,Petrol,Manual,First,2023,74995,1800,0,40027.0
111518,Honda,Petrol,Manual,First,2018,8617,1800,0,24777.0
111519,Ford,Diesel,Automatic,First,2023,21415,1200,0,26309.0
111520,Mercedes,Hybrid,Automatic,Second,2014,129556,1400,0,26494.0
111521,Ford,Hybrid,Automatic,Second,2016,87632,2000,1,18983.0
111522,Ford,Hybrid,Automatic,First,2013,54311,2000,0,21308.0
111523,Mercedes,Petrol,Manual,First,2019,97960,1000,0,29202.0
111524,Audi,Hybrid,Automatic,First,2015,28666,1000,0,29420.0
111525,Nissan,Petrol,Manual,Second,2024,72907,3500,0,35607.0
111526,Volkswagen,Diesel,Manual,First,2012,86797,3000,0,15390.0
111527,Toyota,Electric,Automatic,First,2023,22499,1200,0,38372.0
111528,Ford,Petrol,Manual,First,2015,36900,1200,0,14133.0
111529,Ford,Petrol,Automatic,Second,2019,63997,3000,1,25354.0
111530,Mercedes,Diesel,Automatic,Third,2020,100309,1800,0,32102.0
111531,Kia,Diesel,Automatic,Third,2012,114413,2000,0,6494.0
111532,Ford,Petrol,Manual,First,2025,112908,1400,0,24814.0
111533,Ford,Electric,Automatic,First,2017,87752,2200,1,27245.0
111534,Mercedes,Diesel,Manual,First,2015,66783,1200,1,27461.0
111535,Kia,Petrol,Manual,First,2022,150123,1800,1,18268.0
111536,Mercedes,Petrol,Manual,Second,2019,72356,1600,0,31723.0
111537,Nissan,Hybrid,Manual,First,2012,82575,2500,1,14738.0
111538,Ford,Petrol,Automatic,Second,2016,100672,1200,0,15608.0
111539,BMW,Petrol,Manual,First,2012,37520,1000,1,19716.0
111540,Toyota,Diesel,Automatic,Third,2015,95673,1200,1,15863.0
111541,Kia,Diesel,Automatic,First,2023,39309,1200,0,20778.0
111542,BMW,Diesel,Automatic,First,2013,94153,2500,1,27523.0
111543,Mercedes,Petrol,Automatic,Second,2024,97203,1000,1,31385.0
111544,Ford,Hybrid,Manual,Second,2021,84709,1000,1,21177.0
111545,Mercedes,Electric,Automatic,Second,2020,71923,3500,0,47900.0
111546,Volkswagen,Petrol,Automatic,Third,2013,109199,1000,0,8623.0
111547,Volkswagen,Diesel,Automatic,First,2015,20451,1400,1,21400.0
111548,Nissan,Electric,Automatic,First,2014,49985,1800,0,23087.0
111549,Ford,Diesel,Automatic,Third,2012,39311,2500,0,15127.0
111550,Ford,Diesel,Automatic,First,2023,59832,2500,2,31098.0
111551,BMW,Petrol,Manual,First,2012,60836,3500,0,29813.0
111552,Hyundai,Diesel,Automatic,Second,2013,59707,1800,1,9892.0
111553,Ford,Diesel,Automatic,Second,2019,141095,1800,1,17471.0
111554,Nissan,Diesel,Automatic,First,2013,49497,2200,1,16471.0
111555,Kia,Electric,Automatic,First,2025,60878,1000,0,31572.0
111556,Kia,Petrol,Manual,First,2012,123115,1000,1,4268.0
111557,Mercedes,Petrol,Automatic,First,2017,91113,1000,0,27817.0
111558,BMW,Petrol,Automatic,Third,2012,76880,2500,0,22360.0
111559,Audi,Diesel,Automatic,First,2021,109396,2500,0,37123.0
111560,Honda,Petrol,Manual,First,2020,35321,1600,0,25026.0
111561,Mercedes,Diesel,Automatic,Second,2017,101549,1800,0,32455.0
111562,Ford,Petrol,Automatic,Second,2021,107442,2200,0,22994.0
111563,Mercedes,Diesel,Automatic,Second,2017,113074,2000,0,29594.0
111564,Audi,Petrol,Manual,First,2012,82749,1200,0,18704.0
111565,Honda,Hybrid,Manual,Second,2018,52881,2200,0,27728.0
111566,Audi,Diesel,Automatic,First,2014,100788,1200,1,20147.0
111567,Audi,Electric,Manual,First,2012,27917,1600,0,32492.0
111568,Volkswagen,Diesel,Automatic,Second,2020,87820,1600,0,23533.0
111569,Kia,Petrol,Automatic,First,2019,79649,1800,1,16301.0
111570,Hyundai,Petrol,Automatic,Second,2015,74859,1000,0,9936.0
111571,Ford,Electric,Manual,First,2014,63356,1400,0,18382.0
111572,Nissan,Diesel,Automatic,Third,2013,113260,2500,0,11166.0
111573,BMW,Petrol,Manual,First,2013,82399,2000,1,25397.0
111574,Mercedes,Diesel,Automatic,Third,2024,92647,1400,0,36650.0
111575,Ford,Petrol,Manual,Second,2022,68311,1200,0,18804.0
111576,Volkswagen,Petrol,Automatic,Second,2014,100242,2000,0,14586.0
111577,Kia,Petrol,Automatic,First,2012,55006,1400,0,12307.0
111578,Mercedes,Hybrid,Automatic,Third,2023,30640,2200,1,44473.0
111579,BMW,Petrol,Automatic,First,2021,50048,2200,0,37061.0
111580,Hyundai,Petrol,Automatic,First,2018,47113,1200,0,19786.0
111581,Ford,Petrol,Automatic,Second,2013,3000,1600,0,17236.0
111582,Nissan,Petrol,Manual,First,2023,65477,1400,0,24803.0
111583,Kia,Diesel,Automatic,First,2017,24454,2500,0,24086.0
111584,Toyota,Petrol,Automatic,Second,2023,56689,2500,1,29905.0
111585,Ford,Petrol,Automatic,First,2025,66357,1600,0,29040.0
111586,Audi,Electric,Automatic,Second,2017,45104,1600,1,33166.0
111587,Audi,Petrol,Automatic,Second,2022,69901,2000,0,35867.0
111588,Nissan,Petrol,Manual,First,2025,59765,2000,1,28131.0
111589,Honda,Diesel,Automatic,First,2015,34802,2000,1,23674.0
111590,Nissan,Diesel,Manual,Second,2015,43536,1200,0,14193.0
111591,Kia,Hybrid,Automatic,Second,2012,85199,2500,0,16505.0
111592,Audi,Petrol,Manual,First,2022,78890,2200,1,32426.0
111593,Hyundai,Hybrid,Automatic,First,2017,139716,1200,1,15179.0
111594,Hyundai,Hybrid,Automatic,First,2019,43924,2500,0,29831.0
111595,Audi,Diesel,Automatic,Second,2024,58572,1000,0,34965.0
111596,Kia,Petrol,Manual,Second,2024,43567,3500,0,30550.0
111597,Volkswagen,Petrol,Manual,First,2021,33385,2200,0,28127.0
111598,BMW,Diesel,Automatic,Second,2015,43104,2000,0,27817.0
111599,BMW,Hybrid,Automatic,Second,2012,39182,3000,0,36343.0
111600,Kia,Diesel,Manual,First,2015,70291,1400,0,11301.0
111601,Toyota,Petrol,Automatic,Second,2013,46358,3000,2,22972.0
111602,BMW,Petrol,Automatic,Second,2015,50084,1800,0,27796.0
111603,Mercedes,Diesel,Manual,Third,2019,46144,1800,0,36684.0
111604,BMW,Diesel,Manual,First,2024,45676,2000,0,41444.0
111605,Mercedes,Petrol,Manual,First,2014,58498,1400,0,26307.0
111606,Audi,Petrol,Manual,Third,2023,134728,1600,0,26048.0
111607,Volkswagen,Petrol,Automatic,First,2025,77490,3500,0,39070.0
111608,Nissan,Diesel,Automatic,First,2024,84205,2000,0,27596.0
111609,Volkswagen,Diesel,Manual,First,2016,6395,1800,0,18331.0
111610,BMW,Hybrid,Manual,Second,2021,64651,3500,0,42170.0
111611,BMW,Diesel,Manual,First,2022,43446,2500,0,39289.0
111612,Kia,Petrol,Manual,Third,2013,75081,2200,0,12744.0
111613,Nissan,Diesel,Automatic,First,2020,92780,1000,0,18526.0
111614,BMW,Electric,Automatic,Second,2025,67269,2000,0,48860.0
111615,Honda,Electric,Automatic,First,2014,60567,1800,0,27675.0
111616,Honda,Hybrid,Manual,First,2012,62245,3500,0,28448.0
111617,Toyota,Petrol,Automatic,First,2018,56449,3000,0,32402.0
111618,Audi,Hybrid,Manual,Third,2022,3000,1400,1,39798.0
111619,Mercedes,Hybrid,Automatic,Second,2016,57603,1600,0,29652.0
111620,Volkswagen,Diesel,Automatic,Second,2020,34413,1600,0,25095.0
111621,Audi,Petrol,Automatic,Second,2014,3000,1600,0,29326.0
111622,Mercedes,Electric,Manual,First,2022,71309,3000,0,50569.0
111623,Mercedes,Diesel,Automatic,Second,2012,16478,2500,2,29803.0
111624,Ford,Petrol,Manual,First,2018,67966,3000,0,23918.0
111625,BMW,Petrol,Automatic,Second,2019,42931,1600,0,31866.0
111626,Toyota,Diesel,Automatic,First,2022,25436,1400,0,29852.0
111627,BMW,Petrol,Automatic,Second,2013,86779,1800,0,25516.0
111628,Toyota,Petrol,Manual,Second,2013,82280,1200,0,12855.0
111629,Audi,Diesel,Automatic,First,2020,80090,1800,0,32851.0
111630,Kia,Hybrid,Manual,First,2024,50361,1200,0,25578.0
111631,Kia,Diesel,Automatic,First,2015,33055,3500,0,26753.0
111632,Audi,Petrol,Automatic,Third,2012,46980,1200,1,17636.0
111633,Nissan,Diesel,Automatic,First,2025,60022,2200,0,32250.0
111634,Honda,Petrol,Automatic,First,2020,23449,3500,0,34101.0
111635,Mercedes,Petrol,Automatic,First,2020,76824,1600,1,33758.0
111636,Toyota,Petrol,Automatic,Third,2017,109666,2000,1,18065.0
111637,Hyundai,Hybrid,Manual,Second,2017,53964,3000,0,21297.0
111638,BMW,Petrol,Automatic,First,2025,64191,3500,1,45548.0
111639,Audi,Petrol,Automatic,Second,2020,121083,1400,0,31774.0
111640,Mercedes,Petrol,Automatic,Third,2013,85404,1000,1,20422.0
111641,Toyota,Diesel,Automatic,Second,2020,73171,1400,0,18662.0
111642,Volkswagen,Electric,Automatic,First,2024,47497,1400,0,36247.0
111643,Nissan,Electric,Manual,First,2015,95616,1400,0,20542.0
111644,BMW,Petrol,Manual,First,2015,66957,1600,0,27781.0
111645,Kia,Petrol,Manual,First,2024,72869,1400,0,19605.0
111646,Audi,Petrol,Automatic,Second,2020,3000,1800,0,31413.0
111647,Kia,Hybrid,Automatic,Second,2018,96337,2500,0,21499.0
111648,Toyota,Petrol,Automatic,Second,2023,69424,1400,0,27601.0
111649,Kia,Petrol,Automatic,Second,2021,45668,3500,0,26528.0
111650,BMW,Diesel,Automatic,First,2023,91344,2000,2,34639.0
111651,Honda,Petrol,Automatic,Second,2025,76662,1000,1,23558.0
111652,Mercedes,Petrol,Manual,Second,2016,93446,1600,0,30847.0
111653,Honda,Petrol,Manual,First,2019,43211,1000,0,22193.0
111654,Audi,Petrol,Automatic,Second,2023,48961,1200,1,31590.0
111655,Honda,Diesel,Manual,First,2024,51831,1400,0,28421.0
111656,Ford,Electric,Manual,First,2012,39426,1800,1,20268.0
111657,Mercedes,Petrol,Automatic,First,2018,56588,3000,0,38283.0
111658,Toyota,Petrol,Manual,First,2015,87658,3000,0,24220.0
111659,Mercedes,Electric,Automatic,First,2024,41907,1400,1,47574.0
111660,Ford,Hybrid,Manual,First,2013,74554,2500,0,21164.0
111661,Hyundai,Petrol,Automatic,Third,2013,3000,1200,1,11883.0
111662,Honda,Diesel,Automatic,Third,2022,77543,3000,0,32035.0
111663,Mercedes,Petrol,Automatic,Third,2023,77628,1600,0,31474.0
111664,Kia,Diesel,Manual,Second,2020,50603,1200,1,10550.0
111665,Toyota,Electric,Automatic,Third,2017,47794,1800,0,30692.0
111666,Volkswagen,Diesel,Automatic,Second,2022,93024,2200,0,27465.0
111667,Audi,Diesel,Automatic,Third,2015,31218,2000,0,28141.0
111668,Audi,Petrol,Automatic,Second,2013,114038,3000,1,23267.0
111669,Audi,Diesel,Manual,Second,2018,62330,2200,0,28934.0
111670,Mercedes,Diesel,Manual,First,2020,48161,2000,1,37285.0
111671,Honda,Diesel,Manual,Second,2013,13403,2500,0,21373.0
111672,Mercedes,Petrol,Manual,Third,2015,84477,2200,0,26335.0
111673,BMW,Diesel,Manual,First,2025,67427,2200,0,41092.0
111674,Kia,Diesel,Manual,First,2012,83772,2500,0,12450.0
111675,Volkswagen,Petrol,Manual,First,2012,106587,2000,0,12920.0
111676,Volkswagen,Petrol,Automatic,Second,2014,42256,3500,0,26203.0
111677,Kia,Petrol,Automatic,Second,2012,52276,1800,1,11885.0
111678,Ford,Diesel,Manual,First,2015,35330,1600,0,17693.0
111679,Nissan,Diesel,Manual,First,2025,42684,2500,0,31646.0
111680,BMW,Hybrid,Manual,Third,2017,96516,3000,0,34871.0
111681,Toyota,Petrol,Automatic,Second,2024,89144,3000,0,36846.0
111682,Volkswagen,Electric,Manual,First,2016,68432,1600,0,26861.0
111683,Audi,Diesel,Manual,Second,2020,81723,3000,0,35207.0
111684,Mercedes,Petrol,Automatic,First,2024,118695,1200,1,36188.0
111685,Ford,Petrol,Automatic,First,2025,53410,2200,0,33630.0
111686,Nissan,Petrol,Automatic,Second,2023,90120,1600,0,22774.0
111687,Kia,Electric,Manual,Second,2022,83900,1600,2,22142.0
111688,Hyundai,Petrol,Manual,First,2013,41896,2500,0,13529.0
111689,Toyota,Petrol,Manual,First,2013,61621,1400,2,11311.0
111690,Nissan,Petrol,Automatic,First,2023,45339,1800,0,29346.0
111691,Audi,Hybrid,Manual,Third,2014,110343,1800,1,26346.0
111692,Nissan,Petrol,Automatic,Second,2015,30900,1400,0,16933.0
111693,Volkswagen,Petrol,Automatic,First,2020,3000,1600,1,26873.0
111694,Mercedes,Petrol,Automatic,First,2022,17957,3000,0,46978.0
111695,Kia,Petrol,Manual,First,2017,48252,1400,0,15361.0
111696,Nissan,Petrol,Automatic,Second,2024,73290,3500,0,30552.0
111697,Toyota,Diesel,Automatic,First,2020,20475,3000,0,36356.0
111698,Nissan,Hybrid,Automatic,First,2016,72424,3500,0,29551.0
111699,Hyundai,Hybrid,Automatic,Second,2020,75883,1000,1,15190.0
111700,Ford,Hybrid,Manual,First,2020,53612,1800,0,27398.0
111701,Volkswagen,Petrol,Automatic,First,2012,59892,1800,0,18009.0
111702,Mercedes,Hybrid,Manual,First,2020,80213,3000,1,38878.0
111703,Audi,Petrol,Manual,Second,2018,73288,2500,0,32580.0
111704,Kia,Petrol,Automatic,Second,2022,68858,2200,1,21503.0
111705,Kia,Electric,Manual,First,2019,5662,1000,0,26067.0
111706,Ford,Hybrid,Automatic,First,2014,46791,2200,2,20871.0
111707,Honda,Diesel,Manual,First,2012,30458,1200,0,18669.0
111708,Honda,Hybrid,Automatic,First,2015,83321,3000,0,28610.0
111709,Audi,Electric,Manual,First,2012,50914,1400,0,29438.0
111710,Nissan,Diesel,Manual,Second,2012,108555,3000,1,8398.0
111711,Hyundai,Diesel,Automatic,Third,2015,101061,1800,0,9840.0
111712,Kia,Hybrid,Automatic,Second,2019,105298,1600,0,20043.0
111713,Nissan,Petrol,Automatic,Second,2023,53831,1800,0,27750.0
111714,Kia,Petrol,Automatic,Second,2012,45785,1200,0,5845.0
111715,Kia,Hybrid,Automatic,Second,2021,54248,2500,0,27303.0
111716,Nissan,Petrol,Manual,Second,2021,93402,2500,0,25056.0
111717,Ford,Petrol,Automatic,Second,2023,100225,2500,0,26781.0
111718,Honda,Petrol,Automatic,First,2020,57135,2500,0,29456.0
111719,BMW,Petrol,Automatic,First,2017,99010,2200,0,29014.0
111720,Toyota,Electric,Automatic,First,2024,57899,1200,0,36253.0
111721,Ford,Diesel,Automatic,Third,2016,70942,2500,0,21745.0
111722,Volkswagen,Diesel,Manual,Second,2020,51610,2000,0,25198.0
111723,Hyundai,Electric,Manual,First,2020,125067,1800,0,23751.0
111724,Hyundai,Electric,Automatic,Second,2020,121138,1200,0,23734.0
111725,Toyota,Diesel,Automatic,First,2024,88669,1400,0,30706.0
111726,Hyundai,Electric,Automatic,Third,2024,57764,1600,0,29818.0
111727,Nissan,Petrol,Manual,First,2023,13595,1600,0,26954.0
111728,Hyundai,Petrol,Manual,Second,2014,66952,1800,3,5964.0
111729,BMW,Petrol,Manual,Second,2023,82362,1200,2,28718.0
111730,Hyundai,Diesel,Automatic,Third,2023,22493,3000,0,26719.0
111731,Kia,Diesel,Manual,Second,2019,117518,3000,0,20756.0
111732,Ford,Diesel,Automatic,Second,2021,107434,3000,0,30017.0
111733,Nissan,Diesel,Automatic,First,2025,37798,1800,1,32809.0
111734,Honda,Petrol,Manual,First,2015,69370,1600,0,18176.0
111735,Hyundai,Petrol,Automatic,First,2015,71736,3000,0,20133.0
111736,Audi,Diesel,Automatic,Second,2023,63786,2500,0,39516.0
111737,Audi,Petrol,Automatic,First,2018,72774,2200,2,32184.0
111738,Audi,Diesel,Automatic,First,2019,46129,1800,0,30964.0
111739,Hyundai,Diesel,Automatic,Second,2015,61382,2500,0,14927.0
111740,Volkswagen,Diesel,Automatic,Second,2022,69765,1800,0,23618.0
111741,Kia,Petrol,Automatic,First,2021,46356,1200,0,20016.0
111742,Mercedes,Diesel,Manual,First,2024,86835,2000,1,37031.0
111743,Hyundai,Hybrid,Automatic,Third,2017,65670,1200,0,18559.0
111744,Volkswagen,Electric,Manual,Second,2012,50115,3500,0,26049.0
111745,Mercedes,Hybrid,Automatic,First,2024,37878,3000,0,48962.0
111746,Toyota,Diesel,Automatic,Second,2013,83872,2200,0,18059.0
111747,BMW,Petrol,Automatic,First,2023,67813,1400,0,37277.0
111748,Kia,Diesel,Automatic,First,2016,42395,3500,0,23711.0
111749,Hyundai,Electric,Manual,First,2015,55571,2500,0,24845.0
111750,Ford,Petrol,Automatic,Second,2025,54478,1000,2,20976.0
111751,Nissan,Petrol,Manual,Third,2014,90352,3000,0,12203.0
111752,Ford,Petrol,Manual,First,2022,111011,2200,0,24953.0
111753,Ford,Diesel,Automatic,First,2025,60613,3500,0,36787.0
111754,Toyota,Petrol,Automatic,First,2017,76104,1200,0,18381.0
111755,Nissan,Petrol,Automatic,Second,2021,83832,2500,0,22587.0
111756,Toyota,Hybrid,Automatic,First,2017,30464,2000,0,28269.0
111757,Mercedes,Diesel,Automatic,Second,2024,66529,2000,0,40872.0
111758,Toyota,Petrol,Manual,First,2022,78498,1600,0,27732.0
111759,Audi,Petrol,Automatic,Second,2025,80614,1800,0,35639.0
111760,BMW,Petrol,Manual,First,2021,57157,3000,0,41320.0
111761,Audi,Diesel,Manual,Third,2019,25983,2200,0,29981.0
111762,Hyundai,Petrol,Automatic,First,2013,79994,1000,0,8364.0
111763,Mercedes,Diesel,Automatic,Second,2018,72175,1200,0,29933.0
111764,Volkswagen,Hybrid,Manual,Second,2018,89950,1000,0,20446.0
111765,Mercedes,Diesel,Automatic,Second,2013,3000,3000,0,35694.0
111766,Volkswagen,Petrol,Automatic,First,2024,65992,3500,0,39106.0
111767,BMW,Diesel,Automatic,First,2017,55197,1000,0,32494.0
111768,Toyota,Hybrid,Manual,Second,2016,50359,1400,1,22989.0
111769,Toyota,Petrol,Manual,Second,2013,28280,2000,2,17248.0
111770,Nissan,Petrol,Automatic,First,2020,35627,2000,0,24277.0
111771,Hyundai,Diesel,Automatic,First,2019,69147,3000,1,25993.0
111772,Ford,Diesel,Manual,First,2018,42822,3000,0,25153.0
111773,Honda,Petrol,Manual,Second,2025,35821,1600,0,32161.0
111774,Mercedes,Diesel,Automatic,Second,2017,63160,1000,0,28107.0
111775,Mercedes,Diesel,Manual,Second,2016,40481,3500,0,34876.0
111776,Hyundai,Electric,Automatic,First,2024,62895,3000,0,36390.0
111777,Audi,Petrol,Automatic,First,2020,61848,1200,0,26213.0
111778,Kia,Hybrid,Automatic,Second,2016,70645,3500,0,26100.0
111779,Hyundai,Petrol,Automatic,First,2024,36862,3500,1,32262.0
111780,Honda,Diesel,Manual,First,2017,90432,1600,1,14411.0
111781,Toyota,Diesel,Automatic,Second,2014,87533,2200,2,17144.0
111782,Volkswagen,Petrol,Automatic,First,2020,63674,1200,2,21103.0
111783,Audi,Hybrid,Manual,Second,2022,74747,3000,0,39739.0
111784,Audi,Petrol,Manual,First,2025,77990,1800,0,36133.0
111785,Nissan,Diesel,Automatic,First,2019,81728,3500,0,30424.0
111786,BMW,Petrol,Manual,First,2020,80007,3000,0,38058.0
111787,Honda,Diesel,Manual,Second,2012,78759,3000,0,15471.0
111788,Audi,Petrol,Manual,First,2012,73412,2500,0,25253.0
111789,Honda,Hybrid,Manual,Second,2024,76251,1400,0,29138.0
111790,Hyundai,Hybrid,Automatic,First,2013,3000,3000,0,22387.0
111791,Volkswagen,Hybrid,Automatic,First,2015,30932,1400,0,22723.0
111792,Volkswagen,Petrol,Manual,First,2021,81506,3000,0,25537.0
111793,Mercedes,Diesel,Manual,Third,2016,32959,1200,0,24102.0
111794,Toyota,Petrol,Automatic,First,2024,65278,2200,1,28971.0
111795,Mercedes,Hybrid,Automatic,Second,2018,40462,1200,0,33323.0
111796,Audi,Diesel,Manual,Third,2015,71808,1800,1,25317.0
111797,BMW,Diesel,Automatic,First,2024,3000,1200,0,41863.0
111798,Mercedes,Diesel,Automatic,Second,2012,73367,2500,0,29508.0
111799,Mercedes,Petrol,Automatic,First,2019,60452,1200,1,31444.0
111800,Mercedes,Diesel,Automatic,First,2022,35898,3000,0,45226.0
111801,Honda,Petrol,Automatic,First,2014,91895,1200,0,17887.0
111802,Hyundai,Electric,Automatic,Second,2020,115489,1600,1,22546.0
111803,BMW,Hybrid,Automatic,First,2013,3000,2200,0,37831.0
111804,Volkswagen,Diesel,Manual,First,2022,44998,3000,0,30493.0
111805,Nissan,Electric,Manual,First,2012,19409,1400,0,20929.0
111806,Honda,Petrol,Manual,First,2021,11893,1200,1,29378.0
111807,Audi,Electric,Manual,Second,2019,67843,2000,0,36012.0
111808,BMW,Petrol,Manual,First,2025,32659,1000,1,35902.0
111809,Volkswagen,Diesel,Automatic,Third,2014,32642,1800,0,19406.0
111810,BMW,Diesel,Automatic,Second,2012,42102,2500,0,31227.0
111811,Kia,Petrol,Automatic,Second,2022,62753,1400,1,18509.0
111812,Kia,Petrol,Automatic,First,2014,98228,1800,0,9280.0
111813,Mercedes,Petrol,Automatic,First,2019,74629,3000,0,38897.0
111814,Mercedes,Electric,Manual,Second,2022,73899,1000,0,36613.0
111815,Kia,Petrol,Automatic,First,2015,39715,3000,0,16950.0
111816,Nissan,Diesel,Automatic,First,2021,91357,1000,0,21022.0
111817,Volkswagen,Hybrid,Manual,First,2022,97001,1600,0,25702.0
111818,Audi,Petrol,Automatic,Third,2018,91201,1000,1,23974.0
111819,Toyota,Diesel,Manual,First,2019,42131,2500,1,30849.0
111820,Toyota,Diesel,Automatic,First,2018,88793,2200,0,21900.0
111821,Honda,Petrol,Automatic,Second,2012,101361,1400,0,12556.0
111822,Nissan,Hybrid,Manual,First,2015,89677,1800,1,17332.0
111823,Nissan,Petrol,Manual,First,2024,59557,1200,0,22867.0
111824,Audi,Petrol,Automatic,First,2024,39751,3500,0,47179.0
111825,BMW,Diesel,Automatic,First,2021,70547,1800,1,34797.0
111826,Toyota,Petrol,Manual,First,2020,49644,1800,1,22678.0
111827,BMW,Electric,Automatic,First,2018,3000,3000,0,49931.0
111828,BMW,Hybrid,Manual,First,2023,45475,1800,1,40897.0
111829,Nissan,Diesel,Manual,First,2012,72767,1200,1,7087.0
111830,BMW,Petrol,Automatic,First,2019,78033,1400,0,30240.0
111831,Toyota,Petrol,Manual,Second,2015,111064,2000,0,14360.0
111832,Volkswagen,Petrol,Manual,First,2025,105920,1000,1,23518.0
111833,Ford,Diesel,Automatic,First,2025,79190,2000,1,29522.0
111834,BMW,Hybrid,Manual,Second,2025,40579,1800,0,43844.0
111835,Audi,Petrol,Manual,Second,2023,68182,1200,1,33534.0
111836,Hyundai,Petrol,Automatic,First,2018,52065,1200,0,17544.0
111837,Mercedes,Diesel,Manual,Third,2024,3000,1200,1,36563.0
111838,Audi,Petrol,Automatic,Second,2017,145025,1400,1,20296.0
111839,Kia,Diesel,Automatic,First,2018,31700,3500,0,30623.0
111840,Toyota,Diesel,Manual,Third,2021,9334,1200,1,27461.0
111841,Hyundai,Diesel,Automatic,First,2021,8499,1400,1,19544.0
111842,Mercedes,Petrol,Manual,Third,2012,58547,3000,0,27601.0
111843,Audi,Electric,Automatic,First,2023,94911,1400,0,45497.0
111844,Hyundai,Petrol,Automatic,First,2017,43524,2200,0,16916.0
111845,Ford,Hybrid,Manual,Second,2023,80822,1400,0,23838.0
111846,Toyota,Petrol,Manual,First,2014,75600,2000,0,20158.0
111847,Volkswagen,Hybrid,Manual,First,2021,55386,3000,0,37502.0
111848,Honda,Diesel,Manual,Second,2015,33729,2000,1,22535.0
111849,Nissan,Petrol,Automatic,First,2012,90338,1600,0,12476.0
111850,Ford,Hybrid,Manual,Third,2025,69687,1800,0,28913.0
111851,Kia,Diesel,Automatic,First,2024,64893,2500,0,30281.0
111852,Nissan,Petrol,Automatic,Second,2025,102316,2500,0,30205.0
111853,Volkswagen,Petrol,Automatic,First,2024,73883,2200,0,31007.0
111854,Ford,Diesel,Manual,First,2021,41802,1800,1,25235.0
111855,Mercedes,Diesel,Automatic,First,2019,95644,3000,0,38438.0
111856,Hyundai,Diesel,Automatic,Second,2025,105246,1000,0,17816.0
111857,Toyota,Diesel,Automatic,First,2013,76681,1600,1,19183.0
111858,Hyundai,Diesel,Automatic,First,2014,58727,3500,1,24867.0
111859,BMW,Hybrid,Manual,First,2018,116283,2200,1,31245.0
111860,Audi,Diesel,Automatic,First,2013,111673,1800,1,20798.0
111861,Kia,Petrol,Automatic,First,2023,77480,1600,0,16982.0
111862,BMW,Electric,Automatic,Second,2015,24543,1800,0,37940.0
111863,BMW,Petrol,Automatic,First,2023,44058,1000,0,39055.0
111864,Kia,Petrol,Automatic,First,2018,134585,1600,1,12060.0
111865,Audi,Diesel,Automatic,Third,2023,45622,1000,1,33419.0
111866,Mercedes,Petrol,Automatic,Second,2014,100138,1200,1,20667.0
111867,Audi,Petrol,Automatic,Third,2013,32852,3000,0,29014.0
111868,Toyota,Petrol,Manual,Third,2019,43948,1800,0,19210.0
111869,Hyundai,Diesel,Manual,First,2013,49008,3000,0,17773.0
111870,Mercedes,Electric,Automatic,Third,2021,81534,3000,0,46280.0
111871,Honda,Diesel,Automatic,First,2018,73007,3500,0,31262.0
111872,Hyundai,Diesel,Manual,Third,2022,145664,1800,0,16792.0
111873,Mercedes,Petrol,Automatic,First,2014,13487,1400,0,33732.0
111874,Audi,Petrol,Automatic,First,2015,11196,1600,0,29960.0
111875,Kia,Petrol,Automatic,Second,2017,46882,1800,1,19441.0
111876,Audi,Petrol,Manual,Second,2022,74232,2000,0,33026.0
111877,Honda,Petrol,Manual,Second,2014,76843,2000,1,15393.0
111878,Mercedes,Petrol,Automatic,First,2012,62351,2500,0,30357.0
111879,Toyota,Petrol,Automatic,First,2023,34834,2500,0,39302.0
111880,Audi,Diesel,Automatic,Second,2019,60828,2500,1,32233.0
111881,Mercedes,Hybrid,Automatic,First,2015,36159,1400,0,35726.0
111882,Hyundai,Electric,Automatic,Second,2012,63888,1600,0,16787.0
111883,Honda,Diesel,Manual,First,2013,92006,1600,0,15745.0
111884,Toyota,Petrol,Automatic,First,2017,3000,2200,0,27808.0
111885,Mercedes,Diesel,Automatic,Second,2012,98157,1800,0,21903.0
111886,Ford,Petrol,Automatic,Second,2020,9007,1600,0,26922.0
111887,Audi,Diesel,Automatic,Third,2025,30900,3500,0,46877.0
111888,Honda,Hybrid,Manual,First,2018,141712,1800,0,21077.0
111889,Toyota,Diesel,Automatic,Third,2019,47370,1000,1,17213.0
111890,Toyota,Electric,Automatic,Third,2019,94453,1600,1,25970.0
111891,BMW,Diesel,Automatic,Second,2017,107138,2200,0,29059.0
111892,Nissan,Diesel,Automatic,Second,2019,95139,1400,0,19747.0
111893,Honda,Petrol,Manual,Second,2018,14514,2200,0,23478.0
111894,Toyota,Electric,Automatic,First,2012,55677,1800,0,26720.0
111895,Mercedes,Petrol,Automatic,Second,2014,35508,1000,1,27916.0
111896,BMW,Electric,Automatic,Second,2020,75596,1600,1,36464.0
111897,Nissan,Petrol,Manual,Third,2019,44950,3500,0,22914.0
111898,Hyundai,Petrol,Manual,Second,2016,100516,1400,0,12416.0
111899,Mercedes,Hybrid,Manual,Second,2012,83489,1600,0,30490.0
111900,Audi,Petrol,Automatic,Second,2013,47979,2000,1,23775.0
111901,Nissan,Hybrid,Manual,First,2021,63057,3500,0,32406.0
111902,Honda,Petrol,Automatic,First,2025,76796,1600,0,30041.0
111903,Audi,Hybrid,Automatic,Second,2021,61863,2200,0,38230.0
111904,Volkswagen,Diesel,Manual,First,2020,37901,2500,0,27957.0
111905,Volkswagen,Diesel,Automatic,First,2023,54735,1400,0,28688.0
111906,Honda,Petrol,Automatic,Second,2021,48768,1400,1,22353.0
111907,Hyundai,Petrol,Automatic,Second,2019,4405,1200,1,19441.0
111908,Nissan,Hybrid,Automatic,Second,2020,89750,2000,0,22164.0
111909,BMW,Petrol,Automatic,Second,2013,44816,2000,0,30337.0
111910,Ford,Petrol,Automatic,First,2014,46901,1000,0,18280.0
111911,Toyota,Diesel,Automatic,First,2014,86787,3000,0,26045.0
111912,Ford,Diesel,Manual,Second,2012,72264,1200,1,5104.0
111913,Volkswagen,Petrol,Manual,Second,2013,54576,1600,0,14956.0
111914,Volkswagen,Petrol,Automatic,First,2021,69225,3000,0,31078.0
111915,Hyundai,Petrol,Automatic,First,2016,49978,2200,0,19224.0
111916,Ford,Hybrid,Manual,Second,2018,33332,1400,0,19310.0
111917,Ford,Petrol,Manual,Second,2017,54381,3500,0,25471.0
111918,BMW,Electric,Automatic,First,2025,53549,1200,0,46946.0
111919,Hyundai,Petrol,Automatic,First,2013,41202,3000,0,21491.0
111920,Hyundai,Petrol,Manual,First,2019,22661,1200,0,20092.0
111921,Honda,Diesel,Automatic,First,2015,64572,1600,2,16729.0
111922,Audi,Petrol,Automatic,First,2022,3000,1200,0,36939.0
111923,Hyundai,Diesel,Automatic,First,2013,64844,2200,0,14931.0
111924,Hyundai,Hybrid,Manual,First,2015,52980,2000,0,19015.0
111925,Mercedes,Petrol,Automatic,First,2019,60145,2500,1,37392.0
111926,Nissan,Hybrid,Manual,First,2025,67868,1400,1,27636.0
111927,Nissan,Petrol,Manual,First,2012,83905,2200,0,13040.0
111928,Kia,Petrol,Automatic,Second,2022,45707,2500,0,25178.0
111929,Ford,Petrol,Manual,First,2020,51118,1000,1,19034.0
111930,Toyota,Electric,Automatic,Second,2025,67426,2500,0,38093.0
111931,Ford,Petrol,Automatic,Second,2019,33662,1000,0,18481.0
111932,Honda,Hybrid,Manual,First,2025,38155,2000,0,38765.0
111933,Honda,Diesel,Automatic,First,2019,72609,1200,1,21615.0
111934,Honda,Petrol,Automatic,Second,2021,55057,3000,0,32597.0
111935,Audi,Diesel,Automatic,First,2020,33302,3500,0,41733.0
111936,Toyota,Hybrid,Automatic,First,2025,19223,3500,0,49484.0
111937,Nissan,Diesel,Manual,Second,2018,61150,3500,0,24190.0
111938,BMW,Diesel,Automatic,First,2022,78575,1400,0,30255.0
111939,Nissan,Hybrid,Automatic,Second,2020,85632,1600,1,20746.0
111940,Audi,Petrol,Automatic,Third,2012,22942,3500,0,33952.0
111941,Honda,Electric,Automatic,First,2012,76673,1800,0,24242.0
111942,Audi,Hybrid,Automatic,First,2023,33167,1400,0,37568.0
111943,Nissan,Diesel,Automatic,Second,2015,116303,2200,0,14173.0
111944,BMW,Hybrid,Automatic,Third,2013,55817,1200,0,23502.0
111945,Kia,Diesel,Automatic,First,2019,27819,2200,0,22158.0
111946,Toyota,Diesel,Manual,First,2012,74061,1800,0,14584.0
111947,Audi,Diesel,Automatic,First,2015,62513,3000,0,36551.0
111948,Nissan,Petrol,Automatic,First,2022,86237,1200,1,18721.0
111949,Toyota,Diesel,Manual,First,2022,71532,3000,0,31219.0
111950,Nissan,Petrol,Automatic,First,2025,115014,3000,1,26880.0
111951,Nissan,Petrol,Automatic,Second,2020,53450,2500,0,21837.0
111952,BMW,Petrol,Automatic,Third,2013,90886,1800,0,22135.0
111953,Kia,Petrol,Automatic,Second,2017,45168,1400,0,14777.0
111954,Toyota,Petrol,Automatic,Second,2015,71548,3500,0,26841.0
111955,Honda,Hybrid,Manual,First,2025,50404,1000,0,35675.0
111956,Toyota,Petrol,Automatic,First,2023,98026,3500,0,37464.0
111957,Hyundai,Diesel,Manual,Second,2015,93624,1400,0,6557.0
111958,Honda,Petrol,Manual,First,2017,80314,2000,1,23136.0
111959,Toyota,Petrol,Manual,First,2021,75294,1600,0,25899.0
111960,Mercedes,Petrol,Automatic,First,2024,85804,2000,1,38835.0
111961,Mercedes,Petrol,Automatic,First,2015,93601,1600,0,29280.0
111962,Nissan,Diesel,Automatic,First,2020,68131,3000,0,27122.0
111963,Honda,Diesel,Manual,First,2023,81482,2500,0,30091.0
111964,Toyota,Petrol,Automatic,First,2023,111564,3500,0,36202.0
111965,Nissan,Diesel,Manual,Second,2019,59192,2000,0,21451.0
111966,Ford,Hybrid,Automatic,First,2019,72859,3500,0,32336.0
111967,Nissan,Petrol,Manual,Third,2016,53054,2500,1,18988.0
111968,Audi,Petrol,Automatic,Second,2017,105552,2200,0,28044.0
111969,Mercedes,Diesel,Manual,Second,2012,57666,1800,1,24790.0
111970,Ford,Petrol,Automatic,Third,2012,80316,3000,0,16167.0
111971,Volkswagen,Electric,Manual,First,2020,128721,1600,0,25403.0
111972,Audi,Diesel,Automatic,Second,2023,95131,1600,0,35032.0
111973,Honda,Diesel,Manual,Second,2015,57597,3500,1,21811.0
111974,Nissan,Petrol,Manual,First,2014,89725,3000,0,17896.0
111975,Mercedes,Diesel,Automatic,Second,2016,78088,1600,0,26722.0
111976,Kia,Petrol,Automatic,First,2025,18570,1600,1,27306.0
111977,Mercedes,Electric,Automatic,First,2020,30139,2500,1,50037.0
111978,BMW,Diesel,Automatic,Third,2020,55676,2000,1,33956.0
111979,Mercedes,Petrol,Manual,First,2014,75617,2200,0,30034.0
111980,Kia,Diesel,Automatic,First,2023,47040,1600,2,20117.0
111981,Kia,Petrol,Automatic,Third,2018,65931,1000,0,11827.0
111982,Nissan,Petrol,Automatic,First,2014,49254,1600,0,16517.0
111983,Honda,Diesel,Automatic,Second,2014,37906,1600,0,18112.0
111984,Kia,Diesel,Manual,Third,2015,51778,1200,0,9314.0
111985,Mercedes,Diesel,Automatic,Second,2013,74227,2500,0,31164.0
111986,Honda,Petrol,Automatic,Second,2017,79986,1800,0,20798.0
111987,Toyota,Diesel,Automatic,Second,2016,54575,3000,0,26238.0
111988,Mercedes,Petrol,Automatic,Second,2021,109407,1800,0,36731.0
111989,Hyundai,Diesel,Automatic,First,2021,44036,1600,1,19669.0
111990,Nissan,Diesel,Automatic,First,2024,72595,1400,0,23223.0
111991,Audi,Diesel,Automatic,First,2013,52631,3500,0,33429.0
111992,Nissan,Hybrid,Automatic,Second,2023,39853,3500,0,35466.0
111993,Kia,Hybrid,Automatic,Second,2021,38149,1000,1,23263.0
111994,Volkswagen,Electric,Automatic,Second,2013,62209,2200,0,25154.0
111995,BMW,Electric,Automatic,Second,2025,19056,3000,0,55721.0
111996,Hyundai,Hybrid,Manual,Second,2013,76473,1200,0,13243.0
111997,Kia,Electric,Manual,Second,2015,77134,1600,0,18165.0
111998,Mercedes,Hybrid,Manual,First,2014,84099,2500,1,34636.0
111999,Honda,Diesel,Manual,First,2020,115176,3000,1,25986.0
112000,Hyundai,Petrol,Automatic,First,2024,74753,3000,0,30754.0
